uid,article_comment_agreed_count
1,2280
2,140
3,78
4,163
5,5
8,101
9,3
11,1549
14,28
15,2332
17,245
18,1
21,0
29,2
32,9
35,14
37,0
42,12
54,0
62,11
64,21
80,39
85,0
86,0
92,6
95,-1
99,7
108,4
111,4
112,1
113,11
114,73
117,9
120,0
123,247
126,-1
133,392
135,0
136,41
141,3
148,11
154,17
155,10
156,33
159,7
163,7
164,3
165,543
167,4
168,1
169,0
172,20
173,68
176,1149
180,3
189,8
191,0
193,3
194,1
196,191
200,18
202,1
209,1
210,459
211,0
212,13
214,16
215,2
216,672
219,0
222,2
229,36
232,38
245,129
250,11
251,0
252,10
255,0
259,7
266,4
271,697
275,48
276,0
278,4
279,10
287,-9
290,30
291,36
299,43
303,0
307,1
323,3
327,11
334,37
340,1
344,-6
347,0
349,0
357,61
369,8
377,3
380,47
393,16
400,2
405,28
407,3
414,-14
418,1961
419,909
421,0
422,5
424,0
425,1
427,302
428,0
437,16
440,3
441,0
443,1
449,291
450,48
455,1
456,5
457,55
461,50
466,1
467,2
469,572
471,4
472,0
479,0
484,39
485,6
486,1
490,-7
495,0
505,0
507,1
515,4
516,478
518,136
521,16
524,979
528,10
529,0
539,21
549,10
551,0
555,54
558,45
560,11
565,22
568,2
569,1148
570,8
573,-8
574,16
577,0
579,-2
581,0
583,54
584,9
587,449
593,182
595,71
599,0
607,0
609,0
614,2
618,125
628,-4
645,0
653,222
657,2
665,0
668,0
678,0
679,0
685,2
695,28
697,2
702,-5
716,-4
723,28
728,115
733,0
734,0
741,0
744,44
747,2
748,0
749,342
754,285
766,150
772,0
776,53
787,6
793,-65
798,554
799,60
801,-3
815,15
819,6
823,0
824,4
826,0
831,-1
832,18
835,2
836,175
838,76
840,0
849,0
879,2
884,2
888,1
889,25
893,6
894,67
897,8
910,828
911,60
920,43
927,4
933,10
936,6
940,17
945,13
946,30
951,7
953,4
956,1
969,1
974,2
981,14
986,0
987,40
991,1
994,10
996,1
1001,192
1006,72
1016,297
1020,227
1021,186
1028,17
1030,0
1034,5
1043,0
1050,112
1055,3
1061,2
1063,2
1066,57
1069,14
1073,167
1077,118
1078,0
1086,7
1090,1
1091,0
1097,93
1098,1
1105,158
1108,181
1115,4
1122,-12
1124,153
1132,374
1133,0
1136,0
1148,3
1160,0
1162,1
1174,4
1179,346
1185,-1
1189,67
1191,123
1197,29
1199,2
1203,19
1210,84
1213,0
1214,1
1217,14
1219,0
1221,1
1223,13
1224,1
1226,65
1237,0
1238,15
1239,2
1240,-13
1245,1
1247,3
1248,1
1250,1
1254,50
1256,1
1261,29
1263,421
1270,13
1272,-46
1274,7
1275,138
1279,0
1280,1
1282,2
1283,417
1290,0
1294,-2
1296,-26
1299,13
1300,178
1307,2
1309,-9
1312,-7
1319,19
1324,0
1326,10
1328,164
1329,60
1336,0
1337,0
1338,0
1339,21
1341,1
1342,2
1344,-18
1347,-1
1348,58
1350,-5
1351,0
1361,37
1362,2
1363,5
1364,0
1368,-8
1369,-8
1372,6
1373,-6
1376,100
1380,3
1385,0
1387,0
1389,-9
1391,-6
1392,13
1393,-6
1395,-2
1398,0
1401,0
1403,3
1404,6
1405,10
1408,1
1416,16
1421,45
1433,11
1434,4
1439,3
1441,10
1442,5
1450,202
1451,35
1465,1
1470,685
1472,22
1478,-1
1479,-10
1484,155
1486,-1
1487,3
1493,-3
1499,0
1503,2
1506,3
1517,0
1524,1
1528,5
1530,46
1535,47
1536,18
1538,8
1539,-8
1547,0
1549,94
1552,121
1553,-1
1559,1
1561,61
1564,4
1567,1
1569,0
1571,726
1574,-4
1578,3
1581,2
1582,166
1585,28
1587,45
1593,0
1601,0
1602,0
1620,9
1621,-2
1625,1
1626,73
1629,0
1632,-3
1637,1474
1638,1
1643,0
1644,30
1648,0
1652,0
1653,7
1654,51
1655,2
1661,0
1662,6
1666,21
1669,6
1674,316
1677,1
1678,6
1686,0
1687,-1
1698,0
1700,0
1702,7
1703,0
1706,0
1708,0
1710,10
1714,23
1719,37
1722,47
1729,22
1734,15
1736,-1
1741,1
1745,1
1756,0
1762,-8
1765,79
1766,386
1771,0
1772,0
1777,38
1779,122
1783,3
1784,127
1786,13
1789,56
1790,6
1803,-8
1805,67
1815,8
1816,0
1817,36
1820,165
1821,0
1829,6
1835,-25
1836,2
1839,0
1841,-11
1842,24
1844,0
1847,8
1848,19
1849,1
1854,5
1855,41
1858,-3
1872,0
1874,0
1879,0
1881,19
1896,0
1900,1
1902,0
1907,7
1919,25
1927,409
1939,0
1940,9
1946,66
1951,18
1952,0
1955,0
1961,0
1962,20
1967,96
1979,-1
1986,217
1988,0
1994,0
2002,3
2003,0
2019,3
2020,0
2039,0
2040,0
2047,0
2048,25
2053,11
2054,74
2055,0
2057,0
2058,497
2064,1
2065,29
2067,22
2070,9
2075,0
2076,2
2078,32
2086,10
2089,-2
2091,5
2096,4
2097,0
2101,93
2107,3
2110,114
2111,11
2112,0
2121,42
2123,0
2124,4
2127,0
2128,0
2129,1
2131,21
2132,0
2133,55
2134,0
2142,-4
2144,3
2145,128
2147,127
2152,0
2164,0
2166,2
2167,113
2170,0
2171,0
2172,-2
2174,0
2189,26
2206,25
2225,13
2226,39
2228,0
2230,1
2231,0
2243,4
2247,1
2256,73
2259,3
2263,0
2268,3
2271,1
2273,15
2275,0
2284,0
2285,0
2296,1326
2298,0
2299,0
2305,2
2307,1
2309,284
2312,18
2314,72
2315,0
2317,9
2329,19
2333,59
2335,0
2336,0
2339,4
2341,15
2350,0
2351,4
2352,0
2355,0
2360,146
2369,1
2373,2
2375,0
2381,3
2383,0
2386,0
2394,7
2400,2
2406,0
2409,89
2410,49
2427,12
2428,12
2430,1
2438,0
2467,1
2468,0
2475,-5
2477,0
2481,-1
2482,305
2487,1
2488,0
2490,0
2502,0
2503,1
2508,1
2515,1
2524,27
2532,243
2533,166
2534,0
2545,0
2548,0
2549,1
2552,50
2553,-14
2555,-9
2557,0
2558,0
2560,8
2561,4
2565,2
2602,24
2613,19
2616,1
2625,0
2631,1
2637,0
2647,1
2651,11
2656,3
2657,1
2667,-1
2668,-1
2673,190
2681,4
2686,16
2691,5
2694,10
2701,2
2705,2
2710,12
2713,36
2717,0
2722,6
2723,0
2728,3
2729,0
2730,10
2735,4
2744,0
2764,1
2765,7
2769,0
2771,183
2777,0
2778,0
2782,0
2784,-2
2785,-1
2791,139
2795,19
2804,7
2809,5
2813,0
2814,128
2819,2
2828,0
2833,0
2836,8
2841,1
2844,0
2846,57
2852,1
2858,860
2859,0
2862,1
2865,-1
2871,16
2874,-1
2890,1
2895,5
2898,-6
2900,2
2901,15
2906,1
2907,1
2910,0
2918,10
2930,99
2931,1
2932,1
2937,2
2938,8
2944,74
2958,0
2961,36
2962,83
2963,0
2965,1
2969,0
2975,0
2977,15
2983,2
2984,142
2985,2
2992,6
2995,2
3003,0
3009,0
3012,1591
3013,3
3014,1
3015,2
3018,0
3020,13
3021,0
3022,36
3024,0
3027,0
3028,0
3039,0
3041,113
3042,82
3044,0
3047,0
3048,0
3053,49
3059,-7
3061,0
3063,1
3065,57
3066,3
3074,0
3075,8
3079,0
3089,0
3094,4
3099,0
3104,3
3105,61
3109,-44
3121,4
3122,0
3123,1
3125,-3
3128,12
3140,1
3144,3
3149,-1
3151,-16
3152,0
3155,1
3162,1
3171,1
3179,2
3186,3
3195,3
3196,25
3198,0
3201,4
3202,-13
3205,8
3212,308
3213,11
3214,11
3216,105
3219,-1
3224,22
3225,-5
3228,1
3229,0
3237,-11
3240,1
3269,4
3292,0
3297,-2
3302,-17
3305,4
3308,151
3311,4
3317,377
3319,0
3320,113
3324,38
3333,0
3335,-2
3338,-40
3339,0
3344,14
3358,3
3361,1
3362,6
3366,0
3367,0
3368,0
3372,0
3373,9
3381,3
3382,4
3387,4
3401,-1
3409,0
3410,0
3414,0
3452,0
3453,0
3454,0
3458,0
3460,0
3461,0
3462,0
3472,0
3480,27
3482,-3
3484,166
3487,2411
3492,-1
3497,0
3498,-4
3501,57
3504,43
3507,0
3510,0
3512,1
3516,0
3523,-5
3524,0
3526,0
3532,171
3533,-7
3535,0
3537,5
3541,451
3543,26
3544,5
3546,-1
3547,0
3550,-7
3552,0
3553,0
3554,0
3556,1
3558,3
3559,-4
3562,0
3568,1
3569,0
3570,0
3582,2
3585,6
3588,-1
3591,3
3592,509
3596,1
3602,-2
3603,16
3604,1
3607,3
3614,2
3615,4
3616,3
3618,8
3619,0
3620,0
3621,0
3626,2
3627,17
3629,26
3635,9
3641,0
3644,9
3645,86
3647,16
3654,0
3656,-9
3657,0
3658,1
3663,72
3671,0
3680,1
3683,10
3684,2
3685,3509
3686,0
3693,1
3699,1
3700,-177
3704,18
3706,1
3707,0
3709,181
3710,-1
3711,0
3712,-1
3718,2
3719,0
3720,5
3722,0
3729,-6
3730,23
3732,0
3733,0
3744,169
3747,0
3748,10
3749,2
3750,0
3751,0
3757,167
4029,1
4033,0
4040,0
4042,0
4047,7
4053,1
4058,0
4061,0
4062,0
4063,0
4065,0
4067,0
4068,0
4071,0
4072,0
4083,-1
4109,-1
4110,0
4118,10
4124,0
4126,0
4134,7
4148,0
4149,-2
4152,-1
4157,0
4160,-9
4161,-2
4163,-1
4200,0
4208,0
4209,0
4210,-10
4211,0
4212,-3
4217,-1
4222,148
4231,-2
4233,1
4234,1
4235,-3
4236,0
4248,0
4265,0
4267,-1
4296,71
4313,0
4318,0
4319,0
4320,0
4322,0
4324,0
4326,-1
4329,19
4331,0
4332,0
4334,205
4336,0
4338,0
4339,-1
4341,0
4346,78
4350,1
4351,21
4352,5
4357,0
4361,0
4362,0
4366,0
4368,0
4369,132
4370,5
4371,-3
4372,0
4374,0
4376,0
4381,0
4384,-1
4385,-3
4386,0
4391,28
4400,1
4402,1
4410,289
4413,0
4415,0
4423,0
4429,4
4436,5
4439,51
4440,0
4443,16
4449,0
4455,0
4456,11
4469,1
4474,6
4477,0
4484,0
4487,4
4488,-1
4489,2
4491,0
4497,0
4498,5
4499,99
4512,1
4514,2
4517,0
4518,6
4520,13
4523,10
4524,0
4525,1336
4527,2
4528,5
4529,1
4537,0
4544,0
4546,0
4554,0
4560,6
4563,49
4564,2
4566,1
4570,4
4580,0
4582,2
4585,0
4591,-5
4592,1
4606,0
4610,0
4613,6
4614,0
4615,60
4617,0
4618,0
4619,1
4620,4
4621,0
4622,1
4623,-4
4624,-3
4625,0
4626,0
4627,-6
4633,0
4634,-9
4640,0
4641,2
4643,30
4645,-9
4646,1
4651,-1
4656,-4
4660,8
4661,-1
4662,3
4676,2
4679,1
4681,0
4682,0
4683,0
4685,0
4691,3
4692,2
4693,13
4696,1
4698,1
4701,-6
4703,0
4704,-1
4705,0
4714,-2
4716,2
4718,0
4719,1
4720,0
4724,1300
4725,0
4727,-2
4729,0
4731,4
4732,0
4735,0
4739,0
4740,0
4741,1
4744,0
4745,0
4746,3
4748,-5
4749,0
4750,-3
4751,-2
4754,-1
4755,0
4756,-2
4757,0
4758,-1
4759,-5
4760,-2
4761,6
4765,28
4766,52
4773,0
4779,-5
4783,10
4784,0
4785,-6
4788,0
4789,1
4797,1
4798,1
4799,1
4800,2
4803,79
4806,0
4811,0
4814,0
4815,0
4818,0
4820,0
4824,1
4825,1
4828,1
4831,2
4833,1
4838,0
4840,0
4841,53
4856,6
4867,-9
4877,0
4887,840
4889,0
4896,18
4898,2
4899,-1
4906,13
4908,-2
4918,2
4931,0
4932,111
4935,-18
4937,-5
4938,3
4944,0
4949,-2
4959,0
4962,0
4965,1
4969,-1
4971,-1
4977,5
4984,423
4987,0
4989,1
4993,12
4994,0
4995,1
4998,-2
5000,281
5008,4
5012,0
5013,0
5016,0
5019,-5
5020,0
5023,1
5030,0
5038,0
5045,52
5046,0
5047,3
5048,0
5049,0
5057,0
5064,-2
5066,0
5069,0
5071,9
5074,1
5076,0
5077,6
5083,12
5119,-2
5121,8
5122,2
5123,3
5125,29
5126,0
5127,2
5135,11
5136,0
5137,1
5140,1
5144,0
5147,2
5149,34
5150,2
5151,-6
5152,1
5155,3
5156,1
5157,1
5164,1
5165,2
5166,1
5167,11
5170,0
5175,2
5177,0
5178,34
5182,12
5183,0
5186,-8
5188,0
5192,12
5197,0
5204,0
5208,0
5211,-4
5213,-14
5234,0
5240,0
5246,0
5248,1
5252,1
5254,0
5257,0
5261,-1
5270,3
5277,0
5278,0
5281,1
5290,0
5291,4
5297,-2
5306,1
5308,0
5310,24
5315,-1
5317,2
5318,0
5321,1
5324,0
5331,0
5333,0
5336,0
5338,1
5339,3
5340,0
5342,0
5345,5
5346,24
5348,-3
5356,14
5359,3
5361,0
5362,10
5365,0
5373,1
5377,-5
5379,-2
5381,4
5382,185
5383,1
5389,0
5390,278
5391,0
5393,24
5397,-1
5403,2
5406,1
5407,-2
5411,0
5428,44
5431,17
5432,2
5438,189
5439,1
5460,0
5466,-3
5468,15
5473,16
5476,0
5483,0
5486,0
5488,0
5502,0
5505,0
5509,6
5511,332
5513,143
5515,-12
5520,-6
5521,76
5527,0
5531,0
5535,0
5537,96
5543,4
5544,7
5545,0
5558,1
5572,23
5578,0
5589,-3
5606,41
5608,3
5611,1
5615,175
5620,4
5628,99
5630,0
5632,0
5634,0
5636,0
5640,11
5643,18
5653,2
5654,7
5658,0
5660,20
5664,9
5666,3
5671,-2
5676,-44
5680,-15
5685,0
5686,0
5687,1
5689,0
5690,2
5696,2
5699,25
5706,0
5707,18
5708,0
5709,1
5711,0
5714,1
5715,0
5719,0
5721,72
5722,97
5728,0
5729,4
5736,-1
5746,0
5754,0
5759,-42
5760,101
5770,46
5773,0
5774,1
5784,-1
5789,3
5791,5
5805,15
5806,58
5812,16
5815,2
5816,0
5818,-5
5819,0
5827,2
5834,1
5836,20
5838,31
5839,0
5841,0
5843,90
5847,2
5851,89
5852,85
5861,179
5868,8
5874,0
5890,0
5892,3
5894,0
5898,0
5907,3
5908,15
5912,0
5919,0
5924,126
5928,0
5942,2
5947,110
5953,1
5956,0
5965,2
5971,19
5976,78
5978,0
5999,1
6001,4
6003,452
6005,-4
6012,0
6013,25
6016,75
6021,2
6023,2
6024,7
6029,6
6035,39
6038,4
6052,30
6056,255
6060,0
6064,18
6069,0
6070,1
6074,0
6075,391
6076,152
6078,43
6079,0
6091,6
6092,417
6097,8
6105,0
6106,0
6107,2
6108,1
6112,24
6121,2
6126,0
6127,0
6129,0
6136,0
6147,2
6148,1
6152,9
6153,7
6154,0
6157,-5
6159,-1
6166,1
6168,2
6171,1354
6173,0
6178,2
6179,1
6186,6
6190,596
6192,0
6193,4
6194,140
6198,6
6203,7
6204,9
6207,49
6208,2
6218,3
6227,19
6231,-10
6232,0
6233,1
6234,-16
6238,1
6240,16
6241,2
6242,3
6243,25
6246,6
6261,-1
6265,0
6269,2
6271,2
6275,2694
6276,8
6279,69
6288,6
6293,157
6301,3
6305,0
6306,0
6309,21
6311,-6
6313,14
6314,4
6316,0
6317,-1
6318,1
6319,118
6320,2
6325,-5
6326,-1
6328,0
6333,66
6335,0
6336,33
6341,51
6345,261
6347,1
6352,31
6356,0
6358,223
6359,0
6367,0
6368,-4
6380,72
6388,9
6389,3
6401,0
6404,10
6405,224
6414,0
6427,-13
6435,2
6446,5
6448,-7
6449,7
6450,6
6453,13
6461,0
6466,1
6472,3
6473,2
6480,7
6483,20
6484,12
6488,1
6489,611
6491,0
6492,0
6493,70
6494,-9
6496,0
6506,0
6508,43
6516,1
6519,-3
6523,9
6525,175
6527,1
6534,1
6537,4
6539,20
6540,76
6544,20
6545,0
6547,12
6549,50
6553,10
6555,25
6556,0
6558,353
6562,16
6565,0
6570,2
6571,0
6573,1587
6575,9
6576,47
6581,1
6585,3
6586,389
6587,1
6591,121
6594,-3
6596,21
6597,1
6598,157
6602,0
6604,4
6605,1
6606,604
6609,39
6613,5
6614,0
6615,0
6616,253
6618,7
6622,25
6634,83
6638,-1
6640,24
6642,207
6643,0
6645,3
6646,-4
6649,61
6655,-8
6656,0
6658,0
6661,0
6662,17
6665,0
6667,335
6668,4
6671,1100
6672,14
6673,50
6676,-6
6677,0
6678,0
6679,0
6681,17
6682,70
6690,26
6694,3
6698,44
6699,3
6700,12
6703,0
6705,10
6706,-3
6708,99
6721,5
6727,0
6728,6
6730,5
6731,0
6732,-2
6737,0
6738,3
6744,61
6745,5
6748,0
6749,5
6752,0
6754,-1
6757,1
6763,257
6765,0
6766,3
6767,38
6773,2
6775,0
6778,0
6780,1
6782,1
6786,3
6788,0
6793,0
6794,-9
6796,1
6803,-2
6807,0
6808,2
6812,7
6814,1
6822,2
6824,5
6826,-10
6830,-6
6835,-1
6838,26
6844,3
6846,0
6848,0
6851,0
6856,233
6859,2
6860,23
6862,0
6863,21
6865,0
6868,2033
6871,494
6874,168
6875,73
6877,4
6886,48
6890,45
6891,2
6902,0
6903,11
6906,36
6910,27
6913,2
6924,6
6925,-2
6934,0
6942,11
6946,97
6951,4
6952,59
6954,0
6955,5
6961,1
6964,2
6967,275
6972,0
6974,37
6979,1
6980,-1
6984,49
6985,0
6986,0
6993,61
6998,0
7003,1
7005,-1
7007,0
7008,5
7017,42
7018,0
7019,1
7020,1
7026,5
7030,8
7031,2
7032,1
7034,-4
7044,44
7047,0
7048,5
7051,6
7052,11
7054,0
7055,-5
7057,0
7061,0
7062,3
7066,4
7072,5
7075,1
7085,-2
7086,-1
7087,0
7088,0
7091,28
7093,7
7094,0
7095,7
7097,0
7098,74
7100,0
7104,102
7105,-36
7106,59
7107,5
7110,8
7112,1
7113,4
7114,4
7115,5
7116,0
7118,7
7120,1
7121,783
7126,1
7129,19
7133,11
7136,0
7142,418
7146,0
7151,4
7157,3
7160,1
7161,2
7162,0
7163,0
7164,-1
7165,4
7167,0
7173,-1
7178,2
7179,0
7182,1
7183,0
7186,1
7187,0
7195,-5
7196,19
7208,-5
7214,5
7216,11
7218,15
7220,0
7225,840
7231,0
7232,0
7233,0
7234,60
7236,7
7237,2
7241,3
7242,9
7243,-41
7244,0
7246,15
7247,6
7249,157
7253,0
7255,28
7256,45
7258,4
7260,0
7264,5
7268,0
7269,-4
7270,1
7272,-2
7275,2
7276,28
7281,156
7288,4
7289,-2
7290,2
7291,0
7294,0
7295,49
7297,2
7301,1
7302,165
7303,-1
7307,35
7312,14
7314,0
7315,1
7319,2
7322,302
7324,8
7325,7
7327,10
7330,109
7336,48
7337,12
7340,9
7345,2
7346,-51
7351,10
7355,2
7356,4
7357,-2
7358,32
7359,2
7361,0
7363,0
7364,0
7365,11
7366,5
7369,1
7370,1
7375,1175
7379,9
7382,0
7384,6
7388,-10
7390,15
7399,0
7412,72
7413,41
7414,1
7417,0
7418,20
7425,0
7427,41
7428,0
7429,81
7430,1
7433,3
7437,200
7438,-5
7442,3
7449,20
7457,-6
7458,0
7460,0
7461,31
7463,1
7467,5
7469,1
7470,425
7472,18
7479,1
7481,4
7483,9
7485,1469
7487,0
7490,289
7493,18
7494,215
7495,2
7496,89
7499,5
7507,3
7509,0
7510,259
7514,0
7515,0
7516,407
7518,1
7519,13
7521,147
7522,1
7526,57
7528,691
7529,-3
7531,-14
7535,0
7536,-1
7539,2
7540,6
7541,0
7542,0
7543,277
7550,63
7551,166
7553,1194
7554,0
7555,-3
7556,0
7558,0
7560,4
7568,-55
7569,-28
7571,-14
7572,4
7574,-7
7575,0
7578,0
7579,-19
7584,-6
7586,-2
7589,-4
7591,-1
7592,283
7593,1
7599,10
7600,3
7601,2355
7602,94
7604,11
7606,-2
7608,25
7609,3
7614,0
7615,0
7616,0
7619,0
7620,0
7627,-5
7630,41
7633,6
7635,0
7641,-1
7646,-4
7649,0
7652,0
7653,0
7654,9
7655,0
7656,4
7660,0
7662,189
7665,0
7667,-7
7668,-1
7669,0
7670,-4
7672,0
7673,0
7675,3
7678,0
7679,0
7680,0
7681,2
7682,0
7683,0
7684,0
7689,4
7691,31
7696,0
7701,0
7724,2
7725,2
7728,8
7731,6
7732,11
7733,0
7736,14
7744,1
7745,4
7749,0
7750,0
7751,0
7752,2
7753,8
7754,8
7756,0
7758,0
7759,1
7761,22
7763,5
7766,0
7768,0
7769,9
7772,6
7773,7
7777,14
7785,16
7788,4
7789,0
7794,1145
7798,14
7801,0
7802,6
7804,-12
7808,38
7815,88
7816,4
7822,2
7824,19
7826,3
7827,4
7828,2
7829,436
7831,7
7832,1
7834,221
7836,2
7838,10
7840,3
7844,19
7845,1
7846,0
7848,127
7850,0
7851,3
7853,5
7855,7
7856,0
7857,11
7863,9
7867,24
7869,11
7870,0
7875,0
7878,74
7880,0
7881,1
7882,1
7883,2
7884,1
7885,0
7887,383
7890,64
7894,304
7897,32
7912,-3
7920,4
7922,-20
7923,-19
7928,0
7929,2
7930,0
7931,4
7933,3
7934,519
7937,0
7939,0
7943,0
7950,4
7953,5
7954,5
7960,0
7963,1
7964,447
7965,0
7966,27
7967,0
7969,355
7980,6
7982,1
7983,16
7986,3
7988,2
7991,0
7994,6
7996,0
7997,1762
7998,1
8000,0
8004,2
8007,206
8019,1
8022,0
8023,771
8027,-15
8028,-1
8029,4
8034,35
8039,35
8040,0
8043,0
8050,0
8052,1
8054,0
8055,17
8057,0
8061,1
8065,0
8066,74
8068,0
8070,13
8072,8
8079,0
8080,8
8085,-1
8086,24
8087,-1
8088,0
8090,0
8091,2
8099,4
8103,28
8105,0
8106,0
8107,-3
8109,0
8110,27
8111,0
8112,4
8113,9
8114,1
8115,0
8116,-8
8117,0
8118,1
8119,0
8120,0
8121,0
8123,-1
8125,16
8126,1
8127,5
8132,0
8136,0
8137,-35
8138,-1
8141,-10
8142,0
8147,2
8148,2
8149,4
8150,73
8154,87
8155,9
8156,3
8157,9
8160,21
8161,0
8165,10
8166,305
8167,26
8170,3
8174,4
8182,2
8183,1
8186,4
8192,0
8197,38
8198,4
8199,0
8201,154
8203,24
8204,1
8209,127
8211,0
8212,0
8217,1
8221,26
8225,4
8229,0
8234,-17
8235,351
8238,23
8240,3
8243,3
8244,20
8247,4
8249,3
8256,-65
8257,14
8261,0
8262,18
8263,1
8264,52
8269,0
8271,5
8272,0
8275,417
8277,0
8280,7
8285,1
8286,24
8288,0
8290,18
8293,0
8296,16
8300,1
8302,24
8304,110
8308,2
8310,94
8311,0
8312,86
8313,0
8315,0
8319,0
8320,3
8321,214
8327,3
8328,51
8329,1
8333,1
8339,2
8343,-2
8346,8
8350,2
8352,14
8354,186
8358,2
8364,0
8365,-6
8374,-2
8377,0
8380,7
8381,0
8382,51
8386,19
8389,18
8392,2
8394,49
8395,16
8397,3
8399,38
8400,-2
8402,-15
8404,3
8405,0
8410,59
8411,-7
8415,9
8420,0
8422,21
8423,195
8425,11
8426,6
8428,-4
8429,1
8432,3
8436,6
8438,38
8440,-1
8443,0
8446,0
8449,4
8450,10
8454,-2
8457,11
8460,0
8461,-7
8468,14
8471,1
8476,3
8479,18
8480,3
8481,0
8483,1350
8484,2
8488,5
8494,15
8500,101
8502,7
8506,-3
8507,365
8509,0
8512,130
8513,0
8516,0
8517,0
8518,1
8521,0
8522,159
8525,6
8526,2
8533,25
8534,9
8536,5
8539,0
8540,9
8541,9
8542,176
8549,8
8550,1
8556,12
8560,0
8563,0
8576,111
8577,11
8584,3
8585,4
8586,53
8587,39
8589,25
8593,1
8594,0
8595,6
8600,217
8602,0
8603,14
8604,389
8605,8
8606,-18
8613,0
8614,-4
8616,61
8619,18
8623,22
8626,7
8628,-1
8630,11
8633,894
8636,16
8637,20
8638,27
8640,41
8642,6
8643,11
8644,-4
8645,351
8647,9
8648,14
8649,0
8655,20
8657,10
8658,9
8663,0
8672,12
8674,5
8679,18
8682,6
8683,20
8685,252
8687,1
8694,-1
8695,8
8699,8
8702,24
8704,117
8705,-6
8706,-7
8707,1
8708,38
8709,24
8713,1
8716,1
8717,0
8720,4
8721,0
8724,-2
8733,-2
8736,6
8742,9
8743,5
8744,0
8746,-1
8748,1
8751,17
8754,3
8764,0
8766,3
8768,1
8769,17
8773,-4
8775,7
8777,17
8785,122
8792,969
8801,1
8807,8
8811,2
8814,9
8815,0
8819,48
8826,0
8827,0
8834,16
8841,196
8847,201
8849,8
8850,94
8852,-6
8858,5
8865,0
8869,3
8870,16
8872,101
8873,0
8886,13
8889,5
8891,8
8893,10
8896,-6
8897,182
8898,19
8899,-22
8906,49
8910,6
8915,5
8916,133
8919,13
8922,-1
8926,0
8933,0
8935,12
8937,0
8945,-9
8946,172
8948,0
8953,-9
8954,10
8956,54
8960,28
8965,5
8969,15
8970,1
8973,0
8977,2
8978,109
8982,84
8985,2
8986,162
8987,509
8988,140
8992,149
8996,5
8998,-3
9003,0
9004,-25
9005,0
9009,68
9012,1
9013,41
9014,107
9015,37
9019,0
9022,-3
9023,0
9024,3
9025,14
9026,0
9037,0
9046,41
9049,0
9050,0
9051,0
9052,1
9053,0
9054,213
9055,6
9062,-1
9063,387
9065,31
9073,38
9077,2
9080,2
9081,-6
9082,28
9086,13
9095,44
9100,1
9103,-3
9107,-14
9109,28
9110,8
9111,0
9116,117
9125,4
9126,0
9137,241
9143,0
9147,4
9148,6
9159,0
9162,3
9164,18
9171,39
9172,0
9179,0
9180,7
9182,0
9185,14
9186,6
9187,4
9190,108
9192,-8
9194,0
9195,0
9200,5
9207,0
9213,5
9215,0
9217,19
9218,7
9221,3
9224,20
9229,0
9231,0
9233,5
9235,0
9236,29
9237,0
9240,7
9242,4
9244,1
9247,0
9251,29
9253,15
9259,0
9260,5
9262,0
9263,0
9279,10
9280,7
9283,1
9284,0
9289,-11
9297,284
9299,10
9301,12
9304,1879
9306,0
9311,11
9313,44
9314,0
9315,0
9319,8
9321,7
9322,0
9325,1
9326,7
9332,1
9334,0
9336,71
9342,-9
9344,10
9346,0
9348,158
9349,4
9350,11
9352,3
9353,0
9360,20
9367,-3
9377,-1
9378,-3
9380,7
9382,85
9384,113
9387,8
9388,1
9389,0
9391,-12
9394,4
9397,66
9398,34
9400,13
9407,2
9413,6
9423,2
9424,6
9431,14
9432,17
9433,2
9434,-8
9438,0
9439,21
9442,2
9445,1
9450,2
9454,33
9455,26
9456,3
9458,4
9460,81
9461,1
9464,2
9468,1
9474,0
9475,0
9478,-12
9480,43
9482,0
9484,-6
9489,0
9497,1
9498,1
9499,38
9501,25
9508,163
9511,0
9512,0
9515,-1
9520,10
9522,118
9526,6
9538,0
9540,8
9544,0
9546,0
9547,3
9548,25
9550,1
9552,15
9553,8
9554,832
9555,380
9556,5
9559,3
9568,1
9569,8
9570,9
9571,20
9574,-2
9580,237
9584,1
9586,0
9590,21
9591,0
9592,9
9595,-13
9596,12
9597,0
9599,65
9600,671
9602,18
9606,18
9607,1
9611,0
9614,-13
9622,1
9623,0
9624,0
9625,0
9626,0
9627,1
9628,0
9630,0
9632,0
9633,0
9637,99
9643,0
9644,8
9645,0
9649,8
9655,39
9656,0
9657,36
9659,4
9660,0
9663,0
9669,-5
9671,-16
9673,631
9676,0
9677,276
9680,0
9681,22
9683,18
9686,69
9688,29
9692,2
9701,43
9706,60
9707,11
9709,71
9714,0
9715,5
9716,16
9722,2
9724,61
9726,3
9730,2
9734,0
9740,0
9750,-7
9752,0
9753,23
9760,-7
9763,1
9764,0
9765,14
9769,0
9780,6
9781,13
9787,494
9788,0
9789,4
9790,3
9792,12
9796,15
9818,110
9819,8
9821,164
9822,0
9826,145
9827,-6
9831,-11
9833,41
9838,-22
9839,0
9840,1
9844,2
9846,803
9849,0
9851,41
9858,-2
9861,169
9862,423
9865,-9
9868,12
9871,3
9877,13
9881,-29
9883,0
9885,77
9886,0
9889,4
9895,-1
9897,5
9901,17
9902,3
9903,5
9908,36
9910,34
9913,2
9914,0
9919,140
9921,0
9922,97
9923,1
9925,1
9930,0
9932,30
9936,3
9946,0
9947,5
9948,1
9949,8
9957,76
9960,1
9963,2
9966,2
9969,129
9971,6
9977,4
9979,7
9981,0
9982,1
9999,16
10001,-14
10006,0
10008,0
10010,8
10013,276
10014,10
10015,19
10033,1
10035,12
10040,0
10045,0
10050,5
10056,16
10059,9
10060,47
10065,1
10066,-5
10069,-3
10074,13
10075,8
10077,0
10086,-8
10089,-1
10090,2
10094,1
10097,0
10099,0
10102,6
10111,0
10114,37
10122,3
10135,7
10139,5
10140,12
10149,0
10150,1
10152,1
10153,13
10159,39
10161,2
10166,0
10169,167
10177,27
10178,0
10182,1
10183,102
10189,0
10190,1
10193,0
10200,6
10204,1
10207,0
10208,19
10210,0
10212,4
10216,1
10218,30
10219,-13
10221,4
10225,3
10226,113
10227,-6
10228,-1
10237,-6
10239,0
10240,-10
10244,-24
10247,20
10249,35
10252,2
10256,-1
10259,5
10260,0
10261,2
10264,3
10278,1
10279,0
10286,0
10288,0
10290,101
10292,17
10304,26
10306,1
10314,22
10315,-5
10318,106
10324,148
10326,0
10332,18
10334,34
10335,-2
10342,-5
10345,1
10351,7
10353,0
10354,0
10372,561
10373,-5
10375,25
10376,-9
10380,-1
10381,10
10382,5
10383,8
10384,0
10385,5
10386,4
10390,8
10397,4
10399,0
10403,11
10405,-1
10409,28
10410,0
10411,15
10417,3
10421,38
10428,80
10430,0
10433,-11
10434,-4
10435,0
10436,23
10440,1
10446,-3
10447,136
10448,65
10449,1
10451,1
10457,3
10462,4
10470,-7
10475,0
10479,-9
10480,2
10481,12
10483,39
10490,0
10491,4
10497,3
10500,0
10502,1
10503,15
10505,13
10510,1
10512,3
10516,2
10518,-1
10520,2
10522,8
10524,12
10525,1
10528,293
10531,1
10532,0
10535,14
10537,9
10542,0
10545,10
10546,0
10551,0
10552,1
10553,-1
10555,0
10556,-2
10557,-2
10560,0
10561,-1
10562,-10
10563,-1
10564,0
10565,3
10566,0
10568,5
10570,0
10571,0
10572,13
10574,2
10575,1
10576,2
10577,0
10578,0
10579,1
10580,-10
10582,2
10586,-10
10587,-2
10589,1
10590,0
10592,0
10594,3
10595,0
10597,1
10598,2
10599,5
10600,-5
10603,-2
10605,0
10609,-8
10610,0
10613,-1
10614,-3
10615,2
10616,0
10617,0
10618,1
10619,0
10620,-9
10621,0
10622,-2
10623,-1
10624,0
10625,-7
10626,2
10628,1
10631,-5
10632,6
10634,0
10635,0
10637,0
10640,0
10647,0
10648,-4
10649,1
10650,-2
10652,-2
10653,2
10654,0
10655,0
10656,-3
10657,2
10659,2
10662,-2
10665,0
10668,0
10671,1
10674,-1
10675,-1
10676,-1
10677,-5
10679,1
10684,0
10685,21
10686,-1
10696,0
10697,-1
10698,1
10699,-1
10700,1
10701,-1
10703,-1
10704,-2
10706,0
10710,2
10712,242
10713,-1
10714,0
10719,0
10721,0
10726,1
10727,-2
10730,1
10734,0
10737,-5
10738,0
10742,-2
10744,0
10747,4
10750,1
10751,0
10753,0
10756,30
10759,-1
10760,-1
10761,-1
10763,0
10765,0
10769,0
10770,15
10773,-2
10774,0
10775,15
10778,0
10790,2
10792,2
10794,1
10795,1
10801,19
10803,0
10805,239
10811,67
10813,0
10815,0
10817,2
10819,-4
10821,19
10822,0
10825,23
10827,0
10831,1
10837,18
10839,2
10840,11
10845,113
10850,1
10853,26
10855,0
10856,14
10857,2
10860,7
10862,16
10863,0
10864,4
10865,261
10868,69
10871,13
10874,8
10875,3
10877,0
10880,1
10883,3
10891,1
10892,0
10893,1
10895,0
10896,-8
10901,0
10903,1
10910,21
10917,371
10918,759
10923,-11
10929,0
10936,54
10940,0
10942,0
10943,0
10948,0
10951,0
10952,2
10958,13
10966,2
10967,81
10981,0
10990,2
10992,8
11041,1
11077,2
11078,6
11079,1
11080,344
11081,0
11082,16
11084,0
11085,0
11086,0
11087,0
11089,1
11092,1
11096,3
11097,4
11098,-5
11099,186
11100,35
11104,7
11108,0
11110,5
11113,18
11115,171
11117,5
11126,0
11130,362
11132,0
11143,62
11146,1
11152,14
11154,25
11157,17
11160,592
11161,-4
11164,-1
11166,37
11169,1
11170,30
11178,14
11179,1
11182,3
11192,-1
11196,83
11198,36
11201,12
11202,288
11204,1
11208,0
11210,0
11211,68
11213,17
11216,1
11217,-9
11219,0
11221,91
11222,1
11226,5
11227,64
11228,3
11233,19
11237,74
11245,-2
11247,-40
11248,394
11249,0
11251,-1
11254,1
11255,0
11258,0
11259,0
11261,0
11273,-1
11275,0
11286,0
11309,0
11316,-1
11318,0
11319,26
11321,-1
11330,21
11336,8
11339,3
11340,51
11341,-11
11342,2
11344,40
11347,-6
11349,31
11350,11
11353,13
11355,10
11358,7
11360,2
11364,2
11367,5
11368,7
11369,19
11370,3
11371,10
11372,1
11376,0
11377,1
11378,2
11379,-1
11380,247
11385,4
11387,0
11388,0
11392,2
11393,0
11395,0
11396,1
11397,4
11401,2
11412,1
11413,0
11416,5
11417,0
11420,225
11424,3
11426,2
11427,0
11428,5
11430,2
11436,0
11440,-4
11442,0
11447,-1
11448,0
11449,3
11453,1
11456,63
11460,0
11461,-1
11471,4
11475,8
11479,1
11480,2
11482,6
11486,-37
11487,9
11488,1
11489,85
11491,6
11492,10
11497,27
11498,538
11499,25
11504,8
11505,10
11506,2
11507,5
11509,11
11512,311
11514,11
11515,37
11518,75
11519,3
11525,1
11526,1
11527,0
11528,-1
11529,5
11530,59
11531,16
11534,2
11536,3
11540,10
11543,0
11545,2
11547,0
11548,1
11549,-2
11551,0
11553,0
11554,11
11555,312
11556,-5
11557,8
11562,0
11565,3
11566,2
11567,1
11568,1
11569,0
11570,11
11572,0
11574,3
11575,16
11579,51
11583,0
11585,-8
11589,94
11592,89
11593,0
11601,1937
11607,-3
11610,0
11613,25
11615,-1
11618,0
11620,0
11621,-5
11623,0
11625,-5
11635,1
11641,0
11644,0
11648,1
11650,0
11658,-8
11662,11
11670,1
11671,0
11673,-1
11679,3
11686,1
11688,0
11692,2
11705,2
11710,86
11715,16
11718,105
11720,0
11722,2
11725,296
11726,5
11727,-1
11730,17
11731,-6
11735,0
11739,17
11748,1
11753,1
11755,29
11757,1
11758,26
11759,209
11760,2
11767,52
11768,1
11772,0
11773,0
11774,-14
11775,9
11777,7
11783,16
11785,1
11787,57
11789,6
11791,0
11792,79
11795,5
11796,37
11797,1
11799,12
11804,226
11806,0
11811,2
11820,294
11821,5
11822,2
11823,1
11825,2
11834,0
11835,-46
11838,2
11839,47
11842,0
11845,-7
11846,205
11848,-7
11852,5
11853,2
11856,4
11857,5
11860,18
11866,0
11868,1
11869,1
11876,17
11881,2
11884,-1
11890,3
11898,0
11904,-8
11917,20
11920,17
11921,8
11922,1
11927,1
11928,160
11933,6
11934,0
11935,0
11936,0
11939,0
11940,39
11942,8
11943,4
11945,-6
11946,297
11948,-2
11950,0
11952,-5
11953,0
11954,9
11956,1
11962,172
11963,0
11967,1
11974,0
11976,1
11977,20
11979,0
11980,4
11981,35
11982,74
11984,14
11986,5
11988,3
11989,-18
11990,0
11996,1
11998,23
11999,0
12000,0
12002,-3
12011,0
12014,1
12016,9
12021,1
12025,6
12026,0
12031,0
12033,1
12035,10
12037,118
12038,0
12041,240
12042,3
12044,0
12047,2
12048,0
12049,0
12050,0
12052,0
12053,0
12056,1
12057,0
12059,0
12062,1
12066,4
12067,131
12068,0
12071,14
12072,4
12074,0
12078,2
12080,848
12082,0
12083,0
12086,12
12089,-3
12094,7
12097,0
12098,-2
12099,0
12100,1
12101,0
12104,3
12105,1
12114,-4
12116,3
12117,8
12118,6
12119,0
12120,2
12122,0
12123,1
12125,-2
12126,8
12128,1
12131,-1
12132,3
12133,0
12134,1
12137,-1
12144,1
12147,88
12149,0
12157,0
12158,2
12160,3
12161,8
12163,6
12167,0
12170,0
12171,-1
12174,0
12178,0
12179,0
12183,0
12184,21
12186,-1
12188,0
12189,414
12190,4
12191,4
12192,34
12194,0
12195,2
12196,-2
12197,0
12204,0
12208,-2
12211,162
12212,0
12216,342
12217,0
12218,0
12222,71
12223,0
12225,-1
12226,5
12228,3
12230,18
12232,0
12233,2
12234,-1
12235,0
12237,0
12238,1
12242,64
12243,16
12244,29
12251,2
12256,2
12257,1
12258,-1
12259,0
12260,242
12263,1
12264,9
12265,-1
12266,2
12267,332
12269,5
12272,-4
12274,61
12276,67
12277,2
12280,28
12281,15
12282,4
12283,1
12286,1
12288,7
12290,0
12291,7
12297,440
12299,8
12302,0
12303,0
12304,0
12310,36
12311,60
12312,0
12313,0
12316,0
12318,-6
12319,22
12320,-11
12323,1
12324,164
12326,-1
12329,0
12332,239
12333,-2
12334,2
12335,0
12337,-5
12339,-1
12342,2
12343,33
12344,-5
12349,3
12350,2
12356,1
12362,-2
12363,0
12372,-1
12375,1
12377,1
12378,1
12379,205
12381,39
12383,0
12385,1
12386,32
12387,-2
12389,-10
12390,13
12392,13
12393,4
12398,2
12399,3
12401,0
12403,1
12405,3
12407,5
12409,0
12410,0
12411,6
12413,40
12416,0
12417,5
12418,10
12419,0
12421,2
12428,-9
12430,0
12431,0
12434,9
12435,-2
12438,109
12441,0
12445,79
12446,5
12449,0
12461,0
12465,0
12475,5
12478,-2
12479,0
12485,5
12489,-2
12491,3
12493,142
12495,0
12501,1
12502,0
12503,-1
12504,2
12505,0
12507,13
12508,0
12510,0
12514,105
12522,4
12524,0
12525,0
12528,1
12529,1
12531,28
12532,6
12533,424
12534,34
12535,140
12537,0
12538,-3
12539,1
12541,0
12542,25
12543,107
12546,2
12550,-1
12552,2
12559,18
12561,2
12564,2
12566,-17
12569,-11
12570,36
12573,1290
12574,6
12575,-34
12576,63
12579,2
12584,0
12586,3
12588,1
12589,0
12592,-14
12595,0
12600,3
12601,0
12602,0
12605,0
12606,0
12607,0
12608,0
12609,0
12610,0
12611,0
12612,0
12613,0
12615,2
12617,7
12618,0
12623,2
12629,-7
12631,-1
12636,0
12637,-3
12642,8
12646,13
12648,1
12650,-10
12652,0
12653,90
12654,119
12658,34
12661,37
12662,-1
12665,-1
12666,2
12669,0
12674,-3
12677,22
12679,57
12680,16
12681,1
12690,-1
12694,0
12696,122
12697,20
12698,11
12700,545
12703,29
12706,-6
12707,0
12709,3
12712,0
12714,-9
12718,-3
12722,68
12723,-13
12727,2
12728,1
12729,13
12738,44
12741,2
12742,8
12747,2
12748,11
12749,0
12755,0
12757,10
12758,4
12763,1
12764,0
12767,0
12769,0
12771,32
12772,0
12774,34
12775,84
12779,2
12780,1
12781,47
12783,5
12787,1
12788,19
12792,10
12793,1
12794,2
12796,0
12797,0
12799,0
12801,18
12802,0
12803,0
12808,0
12809,0
12810,0
12815,2
12818,20
12819,0
12828,-3
12829,25
12830,1
12835,0
12843,93
12844,75
12846,39
12850,0
12852,0
12854,3
12855,1
12857,18
12858,1
12862,0
12863,21
12864,12
12865,0
12870,83
12871,0
12872,250
12873,0
12875,86
12878,0
12879,1
12880,0
12884,0
12889,1
12896,10
12904,2450
12906,0
12909,26
12912,0
12918,6
12920,6
12921,-7
12923,13
12926,15
12932,1
12933,-2
12934,3
12935,0
12937,23
12940,2
12942,11
12947,0
12949,4
12950,4
12951,-1
12953,0
12954,0
12955,3
12956,0
12957,0
12958,0
12961,7
12962,-2
12963,0
12964,7
12967,1
12968,8
12969,-4
12971,5
12973,-1
12974,0
12975,723
12977,-9
12986,0
12987,30
12990,2
12991,0
12994,8
12995,17
12999,0
13002,-8
13006,0
13009,646
13013,-6
13016,77
13018,1
13019,3
13020,2
13021,5
13036,1
13038,475
13041,124
13045,0
13049,18
13054,18
13059,177
13061,9
13063,443
13065,1
13067,15
13068,299
13069,8
13087,-7
13090,99
13093,82
13094,8
13095,0
13097,2
13098,7
13103,-2
13109,0
13110,0
13113,1
13117,4
13118,11
13119,2
13121,0
13124,0
13128,0
13129,1
13130,1
13131,7
13133,15
13135,2
13138,12
13140,1
13142,0
13143,5
13144,0
13147,0
13149,48
13151,329
13153,1
13162,0
13166,5
13177,0
13181,5
13183,10
13185,-25
13190,0
13192,151
13193,-1
13196,0
13197,0
13198,3
13199,2
13202,2
13203,1
13206,3
13207,0
13208,1
13217,119
13220,3
13224,19
13226,-7
13231,0
13233,5
13234,6
13235,0
13237,0
13240,1
13241,9
13246,-6
13248,1
13250,5
13254,5
13258,23
13262,3
13266,-3
13275,-6
13276,12
13278,212
13279,0
13284,0
13290,145
13291,53
13295,15
13298,0
13299,3
13300,12
13301,0
13302,7
13304,-3
13305,16
13306,1
13311,38
13312,0
13315,546
13318,1008
13320,1
13321,1
13325,7
13328,479
13329,63
13333,4
13335,0
13336,19
13338,0
13342,3
13345,7
13349,4
13353,3
13360,2
13370,0
13373,-7
13374,0
13377,3
13380,7
13382,9
13383,0
13388,0
13392,0
13393,0
13394,0
13396,0
13397,-3
13399,0
13400,9
13402,0
13403,739
13406,4
13417,0
13418,0
13423,12
13424,127
13426,29
13428,0
13432,1
13436,2
13438,0
13442,2
13443,2
13446,-11
13447,3
13449,27
13451,0
13454,2
13456,-15
13457,10
13476,38
13477,12
13479,0
13483,0
13485,7
13487,0
13492,2
13499,88
13503,2
13506,4
13509,15
13510,0
13516,1
13521,0
13522,-7
13523,6
13524,75
13526,2
13528,1
13534,0
13536,5
13540,2
13541,3
13546,2
13547,5
13549,51
13550,0
13551,5
13552,30
13554,0
13557,-27
13564,26
13568,0
13569,2
13572,1
13575,-2
13577,30
13584,1
13585,120
13587,45
13597,0
13599,0
13602,32
13605,0
13608,40
13610,-1
13611,0
13612,1
13613,0
13614,35
13615,16
13619,4
13628,17
13630,45
13631,7
13632,27
13634,81
13641,32
13648,5
13651,0
13658,-1
13660,0
13663,0
13667,2
13671,5
13674,2
13676,0
13677,0
13678,4
13681,2
13687,-13
13691,8
13693,68
13696,782
13697,0
13700,2
13701,4
13702,1
13704,0
13706,0
13710,1063
13713,0
13715,47
13716,1
13717,13
13718,1
13721,8
13724,1
13727,9
13728,113
13729,1
13734,1
13735,2
13736,0
13737,5
13738,26
13739,8
13740,17
13741,70
13742,0
13744,10
13745,-11
13746,274
13747,0
13748,7
13751,7
13756,23
13757,15
13760,0
13762,1
13763,0
13770,0
13771,11
13772,6
13780,2
13781,0
13782,332
13785,731
13786,321
13788,-5
13789,24
13796,2
13797,20
13801,44
13802,577
13805,175
13809,8
13810,0
13812,34
13817,15
13820,-2
13823,1
13827,-2
13829,110
13837,1
13842,7
13845,0
13848,9
13849,1
13850,29
13851,1
13852,0
13853,120
13854,2
13857,0
13863,5
13864,5
13866,27
13867,26
13868,0
13869,40
13870,-9
13871,94
13872,0
13873,3
13879,15
13881,1
13882,4
13885,1
13888,0
13890,0
13891,27
13895,0
13896,0
13897,327
13898,0
13901,8
13906,50
13907,0
13909,149
13912,3
13913,10
13914,0
13917,0
13919,0
13931,14
13936,7
13937,29
13942,0
13946,45
13958,29
13959,3
13960,373
13961,0
13963,-1
13964,0
13969,13
13970,0
13973,0
13975,103
13979,855
13981,43
13982,89
13983,34
13988,73
13989,7
13998,11
14000,30
14002,121
14005,-5
14008,19
14015,0
14018,19
14020,5
14022,2
14023,1
14025,90
14026,18
14029,2
14031,102
14035,229
14036,6
14040,251
14043,10
14044,10
14049,-1
14054,0
14055,3
14056,1
14059,179
14060,1
14064,2
14066,3
14072,18
14073,5
14074,0
14080,0
14081,532
14082,13
14089,0
14092,-6
14093,1
14096,0
14097,0
14099,10
14103,2
14105,1
14108,22
14111,35
14116,0
14118,15
14119,-3
14122,27
14125,8
14128,89
14131,1
14132,0
14133,286
14134,16
14137,32
14139,8
14140,0
14146,0
14147,-2
14149,1
14153,0
14157,113
14160,-16
14168,14
14171,1
14174,12
14175,-14
14176,292
14188,3
14195,8
14201,0
14206,4
14209,38
14213,0
14216,-4
14217,1
14218,6
14220,39
14225,18
14227,-5
14229,14
14230,7
14231,6
14233,1
14234,2
14235,0
14241,25
14242,0
14243,13
14244,0
14245,955
14246,3
14247,14
14253,6
14254,0
14259,10
14263,39
14264,4
14270,241
14273,5
14276,7
14278,0
14281,-1
14282,0
14284,-4
14285,3
14287,9
14288,1
14289,0
14291,47
14292,-2
14294,-9
14295,1
14296,0
14298,109
14299,37
14300,-3
14309,-2
14310,0
14311,1
14312,-2
14314,530
14315,-3
14318,286
14319,63
14321,-5
14322,10
14323,0
14324,0
14329,-14
14330,548
14332,39
14335,0
14338,3
14340,1
14342,-1
14347,-14
14350,-2
14357,1
14358,4
14359,1
14363,0
14367,57
14368,5
14370,0
14371,55
14374,1
14375,8
14376,0
14378,4
14382,-12
14383,48
14384,-2
14385,80
14390,8
14391,0
14394,870
14395,23
14398,0
14401,42
14402,2
14403,0
14406,0
14407,1
14409,-6
14410,37
14412,31
14417,5
14418,3
14424,117
14430,0
14431,0
14436,-4
14437,0
14439,23
14441,3
14442,73
14444,44
14445,-1
14446,0
14448,0
14449,0
14450,0
14451,3
14452,2
14453,70
14455,22
14457,-11
14458,10
14459,6
14460,285
14461,-7
14463,67
14464,0
14467,37
14468,-4
14469,0
14470,1
14472,-1
14474,36
14476,19
14477,5
14479,67
14480,28
14481,0
14482,462
14483,1
14485,7
14486,0
14488,1
14492,12
14493,2
14494,0
14497,0
14500,25
14501,0
14504,1
14505,24
14506,9
14507,-1
14509,-3
14513,268
14516,54
14520,14
14521,0
14522,1
14525,109
14532,65
14533,5
14534,3
14541,0
14542,331
14546,27
14547,11
14549,1
14556,1
14559,0
14560,3
14564,25
14570,3
14571,5
14575,325
14576,0
14578,-6
14587,-3
14588,-6
14589,2
14595,0
14597,32
14598,37
14599,0
14600,3
14605,0
14607,2
14610,5
14614,2
14616,7
14617,5
14620,0
14630,3
14631,0
14641,3
14642,1
14643,38
14645,25
14648,5
14649,4
14650,745
14653,4
14654,0
14658,5
14663,0
14664,-2
14671,0
14674,1
14675,0
14677,0
14678,-2
14683,1
14684,54
14685,10
14692,137
14693,5
14696,16
14699,18
14700,11
14706,1
14707,99
14709,0
14715,0
14716,0
14717,0
14720,3
14721,1
14722,265
14725,69
14732,1
14734,140
14738,5
14739,9
14740,11
14743,2
14744,4
14745,-2
14749,1
14754,39
14757,19
14758,13
14759,0
14760,0
14762,2
14765,7
14766,0
14769,0
14770,27
14771,0
14772,0
14778,0
14779,1
14784,334
14786,6
14787,49
14789,3
14792,0
14793,-1
14794,-1
14795,4
14797,1
14800,33
14803,0
14806,6
14807,161
14809,146
14812,94
14815,3
14824,0
14829,29
14832,61
14836,2
14838,89
14841,205
14846,8
14849,0
14850,0
14851,0
14852,10
14853,0
14855,2
14856,72
14860,4
14861,4
14865,-9
14867,1
14868,1
14872,2
14879,-1
14880,3
14884,0
14885,0
14889,3
14897,0
14900,4
14901,0
14903,0
14904,0
14905,87
14911,1
14914,27
14920,67
14922,4
14927,0
14928,-5
14933,18
14934,1131
14937,0
14939,49
14940,2
14941,-1
14942,0
14943,1
14944,0
14953,15
14954,14
14956,2
14960,0
14961,0
14962,33
14968,0
14970,0
14971,3
14973,0
14974,2
14975,2
14977,39
14980,294
14981,1
14988,-1
14990,0
14996,0
14997,0
14998,2
15007,0
15011,24
15012,0
15016,7
15017,1
15021,1
15023,0
15029,0
15031,2
15032,6
15033,15
15043,32
15044,3
15045,36
15046,14
15047,-2
15048,6
15049,0
15051,128
15053,1
15054,0
15055,167
15058,0
15059,83
15060,1
15061,0
15062,-1
15063,29
15066,23
15074,26
15077,0
15080,47
15084,0
15089,5
15090,230
15091,14
15093,0
15094,-1
15096,7
15097,0
15099,10
15104,0
15105,1
15106,2
15107,0
15109,0
15110,9
15114,0
15120,0
15121,5
15122,-1
15124,0
15127,2
15128,0
15131,43
15137,2
15138,1
15140,28
15141,0
15146,26
15148,0
15149,0
15155,27
15158,0
15163,0
15164,1
15168,22
15169,46
15176,166
15177,1
15178,0
15179,14
15183,-1
15186,5
15192,0
15194,6
15200,0
15204,1
15205,0
15206,2
15208,0
15212,0
15213,7
15214,5
15220,22
15221,13
15223,24
15226,0
15227,6
15228,18
15229,-3
15231,19
15234,7
15235,51
15243,132
15245,4
15246,223
15248,18
15253,0
15255,3
15257,-3
15258,7
15259,1
15261,0
15264,1
15265,0
15267,5
15268,0
15269,0
15271,31
15274,2460
15276,30
15278,25
15279,1
15281,-5
15283,2
15285,-12
15289,15
15290,-2
15291,-7
15294,1
15298,4
15299,16
15300,415
15301,5
15302,5
15303,1
15305,5
15306,9
15307,0
15308,16
15312,4
15314,3
15315,0
15317,-16
15318,0
15321,3
15323,3
15326,0
15328,2
15337,40
15340,6
15345,0
15346,2
15347,1
15348,4
15349,3
15350,1
15353,109
15354,1
15356,1
15361,10
15362,2
15365,2
15366,0
15367,6
15368,0
15370,14
15371,2
15373,2
15377,2
15380,283
15384,2
15390,2
15391,0
15393,-15
15396,59
15399,3
15400,5
15401,30
15404,3
15405,3
15411,17
15412,68
15413,-2
15415,259
15416,3
15419,0
15421,0
15422,9
15424,0
15425,1
15428,10
15429,169
15433,0
15436,1
15438,0
15439,1
15441,0
15442,4
15443,0
15444,-3
15445,7
15446,0
15450,8
15452,0
15454,0
15457,-1
15458,-1
15459,4
15460,12
15461,10
15462,17
15470,12
15472,7
15475,0
15479,17
15480,1
15483,56
15489,3
15490,2
15491,3
15492,-20
15494,1
15496,-6
15498,11
15499,0
15500,29
15505,-1
15507,1
15508,11
15511,103
15518,0
15519,1
15520,8
15522,0
15531,0
15539,7
15541,1
15545,3
15554,60
15555,1
15566,0
15567,-14
15570,-10
15573,25
15575,0
15576,0
15577,6
15581,0
15583,7
15585,-11
15586,0
15590,15
15595,0
15598,3
15599,0
15601,0
15603,466
15605,1
15606,4
15608,36
15614,0
15617,53
15621,0
15623,38
15625,12
15635,2
15636,1
15641,1
15642,0
15643,0
15644,1
15650,-4
15651,0
15653,111
15658,1
15661,0
15662,-2
15663,1
15669,4
15671,122
15673,7
15674,1
15675,0
15676,0
15677,7
15678,0
15684,0
15690,0
15701,0
15703,1
15707,35
15708,0
15709,44
15715,1
15718,2
15719,7
15720,0
15722,1
15724,41
15725,0
15729,61
15730,-4
15732,1
15737,3
15739,-5
15743,71
15744,2
15745,110
15746,4
15748,5
15749,29
15750,0
15752,0
15758,1
15759,0
15760,0
15761,-6
15765,0
15768,30
15770,3
15772,3
15777,3
15778,56
15780,28
15782,1674
15783,97
15784,118
15785,53
15788,-1
15789,22
15791,2
15793,5
15794,-4
15795,0
15801,-3
15802,129
15804,265
15808,3
15812,0
15814,17
15816,-3
15818,1
15819,1
15822,0
15823,11
15824,3
15825,0
15826,2
15827,0
15828,2
15829,-1
15831,5
15833,0
15835,3
15838,1
15845,1
15848,0
15852,2
15854,0
15855,0
15862,0
15865,4
15870,3
15873,0
15885,3
15889,41
15891,1
15893,2
15894,1
15897,5
15900,0
15901,2
15905,6
15908,37
15910,11
15912,17
15916,0
15920,12
15922,6
15924,0
15928,1
15936,-7
15940,0
15944,6
15949,0
15954,-1
15956,114
15958,2
15959,0
15967,0
15969,0
15970,2
15972,0
15973,311
15975,0
15977,9
15978,0
15979,38
15980,1
15981,-1
15983,13
15984,2
15986,0
15988,0
15989,-1
15991,0
15992,0
15993,10
15995,0
15996,45
15997,-1
15998,191
16005,84
16006,3
16007,3
16011,0
16014,0
16015,0
16016,1
16019,0
16020,110
16021,2
16023,11
16025,0
16026,17
16028,28
16031,9
16036,59
16037,2
16041,0
16042,6
16045,0
16049,0
16051,-5
16054,22
16061,2
16066,0
16076,3
16077,0
16079,6
16090,0
16095,0
16097,1
16100,85
16102,1
16106,0
16111,235
16114,5
16117,52
16121,0
16122,25
16128,0
16131,7
16136,4
16137,7
16139,4
16141,34
16142,0
16143,8
16147,346
16150,0
16151,0
16152,3
16154,56
16157,1
16158,2
16162,0
16163,0
16164,0
16165,0
16168,0
16179,14
16180,38
16182,0
16185,-1
16186,1
16187,3
16189,109
16199,690
16204,0
16205,64
16208,9
16210,0
16211,734
16212,1
16214,4
16216,5
16218,0
16219,27
16220,1
16222,2
16224,0
16227,2
16228,0
16231,15
16235,0
16236,2
16241,0
16242,1
16243,0
16245,9
16246,2
16250,0
16253,10
16254,299
16255,1
16257,4
16258,0
16265,0
16266,1
16268,0
16269,7
16273,3
16277,0
16279,0
16283,0
16288,0
16290,4
16291,0
16303,3
16304,29
16306,184
16310,3
16311,-2
16314,1
16318,7
16323,2
16324,21
16326,-1
16327,2
16330,112
16332,1
16333,4
16335,-21
16338,51
16339,1
16340,1
16343,0
16349,3
16351,18
16353,418
16354,41
16360,82
16365,5
16367,-5
16368,14
16373,10
16374,42
16376,116
16379,1
16381,3
16382,54
16383,16
16385,3
16390,4
16391,0
16392,0
16396,1
16397,614
16399,1
16404,0
16406,0
16407,-8
16409,0
16410,20
16411,0
16413,9
16419,0
16428,-1
16431,43
16437,7
16442,2
16446,0
16448,2
16451,0
16454,50
16459,17
16462,87
16463,9
16464,34
16468,2
16470,1
16471,1
16472,0
16487,7
16502,3
16504,115
16505,1
16510,1
16511,72
16512,7
16514,-24
16516,-2
16517,0
16519,9
16522,8
16527,94
16538,0
16541,1
16545,9
16549,15
16550,108
16551,-1
16554,0
16555,0
16556,-1
16557,0
16559,0
16565,26
16568,2
16570,0
16572,24
16575,0
16576,7
16577,8
16579,7
16583,65
16589,22
16590,30
16598,20
16600,0
16605,2
16606,410
16607,0
16617,3
16626,0
16627,-33
16630,52
16631,0
16632,14
16638,-5
16642,18
16643,151
16644,-1
16647,51
16650,1
16655,0
16659,1
16661,0
16672,25
16676,2
16677,0
16681,107
16688,1
16690,0
16693,0
16696,172
16698,0
16699,0
16700,2
16702,0
16706,52
16707,8
16712,0
16716,104
16717,0
16722,10
16723,1
16727,44
16734,0
16736,2
16759,92
16766,37
16777,5
16780,14
16790,18
16792,0
16796,0
16797,0
16798,8
16800,16
16801,0
16802,8
16804,-24
16805,28
16806,4
16807,0
16809,0
16811,2
16816,4
16817,3
16818,4
16820,0
16821,5
16823,85
16826,13
16831,0
16832,0
16834,3
16835,-8
16836,-3
16839,0
16841,0
16843,26
16849,22
16852,169
16854,4
16856,0
16857,0
16858,-3
16865,1
16866,95
16871,1
16872,999
16873,-3
16883,0
16885,0
16886,0
16887,0
16890,0
16891,12
16892,0
16895,1
16906,4
16907,0
16909,89
16914,0
16915,5
16919,18
16922,235
16924,0
16929,30
16930,0
16933,1
16934,0
16937,0
16940,0
16950,48
16951,0
16952,16
16955,169
16958,36
16960,0
16963,2
16964,-7
16966,5
16970,94
16971,1
16974,132
16976,7
16977,11
16979,0
16980,1
16987,41
16991,25
16992,0
16995,-4
16996,-15
17001,54
17002,79
17009,2
17010,1222
17011,1
17014,27
17016,45
17020,0
17025,1
17026,0
17029,4
17030,11
17031,3
17033,36
17034,0
17044,-2
17046,3
17048,4
17049,-10
17053,3
17055,275
17057,2
17059,48
17060,150
17061,247
17062,0
17063,310
17064,82
17072,79
17073,22
17075,1
17077,-3
17078,158
17081,31
17082,0
17085,14
17086,4078
17089,617
17090,-11
17091,-14
17092,-2
17093,17
17098,556
17103,0
17106,3
17111,-1
17112,0
17117,11
17118,0
17119,12
17121,0
17123,1
17125,2
17127,0
17128,41
17133,0
17135,-3
17138,1
17142,0
17143,660
17144,0
17145,174
17149,9
17151,-2
17152,40
17153,55
17157,12
17158,0
17159,0
17160,2
17162,0
17163,0
17175,1
17180,8
17186,-1
17188,0
17191,4
17192,1
17208,2
17211,0
17215,1
17216,0
17219,53
17225,7
17229,38
17230,0
17231,29
17232,200
17234,0
17235,0
17241,20
17243,-20
17245,66
17249,-3
17250,5
17254,23
17255,2
17258,17
17260,0
17271,0
17273,0
17280,2
17281,2
17284,0
17288,21
17289,13
17290,7
17291,-3
17294,0
17298,42
17305,90
17309,0
17310,-2
17311,31
17312,27
17313,124
17314,0
17322,1
17327,-11
17331,1
17333,0
17335,0
17338,15
17339,2
17340,0
17343,6
17345,0
17347,-2
17350,148
17355,0
17356,17
17360,7
17365,-4
17366,51
17370,1
17372,2
17377,3
17381,1
17383,0
17389,6
17394,0
17395,1
17397,9
17403,8
17413,0
17416,48
17423,634
17429,2
17430,4
17431,-2
17432,1
17434,0
17435,1
17436,256
17437,-1
17438,0
17440,0
17442,1
17443,-1
17448,42
17461,5
17464,0
17469,11
17470,8
17472,1
17475,1
17479,0
17481,14
17483,4
17486,1
17487,0
17489,1
17491,0
17492,10
17496,1
17501,5
17504,0
17511,1
17513,539
17519,3
17520,9
17522,14
17523,0
17524,31
17525,0
17528,58
17532,211
17538,-3
17543,0
17547,7
17548,0
17551,-3
17552,3
17553,15
17555,97
17556,3
17560,3
17561,19
17563,0
17566,49
17567,0
17570,1
17574,7
17576,1
17582,20
17583,-1
17587,4
17589,50
17590,0
17592,0
17593,14
17601,1
17605,46
17606,0
17607,1
17608,8
17609,-20
17616,1
17617,23
17619,2
17622,22
17624,6
17628,32
17629,1
17631,0
17632,0
17633,33
17634,5
17635,150
17640,2
17641,0
17645,0
17646,0
17658,29
17661,3
17665,-10
17666,0
17667,0
17668,0
17680,1
17683,-7
17689,0
17690,86
17691,147
17695,1
17700,0
17702,2
17705,158
17708,76
17709,0
17712,0
17713,2
17714,0
17715,5
17718,13
17720,3
17722,22
17723,4
17728,14
17733,58
17735,4
17738,0
17739,-11
17743,0
17751,1
17752,14
17753,10
17755,3
17756,1
17759,-4
17761,0
17764,3
17767,68
17768,10
17770,-4
17772,7
17775,0
17779,-14
17784,55
17787,5
17792,-3
17793,133
17796,6
17797,38
17798,-22
17800,157
17805,5
17807,0
17808,1
17813,19
17814,0
17819,27
17830,42
17835,25
17836,103
17843,5
17845,31
17852,1
17854,1
17863,-2
17864,42
17866,0
17867,-4
17869,14
17874,0
17876,11
17880,14
17881,-6
17884,193
17885,46
17886,2
17887,-8
17888,6
17889,1
17890,1
17894,92
17896,0
17897,1
17898,2
17900,0
17908,2
17909,44
17912,0
17915,1
17917,0
17918,26
17921,1
17923,39
17924,25
17926,66
17927,-44
17929,0
17931,4
17932,1
17933,79
17938,27
17940,11
17946,119
17954,2
17957,0
17958,-4
17959,0
17960,-5
17963,1
17964,0
17968,203
17969,45
17973,0
17975,0
17978,0
17979,41
17980,34
17984,21
17986,0
17987,4
17991,5
17992,330
17993,253
17994,2
17997,0
17998,-1
18000,4
18004,208
18009,-6
18013,2
18014,-2
18018,5
18022,0
18023,28
18025,2
18027,150
18028,7
18032,0
18034,-4
18035,243
18037,0
18041,34
18042,1
18048,3
18049,2
18053,2
18054,1
18058,2
18061,9
18068,2
18071,0
18072,8
18075,1
18077,1
18086,5
18088,0
18095,1
18096,4
18097,41
18101,1
18109,11
18110,0
18116,10
18117,-1
18120,0
18121,32
18122,1
18127,0
18130,0
18131,1
18132,0
18136,0
18140,-1
18141,5
18142,137
18143,26
18144,5
18145,0
18148,11
18150,0
18152,3
18155,110
18159,1
18160,471
18162,3
18165,1
18168,153
18169,11
18171,42
18175,1
18178,2
18179,-3
18180,0
18185,0
18186,3
18187,0
18191,0
18192,0
18194,0
18195,0
18198,-1
18200,0
18204,4
18206,0
18210,7
18211,0
18213,5
18214,39
18215,1
18216,0
18218,23
18220,22
18222,0
18224,0
18226,0
18227,198
18228,31
18234,2
18237,1
18242,21
18243,9
18247,0
18248,9
18249,14
18251,0
18252,67
18256,-9
18262,67
18264,0
18267,4
18268,6
18269,0
18271,4
18272,0
18273,0
18274,0
18275,19
18277,11
18280,1
18287,14
18288,419
18291,1
18295,9
18299,133
18300,3
18302,15
18306,26
18307,12
18308,1
18310,39
18313,14
18315,0
18316,8
18317,2
18319,1
18322,2
18323,4
18326,6
18328,0
18334,0
18335,7
18339,2
18346,24
18348,0
18355,-1
18357,0
18360,4
18361,2
18365,2
18367,4
18368,3
18369,0
18370,0
18376,2
18377,67
18381,3
18383,108
18386,34
18391,1
18393,7
18396,0
18398,1
18399,0
18401,1
18404,0
18405,-1
18408,0
18412,0
18415,0
18416,16
18417,0
18421,3
18432,0
18437,-2
18439,14
18440,1
18441,0
18443,6
18445,15
18447,-6
18449,0
18451,0
18457,-9
18460,-3
18461,-9
18462,0
18464,1
18465,0
18466,0
18467,191
18468,0
18470,-6
18472,15
18473,36
18474,0
18475,0
18477,-9
18479,19
18480,4
18481,5
18482,1
18483,30
18485,11
18487,14
18491,27
18494,0
18498,0
18501,1
18503,30
18514,2
18516,1
18518,0
18521,2
18523,8
18525,39
18527,0
18529,7
18543,15
18544,16
18546,4
18551,0
18552,5
18557,64
18558,0
18561,1
18564,-6
18570,0
18578,-2
18579,-11
18582,0
18590,0
18591,8
18592,-3
18593,0
18594,70
18595,12
18598,20
18600,0
18602,1
18603,-12
18606,-23
18607,0
18608,0
18609,0
18611,1
18612,14
18613,-2
18614,0
18618,0
18619,-4
18621,-3
18623,-6
18624,26
18625,9
18626,2
18627,0
18629,4
18632,1
18639,4
18642,1
18649,6
18653,0
18657,0
18660,132
18661,-3
18664,0
18665,7
18670,10
18677,4
18680,0
18681,19
18682,9
18683,-1
18688,0
18689,1
18691,84
18695,13
18697,1
18700,10
18702,10
18706,2
18707,0
18710,0
18712,71
18713,15
18718,0
18724,0
18727,1
18729,-6
18732,9
18733,0
18741,8
18742,4
18743,1
18746,4
18753,21
18756,1
18757,0
18760,-3
18761,0
18767,0
18768,1
18770,6
18772,-5
18779,37
18780,0
18781,-5
18782,8
18787,1
18788,0
18791,6
18800,58
18801,1
18802,24
18807,44
18810,0
18813,1
18814,1
18817,26
18818,2
18821,9
18822,1
18823,19
18824,36
18825,3
18833,23
18835,0
18837,2
18839,0
18840,-1
18841,51
18842,20
18843,33
18847,-1
18848,0
18854,2
18855,4
18857,0
18861,2
18864,16
18867,23
18869,1
18870,1
18873,1
18874,82
18875,38
18877,-12
18879,0
18881,4
18882,2
18883,8
18884,0
18885,2
18886,91
18887,184
18892,28
18894,0
18895,2
18897,5
18898,1
18899,15
18906,2
18907,0
18911,124
18912,0
18918,190
18919,50
18920,-1
18924,0
18929,0
18931,11
18937,3
18939,17
18940,1
18942,230
18943,0
18944,0
18948,0
18950,6
18951,0
18955,1
18956,0
18957,73
18959,44
18961,2
18962,1
18965,52
18970,3
18972,17
18973,0
18974,243
18979,2
18980,131
18981,57
18983,-5
18984,147
18987,22
18988,0
18991,30
18992,0
18994,1
18996,-3
18997,27
18998,0
19000,6
19001,1
19005,-22
19008,0
19011,1
19016,11
19017,7
19023,24
19025,7
19029,51
19032,10
19053,0
19061,27
19062,25
19067,6
19068,0
19069,10
19071,1
19072,21
19073,4
19074,90
19075,27
19084,-7
19085,0
19086,1
19088,2
19089,-19
19092,5
19093,227
19094,1
19095,7
19098,39
19108,0
19112,-1
19113,2
19117,1
19119,0
19120,8
19121,-14
19128,1
19134,2
19136,0
19138,-4
19141,0
19144,0
19145,76
19150,31
19152,0
19153,1
19156,9
19158,21
19163,-1
19164,0
19166,-3
19168,16
19169,24
19170,-10
19171,0
19173,0
19175,1
19179,8
19183,2
19186,14
19187,0
19189,0
19191,1
19193,170
19197,0
19202,10
19205,0
19206,0
19207,0
19208,0
19209,75
19211,1
19212,-7
19216,0
19217,10
19218,0
19219,9
19220,-17
19225,3
19226,1
19231,1
19234,17
19237,0
19241,-4
19244,0
19245,1
19246,0
19252,-2
19255,11
19257,-12
19258,10
19259,0
19260,0
19261,16
19262,-5
19264,3
19268,137
19269,3
19270,12
19271,-2
19274,0
19275,0
19276,3
19277,-2
19278,-5
19279,0
19280,-6
19281,9
19282,0
19283,0
19286,189
19287,0
19288,12
19291,11
19293,-6
19294,10
19301,0
19302,0
19307,-2
19308,19
19309,0
19311,-1
19316,6
19319,101
19321,0
19322,0
19326,1
19328,0
19332,1
19333,0
19334,0
19338,0
19340,2
19343,2
19345,0
19346,-1
19349,-4
19354,0
19355,1
19356,-2
19357,8
19358,0
19359,0
19361,10
19362,3
19363,1
19364,127
19365,15
19367,0
19368,25
19369,-4
19372,-2
19374,501
19376,-2
19378,0
19379,-3
19381,0
19382,-1
19387,39
19396,0
19398,0
19401,2
19403,30
19408,9
19411,0
19413,10
19415,13
19417,0
19418,58
19423,-1
19425,1
19426,-14
19429,0
19430,27
19433,27
19438,0
19441,0
19442,-1
19444,2
19445,2
19447,-2
19450,-2
19455,0
19459,-1
19463,10
19464,15
19465,274
19467,3
19469,289
19474,236
19476,0
19479,23
19484,174
19485,175
19486,8
19488,90
19490,0
19491,163
19493,7
19495,11
19498,0
19500,19
19502,1
19503,134
19507,192
19508,141
19509,0
19510,92
19515,3
19516,0
19517,121
19520,100
19521,89
19522,-1
19523,0
19525,9
19526,0
19535,109
19536,30
19538,78
19539,74
19544,433
19549,15
19550,3
19552,1
19553,-2
19554,2
19558,0
19560,55
19561,3
19562,0
19563,0
19568,52
19570,4
19571,44
19572,1
19575,49
19580,50
19581,73
19582,0
19587,37
19588,18
19594,49
19595,0
19598,0
19601,3
19602,0
19606,7
19614,31
19615,32
19616,11
19617,1
19620,13
19622,2
19623,20
19625,4
19626,35
19627,136
19628,0
19629,24
19631,-11
19632,1
19634,70
19637,3
19638,0
19643,8
19646,0
19648,0
19652,6
19653,0
19655,0
19661,42
19663,0
19665,1
19675,-3
19676,-2
19680,1
19681,0
19683,32
19684,24
19686,114
19688,22
19691,67
19693,369
19694,17
19698,40
19700,3
19702,0
19705,0
19706,0
19707,2
19712,2
19713,8
19714,-6
19715,16
19717,2
19718,16
19719,7
19720,-2
19722,0
19723,0
19725,1
19726,2
19731,0
19734,76
19735,46
19737,37
19738,38
19744,-7
19750,25
19752,0
19753,21
19756,123
19757,9
19759,-3
19766,0
19768,4
19770,11
19771,12
19772,1
19775,8
19776,2
19777,-19
19778,41
19779,37
19780,-2
19782,0
19783,7
19787,6
19788,0
19789,1
19791,13
19793,29
19795,0
19797,3
19798,0
19799,6
19806,25
19809,99
19814,2
19815,21
19816,16
19819,165
19824,0
19830,0
19834,0
19842,0
19843,1
19845,2
19853,0
19855,4
19859,10
19862,22
19863,1
19864,19
19865,89
19866,438
19867,13
19869,16
19870,16
19872,0
19873,0
19883,31
19884,1
19885,0
19889,69
19895,119
19896,9
19899,1
19900,25
19902,1
19904,4
19906,0
19909,138
19910,22
19911,10
19912,0
19915,0
19916,1
19924,0
19934,43
19938,0
19943,0
19944,4
19946,0
19947,-3
19949,0
19950,2
19953,0
19956,7
19957,0
19959,28
19960,33
19964,76
19965,5
19967,1
19968,1
19976,2
19992,82
19993,18
19998,3
19999,6
20001,11
20002,0
20005,0
20006,-12
20008,28
20009,0
20012,0
20015,0
20016,0
20018,38
20021,30
20024,2
20025,11
20027,22
20030,181
20031,15
20032,4
20033,8
20034,9
20035,3
20036,228
20037,0
20038,30
20040,1
20042,1
20043,62
20045,1
20047,23
20050,4
20051,2
20057,16
20059,0
20061,0
20064,5
20065,3
20070,1
20075,7
20081,1
20084,13
20087,1
20091,-7
20097,60
20098,24
20099,16
20100,0
20107,1
20109,19
20111,46
20112,21
20114,0
20116,0
20118,8
20121,6
20122,2
20123,0
20124,0
20127,0
20130,8
20132,67
20133,1
20137,22
20138,17
20139,0
20142,0
20145,82
20146,0
20147,0
20148,0
20149,0
20152,-2
20153,0
20154,1
20156,0
20162,3
20164,5
20166,17
20172,2
20175,19
20178,1
20182,0
20185,0
20187,23
20192,0
20200,86
20201,1
20202,65
20204,2
20205,53
20212,29
20217,0
20225,17
20227,46
20229,4
20230,0
20231,0
20232,382
20233,0
20234,5
20236,33
20237,41
20238,30
20239,19
20242,0
20243,1
20244,1
20249,20
20250,30
20251,0
20252,3
20253,26
20254,0
20255,-1
20256,-2
20257,0
20260,0
20261,378
20262,0
20263,9
20267,57
20268,11
20269,0
20270,2
20275,5
20276,12
20280,22
20282,9
20283,0
20285,2
20286,6
20288,2
20292,65
20295,224
20297,115
20298,-5
20299,0
20300,3
20301,98
20304,0
20305,1
20307,4
20308,0
20309,0
20312,0
20315,75
20320,0
20321,11
20325,2
20326,-1
20327,148
20328,2
20329,0
20330,0
20338,5
20344,0
20345,10
20348,0
20349,9
20356,0
20357,68
20358,3
20360,5
20361,7
20362,15
20363,112
20380,0
20385,1
20386,25
20389,18
20393,2
20395,20
20403,0
20406,0
20407,1
20408,6
20410,4
20411,0
20412,42
20415,1
20420,9
20423,3
20424,2
20425,7
20426,0
20428,0
20430,45
20431,1
20433,1
20436,12
20438,2
20440,40
20441,20
20444,1
20445,27
20448,15
20450,5
20452,49
20454,0
20455,18
20456,0
20457,29
20458,0
20459,0
20460,2
20462,8
20465,-12
20466,8
20467,15
20468,4
20469,76
20471,69
20476,10
20477,3
20480,2
20490,1
20495,0
20498,8
20500,2
20503,0
20510,0
20512,0
20514,9
20516,0
20517,2
20518,-1
20519,0
20520,17
20523,72
20524,-5
20525,22
20528,71
20532,-5
20533,20
20534,28
20541,24
20542,0
20544,0
20545,14
20546,9
20547,0
20549,0
20550,4
20551,115
20552,0
20554,3
20563,22
20566,58
20579,2
20582,70
20584,5
20590,4
20593,1
20594,2
20595,0
20597,3
20600,0
20602,12
20606,0
20608,0
20609,2
20614,0
20615,35
20617,1
20618,0
20620,11
20622,15
20626,-5
20628,8
20629,161
20631,50
20637,0
20640,28
20643,1
20644,14
20647,1
20651,0
20653,8
20656,0
20663,0
20664,1
20669,4
20670,23
20678,0
20679,2
20684,36
20686,0
20687,471
20689,1
20690,4
20693,0
20696,4
20698,6
20700,15
20702,0
20709,8
20710,4
20711,3
20713,41
20715,-9
20718,15
20719,0
20720,0
20722,0
20723,14
20726,0
20728,6
20730,16
20731,0
20734,4
20739,0
20740,0
20744,0
20747,80
20748,0
20749,0
20751,0
20754,0
20755,38
20758,0
20766,3
20769,1
20771,1
20773,2
20778,0
20779,0
20781,1
20783,8
20784,0
20785,-1
20786,153
20794,1
20795,15
20797,1
20799,0
20800,23
20803,18
20804,1
20809,0
20812,0
20815,0
20818,0
20820,1
20821,6
20824,9
20825,0
20826,0
20827,0
20829,3
20830,1
20831,50
20833,31
20836,9
20837,6
20838,2
20839,3
20844,0
20846,7
20847,2
20850,0
20851,0
20852,1
20853,5
20858,0
20865,5
20866,8
20867,1
20869,2
20870,0
20872,0
20878,0
20880,284
20884,-3
20885,2
20886,17
20888,1
20890,62
20892,0
20893,0
20894,6
20895,1
20896,4
20898,0
20899,0
20904,8
20908,1
20912,0
20914,18
20919,6
20923,0
20926,5
20927,-1
20928,2
20931,-9
20937,2
20938,-1
20944,2
20945,9
20946,0
20948,0
20951,0
20952,41
20953,0
20955,2
20956,23
20960,54
20962,11
20963,79
20964,1
20967,38
20969,21
20971,0
20972,2
20973,1
20974,14
20976,4
20978,10
20982,1
20983,0
20986,0
20988,1
20990,5
20991,0
20992,25
20995,44
20996,3
21003,37
21006,0
21013,2
21016,2
21017,0
21020,7
21021,0
21025,0
21026,10
21029,1
21032,0
21033,0
21034,0
21035,0
21036,0
21045,18
21047,6
21048,0
21051,82
21053,78
21055,0
21056,5
21058,1
21066,0
21069,34
21071,18
21073,4
21078,0
21079,29
21081,1
21085,4
21087,1
21089,0
21092,0
21096,0
21097,1
21102,19
21104,12
21107,6
21108,3
21109,10
21110,94
21111,0
21113,18
21114,0
21118,0
21119,36
21122,13
21123,0
21124,20
21126,4
21127,7
21129,18
21131,3
21133,4
21134,1
21138,1
21141,0
21143,0
21146,0
21148,0
21151,13
21152,73
21155,0
21159,5
21160,-2
21161,11
21163,89
21164,2
21165,0
21167,0
21168,-1
21169,2
21170,6
21172,-1
21177,0
21182,0
21183,0
21184,44
21185,8
21186,1
21187,28
21189,0
21196,91
21198,0
21199,2
21200,0
21202,3
21204,6
21207,0
21216,0
21220,22
21224,0
21226,0
21227,35
21230,10
21231,73
21232,0
21239,7
21241,3
21251,115
21257,52
21259,11
21260,6
21265,3
21271,90
21272,0
21274,0
21277,0
21283,7
21289,0
21290,13
21291,0
21293,5
21300,8
21301,0
21306,0
21308,0
21310,0
21312,-29
21314,0
21319,7
21324,50
21325,0
21327,3
21337,8
21343,0
21348,1
21350,24
21351,174
21353,1
21358,1
21360,13
21361,4
21363,106
21364,0
21365,1
21367,1
21370,-2
21371,0
21373,0
21374,39
21375,0
21377,0
21385,3
21386,33
21388,7
21398,0
21403,0
21406,0
21410,60
21412,8
21413,1
21414,10
21415,2
21421,0
21428,20
21431,-3
21435,5
21436,0
21440,0
21446,1
21448,51
21452,0
21463,351
21466,11
21467,0
21468,1
21470,1
21472,15
21474,1
21475,5
21478,0
21481,0
21483,1
21487,34
21489,15
21493,-3
21494,2
21498,13
21505,0
21506,10
21507,0
21509,0
21513,12
21515,0
21521,0
21522,1
21523,0
21526,14
21528,0
21532,3
21533,8
21535,0
21544,19
21550,3
21552,0
21554,8
21555,-1
21556,0
21558,4
21559,0
21560,0
21562,8
21566,34
21567,3
21572,10
21577,5
21581,0
21583,7
21585,59
21586,1
21589,0
21597,0
21598,0
21601,0
21602,0
21605,2
21608,0
21609,3
21612,2
21613,0
21614,0
21616,0
21619,0
21622,2
21625,0
21626,1
21630,0
21634,12
21638,0
21640,0
21641,13
21644,0
21647,0
21651,0
21655,1
21659,0
21660,0
21661,1
21662,68
21664,0
21666,1
21677,2
21680,6
21682,10
21685,0
21686,2
21689,0
21695,5
21696,1
21699,23
21704,85
21706,8
21707,3
21708,6
21713,0
21719,0
21720,2
21722,10
21728,0
21731,0
21732,0
21733,1
21740,0
21741,0
21748,16
21750,0
21751,0
21753,0
21758,3
21760,33
21761,0
21764,1
21768,0
21769,0
21773,0
21774,0
21775,0
21778,0
21779,2
21788,0
21790,3
21792,0
21800,2
21802,10
21803,6
21808,5
21811,1
21812,25
21813,0
21815,3
21817,10
21819,-6
21822,2
21824,0
21826,9
21828,2
21832,13
21833,1
21837,3
21842,3
21843,1
21844,0
21845,0
21849,20
21854,4
21863,6
21866,0
21868,1
21872,0
21873,0
21875,17
21878,2
21879,3
21880,0
21887,52
21889,2
21890,0
21893,1
21894,1
21896,0
21898,4
21901,6
21904,1
21910,0
21911,0
21912,22
21914,4
21916,0
21917,5
21920,0
21921,18
21922,5
21924,3
21926,4
21928,13
21933,8
21937,0
21939,0
21943,3
21945,14
21947,16
21951,0
21954,18
21957,2
21958,0
21960,21
21970,6
21971,0
21976,0
21982,0
21990,1
21993,6
21994,1
22000,2
22002,3
22004,0
22006,0
22011,10
22013,0
22014,0
22017,4
22020,9
22021,15
22022,3
22024,1
22026,0
22027,9
22030,12
22031,1
22035,1
22036,10
22047,5
22049,0
22053,1
22063,0
22064,0
22079,6
22083,0
22084,2
22085,0
22086,2
22092,1
22100,6
22101,22
22103,5
22109,0
22110,1
22111,0
22112,0
22114,1
22126,0
22128,0
22129,0
22131,0
22134,3
22138,0
22142,7
22157,0
22184,2
22186,5
22188,0
22189,2
22195,1
22209,0
22215,0
22217,0
22219,0
22220,0
22227,11
22230,0
22235,1
22237,0
22247,0
22261,2
22267,2
22268,1
22270,1
22275,0
22278,1
22279,0
22283,0
22286,0
22293,0
22294,0
22296,0
22304,0
22313,0
