uid,up_vote_count
1,299
4,9
8,1
11,2614
14,89
17,162
37,68
42,12
85,1
92,2
99,5
108,3
111,1
112,6
113,45
114,408
123,8
126,1
133,248
136,116
154,1
155,3
156,35
159,6
161,11
164,60
165,1093
167,6
173,1656
176,350
180,7
189,3
194,3
196,563
200,18
203,1
209,7
210,585
215,9
216,2626
225,1
232,424
245,372
250,311
252,317
255,3
257,1
259,69
266,43
268,1
271,120
278,14
290,5
299,30
307,1
314,5
320,1
327,3
333,1
334,90
336,6
345,6
347,7
357,161
377,1
384,2
418,121
419,1045
420,1
422,3
424,1
427,162
430,23
437,4
443,1
449,35
450,10
457,79
461,13
469,2661
471,1
484,1
501,2
505,1
512,40
516,132
521,35
524,1574
528,3
544,60
555,383
565,179
568,26
569,206
570,1
573,6
574,115
583,39
584,58
587,65
589,2
593,7
595,3
599,2
628,3
633,1
653,518
657,2
665,10
695,83
702,3
716,9
723,37
728,195
733,29
739,1
744,7
746,1
747,40
749,186
754,17
755,1
763,1
766,114
776,493
798,68
799,622
815,12
828,1
832,73
836,7
838,2
840,7
879,1
887,11
894,38
910,40
911,138
945,143
968,1
969,4
974,3
987,257
991,13
1001,59
1018,6
1020,373
1021,500
1028,36
1030,2
1050,66
1067,1
1069,48
1073,392
1075,31
1086,17
1090,3
1091,8
1097,92
1098,1
1105,3917
1108,411
1115,2
1122,2
1124,1764
1132,67
1148,5
1164,1
1174,1
1179,1044
1189,646
1191,33
1201,10
1217,5
1226,241
1242,3
1245,1
1247,3
1250,627
1254,2
1258,3
1261,34
1263,162
1274,13
1275,286
1283,612
1313,2
1323,1
1326,1
1328,44
1331,161
1339,58
1347,15
1348,36
1364,67
1366,2
1376,10
1380,35
1385,2
1387,7
1403,4
1416,4
1417,1
1421,74
1433,7
1434,8
1441,19
1450,18
1451,7
1468,1
1470,58
1472,135
1484,3087
1487,156
1497,3
1503,372
1506,14
1507,5
1508,5
1509,4
1510,4
1511,2
1512,2
1513,1
1536,4
1549,77
1550,6
1552,2576
1553,68
1561,149
1564,23
1567,2
1571,110
1581,1
1582,164
1587,1
1601,44
1625,3
1626,3
1637,268
1644,59
1648,10
1653,36
1654,10
1662,1
1664,1
1666,25
1674,43
1699,5
1702,219
1708,3
1719,36
1722,121
1738,1
1749,1
1762,1
1765,130
1766,356
1771,23
1777,32
1779,902
1784,68
1786,169
1789,311
1805,20
1820,84
1842,497
1848,463
1853,4
1854,54
1881,67
1896,1
1900,581
1902,1
1919,56
1927,549
1936,10
1941,5
1946,33
1962,3
1967,122
1968,7
1994,1
2002,1
2035,2
2039,5
2048,74
2054,744
2058,1080
2064,6
2065,11
2069,9
2070,8
2075,4
2086,1
2088,10
2097,1
2101,438
2110,888
2112,1
2121,1
2131,37
2132,42
2133,474
2145,925
2147,25
2159,7
2164,85
2167,1
2189,137
2192,7
2195,5
2206,1
2230,1
2231,20
2234,10
2244,2
2256,1
2259,9
2268,171
2296,788
2305,34
2309,87
2312,64
2314,267
2333,49
2341,51
2352,65
2360,287
2375,2
2382,2
2394,1
2410,51
2428,77
2434,16
2482,2525
2486,3
2490,3
2524,19
2527,1
2532,55
2533,352
2535,2
2537,7
2558,19
2560,7
2561,1
2562,6
2602,4
2613,281
2651,2
2673,1009
2710,4
2725,543
2728,2
2735,160
2747,23
2769,11
2771,44
2777,13
2788,1
2791,12
2809,3
2814,2
2841,3
2846,729
2857,12
2858,271
2871,1
2895,17
2918,170
2925,2
2930,10
2938,4
2944,21
2960,4
2961,592
2962,36
2963,82
2969,2
2977,13
2984,140
2985,12
2997,1
3012,815
3015,3
3020,374
3022,2
3028,45
3041,5
3042,28
3051,4
3053,30
3059,10
3063,2
3065,150
3074,3
3075,7
3089,4
3105,157
3122,14
3125,58
3128,22
3141,12
3151,4
3180,13
3192,3
3196,14
3202,3
3205,16
3212,974
3215,6
3216,372
3250,16
3269,3
3298,1
3308,4
3317,49
3320,130
3338,44
3344,54
3393,27
3409,4
3410,4
3411,8
3480,120
3484,156
3487,1125
3501,38
3504,4
3512,8
3529,2
3532,151
3538,93
3541,18
3544,4
3578,2
3592,14
3602,5
3603,8
3604,9
3622,4
3627,19
3629,98
3635,5
3645,219
3663,884
3671,12
3672,30
3683,2
3685,574
3689,3
3693,3
3696,2
3700,32
3704,7
3709,1842
3719,2
3720,2
3730,1504
3744,7
3747,1
3748,1
3757,30
3869,16
4029,3
4063,2
4118,67
4126,3
4222,9
4244,4
4296,4
4311,1
4318,3
4329,16
4330,2
4331,31
4334,95
4346,73
4369,220
4391,15
4400,2
4410,276
4413,2
4416,2
4429,1
4439,7
4443,3
4456,22
4477,1
4482,1
4489,53
4494,1
4502,2
4515,4
4520,318
4523,83
4525,1066
4526,12
4554,15
4555,39
4560,1
4563,4
4615,66
4702,3
4724,86
4761,6
4765,109
4766,3
4783,2
4810,1
4841,5
4887,302
4896,3
4898,44
4906,5
4922,1
4929,1
4932,1
4959,1
4977,1
4984,213
4992,1
5000,507
5008,17
5030,7
5058,1
5077,4
5083,14
5121,10
5135,7
5149,33
5157,12
5178,30
5180,6
5182,2
5192,245
5223,1
5226,1
5241,9
5252,30
5256,42
5283,2
5290,1
5292,10
5310,2
5333,1
5336,15
5339,106
5346,41
5364,4
5380,3
5382,11
5390,11
5393,74
5428,23
5438,8
5452,1
5468,1
5473,11
5477,1
5488,25
5501,3
5509,10
5511,3369
5513,13
5521,138
5537,54
5544,402
5550,1
5572,28
5589,10
5605,1
5606,2
5615,39
5628,221
5630,5
5636,12
5643,37
5649,9
5654,25
5660,4
5666,4
5667,1
5676,6
5686,9
5693,1
5699,86
5707,17
5709,6
5720,31
5721,34
5722,141
5732,193
5740,10
5746,6
5759,1
5760,573
5764,41
5770,11
5783,1
5789,3
5805,2
5812,118
5817,1
5827,18
5838,102
5839,17
5841,1
5843,1529
5847,3
5851,100
5852,14
5861,60
5868,61
5874,19
5876,3
5890,22
5896,11
5898,142
5907,334
5913,1
5924,499
5947,21
5968,1
5973,1
5976,12
5988,2
6003,541
6005,7
6013,439
6021,53
6029,35
6035,1
6038,3
6051,4
6056,459
6064,35
6071,1
6074,363
6075,204
6076,500
6078,10
6092,453
6097,5
6099,10
6107,2
6108,81
6112,207
6153,209
6157,3
6171,877
6172,30
6173,5
6190,1512
6193,662
6194,179
6198,6
6203,7
6204,1
6207,12
6208,7
6225,1
6227,13
6231,3
6235,1
6246,37
6248,9
6251,177
6269,10
6275,944
6277,11
6279,120
6288,21
6293,22
6301,38
6306,3
6313,367
6316,57
6319,20
6328,95
6333,29
6336,5
6341,88
6345,15
6347,33
6352,132
6358,46
6364,6
6388,23
6392,12
6399,1
6401,16
6404,1
6405,216
6413,20
6414,70
6437,1
6450,17
6453,11
6457,1
6459,20
6462,2
6466,7
6480,1
6481,1
6483,52
6488,11
6489,3308
6493,65
6494,21
6495,5
6497,2
6505,266
6507,37
6508,142
6511,2
6523,23
6525,1725
6526,5
6537,45
6539,23
6540,26
6544,1
6549,14
6558,160
6562,279
6573,160
6576,180
6580,3
6586,64
6591,153
6596,4
6598,1
6606,47
6613,2
6614,240
6616,254
6634,2
6642,5
6643,3
6649,10
6667,65
6671,551
6672,49
6681,2
6682,1
6690,180
6698,255
6705,4
6708,231
6725,8
6726,2
6727,3
6732,5
6733,1
6737,15
6744,1
6748,1
6754,11
6763,233
6765,8
6766,2
6767,18
6775,11
6778,12
6786,19
6794,3
6796,38
6807,11
6808,4
6824,1
6828,1
6834,31
6845,8
6860,26
6868,2387
6871,236
6874,646
6875,40
6886,2
6903,32
6906,1
6910,2
6924,27
6930,2
6931,1
6936,1
6940,2
6942,35
6946,61
6949,17
6951,77
6952,559
6961,11
6967,338
6974,77
6975,2
6979,36
6984,40
6987,2
6996,15
7000,1
7003,4
7017,2
7018,10
7030,4
7042,1
7044,18
7047,6
7048,2
7051,16
7052,3
7054,14
7055,1
7057,8
7071,12
7078,1
7079,2
7081,6
7082,1
7085,2
7087,43
7088,1
7093,209
7097,6
7098,17
7106,8
7107,37
7109,3
7110,5
7111,1
7112,4
7114,300
7115,2
7118,31
7121,232
7126,4
7129,2
7133,12
7135,1
7136,10
7139,10
7140,3
7141,1
7142,243
7143,40
7146,8
7148,1
7150,86
7152,10
7164,3
7165,30
7187,4
7194,31
7196,3
7208,1
7216,1
7218,152
7222,8
7225,38
7232,14
7234,61
7236,6
7242,21
7246,9
7247,192
7249,246
7251,4
7255,2
7256,15
7258,16
7264,7
7276,244
7281,37
7286,12
7289,3
7290,32
7302,311
7312,1
7314,31
7322,53
7324,10
7325,111
7330,43
7336,149
7337,1
7346,2
7347,3
7351,2
7352,1
7353,6
7356,5
7358,12
7365,126
7371,32
7375,1883
7384,160
7392,5
7399,2
7404,1
7408,1
7412,9
7413,24
7418,13
7427,83
7429,13
7433,11
7437,647
7448,1
7452,1
7461,3
7463,11
7466,26
7467,1
7470,32
7472,136
7483,9
7485,1603
7489,61
7491,19
7493,26
7494,719
7496,74
7498,1
7499,15
7507,1
7510,511
7511,191
7514,3
7515,115
7516,385
7517,1
7518,9
7519,7
7522,3
7523,2
7526,7
7528,3100
7537,17
7540,2
7543,930
7548,23
7550,40
7551,74
7553,1906
7556,2
7560,9
7571,17
7577,1
7592,179
7593,50
7599,2188
7601,1209
7603,5
7607,2
7608,4
7609,2
7630,145
7646,1
7654,1
7660,23
7662,10
7675,19
7690,5
7691,68
7705,14
7724,2
7727,111
7736,1
7748,24
7750,3
7751,15
7763,56
7766,94
7770,20
7773,5
7775,2
7777,1
7785,7
7788,4
7792,216
7794,757
7798,12
7801,3
7802,103
7812,3
7815,48
7817,85
7824,7
7826,4
7827,88
7829,257
7831,249
7833,1
7834,212
7846,3
7848,68
7850,8
7853,155
7856,7
7857,35
7863,2
7864,3
7867,16
7869,5
7877,1
7883,1
7884,11
7887,318
7890,52
7894,218
7897,59
7913,23
7919,13
7929,12
7931,106
7934,607
7953,10
7964,218
7969,190
7980,96
7982,3
7986,7
7988,6
7995,2
7997,3383
8007,4
8023,106
8027,1
8029,10
8030,1
8034,1
8039,23
8052,7
8054,109
8055,715
8065,117
8066,17
8077,6
8080,26
8085,9
8091,25
8099,11
8113,9
8125,6
8131,7
8133,2
8150,8
8154,27
8155,9
8157,100
8160,70
8161,3
8165,142
8166,414
8182,1
8186,6
8197,13
8198,5
8199,2
8201,360
8202,4
8203,47
8209,1135
8213,1
8217,1
8219,3
8221,9
8225,4
8229,1
8235,278
8238,4
8240,11
8244,609
8247,205
8256,27
8257,4
8258,2
8261,1
8262,1
8264,4
8269,7
8275,1754
8276,7
8285,6
8290,58
8297,11
8304,11
8310,9
8311,2
8312,2
8313,59
8315,9
8319,1
8320,5
8321,49
8324,2
8328,94
8333,52
8339,3
8341,4
8346,12
8354,436
8358,10
8364,6
8367,23
8377,102
8382,84
8386,32
8392,7
8395,118
8399,3
8400,4
8410,17
8415,42
8423,261
8426,2
8450,3
8452,3
8457,1
8460,5
8466,4
8468,15
8469,1
8471,1
8477,3
8479,28
8480,42
8483,1012
8500,191
8507,197
8509,281
8511,1
8512,23
8518,8
8522,316
8533,15
8536,2
8542,301
8576,3
8584,69
8585,6
8586,4
8587,40
8589,237
8590,23
8594,260
8597,1
8600,215
8603,27
8604,138
8609,4
8610,6
8614,123
8616,465
8623,94
8630,21
8633,1560
8635,8
8636,214
8637,5
8641,3
8645,323
8647,1
8648,13
8651,1
8655,13
8657,5
8658,76
8662,32
8663,177
8674,86
8677,1
8678,2
8679,105
8681,3
8685,568
8687,24
8694,5
8704,210
8705,46
8708,66
8709,64
8716,14
8721,4
8742,25
8743,24
8749,1
8751,510
8754,27
8769,40
8771,127
8775,49
8777,113
8785,8
8786,2
8792,1820
8795,6
8807,62
8814,3
8819,109
8836,20
8841,155
8847,56
8849,13
8850,61
8852,34
8855,4
8869,49
8870,923
8872,2
8873,65
8883,1
8889,26
8898,6
8906,4
8916,101
8920,27
8922,4
8926,18
8934,2
8935,9
8945,2
8946,318
8948,5
8954,22
8956,172
8965,108
8969,22
8973,55
8974,7
8977,2
8978,133
8982,161
8985,5
8986,58
8987,1029
8988,37
8992,1100
9003,5
9009,59
9012,12
9013,2
9014,111
9016,3
9023,1
9024,6
9032,1
9043,17
9051,9
9054,170
9055,1
9063,236
9065,59
9066,4
9073,703
9091,3
9095,21
9105,3
9110,184
9117,6
9125,12
9126,2
9137,405
9147,15
9148,14
9159,18
9164,6
9167,95
9171,4
9182,28
9185,18
9186,37
9187,1
9190,2
9204,6
9207,2
9209,1
9217,7
9231,2
9233,27
9235,28
9236,3
9241,2
9242,4
9250,10
9251,322
9253,9
9259,6
9279,35
9284,7
9295,1
9297,782
9301,12
9304,1559
9313,134
9314,13
9319,10
9321,16
9338,2
9347,1
9348,19
9350,33
9352,20
9369,26
9380,2
9382,541
9384,37
9387,75
9388,13
9394,2
9397,486
9398,31
9400,7
9402,1
9407,1
9425,57
9431,474
9432,1
9433,2
9438,9
9442,51
9454,38
9455,11
9456,108
9460,18
9464,1
9474,46
9480,1
9488,1
9498,1
9499,25
9501,9
9504,2
9506,16
9508,56
9522,1
9524,2
9525,5
9544,50
9548,20
9552,21
9553,477
9554,382
9555,594
9556,17
9559,10
9569,3
9571,19
9574,11
9580,39
9585,2
9590,65
9592,15
9596,22
9599,17
9600,277
9602,222
9606,241
9607,6
9613,62
9621,1
9635,1
9637,372
9644,2
9645,5
9649,10
9655,136
9657,45
9673,68
9676,7
9677,670
9681,8
9683,94
9686,10
9693,5
9698,2
9701,36
9706,161
9707,14
9709,512
9714,7
9715,24
9716,61
9724,26
9740,53
9752,85
9753,220
9763,3
9765,82
9781,175
9787,353
9789,1
9790,19
9796,611
9814,2
9818,2
9819,38
9821,44
9822,2
9826,57
9828,5
9830,12
9839,5
9846,1223
9848,2
9849,10
9858,1
9861,31
9862,2085
9868,41
9877,7
9878,5
9885,35
9889,6
9893,2
9896,1
9901,9
9902,2
9903,10
9908,16
9910,12
9914,1
9917,5
9919,167
9921,130
9922,99
9932,406
9934,3
9943,1
9945,9
9947,156
9949,77
9957,135
9969,37
9981,3
9992,25
9999,124
10008,6
10010,12
10013,300
10015,82
10035,47
10055,4
10059,277
10060,101
10074,12
10083,6
10099,6
10101,1
10102,11
10106,9
10109,3
10111,1
10113,6
10114,391
10123,1
10128,1
10140,83
10149,14
10152,8
10159,70
10169,227
10177,3
10183,5
10189,1
10190,5
10193,82
10198,1
10201,1
10204,52
10208,1
10218,154
10221,59
10226,3
10232,7
10240,8
10249,1
10250,15
10255,1
10259,3
10286,7
10288,2
10290,52
10294,19
10301,11
10304,7
10314,1
10315,4
10318,90
10319,2
10324,36
10332,1
10334,2
10335,92
10336,42
10345,3
10359,1
10372,673
10374,1
10375,58
10381,12
10386,13
10391,1
10397,1
10398,4
10399,45
10405,10
10406,2
10409,12
10411,54
10421,1
10428,105
10435,19
10436,3
10447,9
10448,373
10451,3
10462,2
10475,10
10479,7
10481,192
10483,54
10485,1
10488,2
10490,1
10500,86
10512,84
10515,1
10519,22
10524,32
10525,3
10528,241
10531,7
10532,89
10533,50
10537,41
10568,32
10572,43
10575,1
10588,3
10604,7
10612,1
10618,19
10628,16
10644,3
10646,2
10677,30
10685,88
10704,16
10744,44
10756,2
10774,7
10775,116
10778,17
10779,32
10785,44
10791,2
10799,1
10801,778
10804,10
10805,239
10811,86
10816,9
10821,185
10824,4
10825,295
10827,10
10831,6
10835,2
10837,148
10845,9
10856,68
10862,35
10864,46
10865,911
10868,48
10871,178
10874,18
10877,8
10880,1
10883,17
10893,35
10901,9
10905,5
10910,6
10917,989
10918,620
10921,70
10922,57
10932,6
10934,1
10936,7
10942,22
10943,9
10948,108
10952,6
10954,1
10958,31
10961,2
10967,793
10990,33
10992,6
11041,8
11077,9
11078,2
11080,1842
11082,42
11084,37
11085,2
11086,1
11091,6
11092,1
11093,59
11094,53
11096,13
11097,11
11099,126
11100,81
11102,1
11108,6
11113,33
11115,306
11125,3
11130,174
11132,8
11134,10
11143,207
11144,29
11150,7
11152,15
11153,30
11154,243
11156,1
11159,15
11160,265
11163,4
11166,4
11173,7
11177,8
11178,2
11179,1
11180,29
11182,23
11185,5
11186,53
11193,3
11196,51
11197,7
11198,297
11201,18
11202,208
11210,2
11213,3
11216,1
11217,126
11221,107
11222,1
11225,9
11226,1
11227,1
11229,1
11233,3
11235,2
11237,12
11239,34
11242,23
11245,19
11248,51
11252,2
11254,1
11286,2
11319,7
11321,21
11330,11
11335,20
11336,40
11340,51
11342,26
11344,103
11345,16
11350,163
11351,1
11353,80
11355,9
11358,38
11360,13
11362,30
11364,30
11365,6
11366,13
11367,28
11368,31
11369,7
11370,8
11371,14
11376,1
11380,57
11385,7
11393,28
11397,8
11406,2
11416,11
11420,74
11426,2
11428,140
11430,26
11442,15
11443,1
11444,45
11446,4
11447,20
11456,250
11462,1
11465,23
11467,1
11471,2
11472,9
11475,41
11478,2
11482,3
11485,2
11487,21
11489,7
11491,69
11492,185
11498,4795
11499,106
11505,36
11506,28
11507,2
11512,294
11515,75
11518,298
11521,22
11522,50
11527,3
11529,58
11530,55
11531,9
11534,2
11535,3
11536,5
11540,11
11543,762
11544,6
11551,2
11553,12
11554,128
11555,563
11565,2
11567,4
11568,132
11570,2
11571,38
11572,66
11573,8
11576,129
11579,144
11584,3
11589,69
11592,73
11601,1632
11605,13
11610,2
11612,1
11613,50
11616,2
11633,4
11635,9
11674,15
11679,17
11686,15
11687,1
11695,1
11704,12
11706,1
11707,46
11710,36
11713,34
11715,219
11716,18
11717,3
11718,71
11722,2
11725,68
11726,33
11730,36
11739,177
11740,2
11753,6
11755,207
11757,1
11758,89
11759,24
11767,372
11776,1
11781,52
11783,4
11787,30
11789,1
11791,8
11792,142
11793,70
11796,77
11797,57
11799,23
11800,28
11802,4
11804,155
11818,4
11820,656
11821,15
11822,5
11823,3
11829,3
11835,19
11837,3
11839,30
11842,1
11846,62
11856,1
11857,14
11858,1
11865,8
11866,1
11868,55
11876,19
11881,156
11887,12
11890,1
11898,7
11917,86
11920,1
11927,18
11928,119
11933,21
11934,12
11935,4
11936,3
11937,2
11939,13
11943,37
11944,1
11946,1000
11949,2
11950,29
11951,8
11952,17
11954,8
11956,17
11962,236
11963,15
11967,16
11976,13
11977,103
11981,160
11982,1461
11986,9
11988,6
11998,7
12000,30
12003,2
12004,64
12011,6
12014,3
12015,3
12016,7
12017,4
12021,23
12024,4
12025,13
12028,1
12033,12
12035,4
12037,41
12041,616
12049,16
12052,25
12053,37
12064,1
12067,190
12071,1
12074,1
12080,1114
12085,2
12086,18
12088,12
12094,12
12095,8
12097,10
12104,4
12105,73
12106,12
12107,24
12111,88
12113,1
12114,1
12116,10
12117,14
12128,5
12133,1
12134,1
12144,26
12147,40
12155,5
12157,19
12158,13
12159,93
12161,14
12163,44
12167,19
12173,100
12176,1
12177,14
12184,25
12188,1
12189,232
12190,6
12191,126
12192,75
12195,11
12198,3
12204,1
12211,753
12212,5
12215,20
12216,855
12217,8
12222,33
12228,5
12230,184
12231,2
12236,1
12242,113
12243,4
12244,3
12246,2
12251,25
12260,446
12263,17
12264,1
12267,2937
12269,5
12274,332
12276,9
12280,12
12281,1
12290,1
12291,149
12296,15
12297,386
12299,20
12300,7
12305,4
12309,1
12310,731
12311,70
12312,5
12313,40
12314,1
12316,182
12318,3
12319,305
12324,202
12328,9
12332,46
12334,10
12343,71
12355,118
12366,2
12367,2
12376,6
12378,5
12381,588
12383,14
12384,5
12386,30
12390,5
12392,34
12398,3
12399,7
12405,9
12407,16
12410,7
12411,2
12413,166
12417,4
12420,2
12421,20
12428,5
12435,10
12438,152
12445,30
12446,11
12450,1
12456,3
12458,6
12459,3
12473,32
12475,4
12479,1
12482,2
12485,41
12487,9
12490,10
12492,4
12493,1884
12505,10
12514,36
12515,1
12528,20
12529,5
12531,44
12532,4
12533,1034
12534,23
12535,111
12537,21
12540,313
12542,16
12543,60
12550,19
12552,4
12557,2
12559,39
12564,4
12566,2
12570,39
12571,4
12573,278
12574,1
12575,25
12576,146
12579,26
12584,22
12588,74
12592,124
12595,1
12615,8
12617,42
12618,31
12620,6
12621,6
12622,7
12623,8
12624,5
12625,4
12626,7
12627,5
12628,2
12629,14
12630,5
12631,4
12632,5
12634,54
12635,5
12636,5
12637,6
12638,5
12639,4
12642,31
12646,64
12648,1
12650,1
12652,34
12653,84
12654,6
12657,12
12658,115
12659,1
12661,341
12662,21
12665,1
12666,8
12667,5
12669,9
12670,28
12674,3
12677,17
12679,11
12680,63
12682,2
12690,17
12692,6
12693,3
12694,1
12696,116
12697,113
12698,28
12700,1264
12701,8
12703,14
12705,1
12706,20
12707,22
12708,3
12709,21
12710,4
12712,2
12713,5
12714,9
12716,3
12718,7
12722,104
12723,2
12727,49
12728,3
12729,147
12733,2
12734,1
12737,1
12738,270
12739,1
12741,14
12742,89
12745,81
12746,1
12747,76
12748,66
12749,2
12750,1
12751,5
12752,6
12753,36
12754,20
12755,3
12756,4
12758,9
12761,1
12763,4
12764,20
12767,8
12768,5
12769,24
12771,4
12772,8
12773,18
12774,85
12775,144
12778,1
12779,3
12780,8
12781,33
12782,18
12783,14
12784,10
12787,19
12788,15
12789,1
12791,4
12792,10
12793,4
12794,4
12796,9
12797,2
12799,1
12800,5
12801,2
12802,5
12803,7
12806,1
12807,8
12808,2
12809,1
12810,9
12811,10
12812,8
12813,24
12814,3
12815,138
12818,4
12819,25
12820,9
12823,7
12824,23
12825,3
12826,4
12827,1
12828,10
12829,45
12830,5
12831,28
12832,1
12835,9
12836,11
12840,14
12843,125
12844,249
12845,3
12846,17
12847,2
12850,12
12851,7
12852,72
12853,3
12854,19
12855,21
12856,5
12857,32
12858,2
12859,1
12861,2
12862,10
12863,19
12864,14
12865,4
12868,5
12870,7
12871,10
12872,2307
12873,12
12874,33
12875,206
12876,8
12877,18
12878,2
12879,2
12880,8
12881,1
12882,10
12883,2
12884,20
12885,3
12886,1
12887,21
12889,2
12891,1
12892,2
12894,1
12895,16
12896,9
12898,25
12899,21
12902,2
12903,2
12904,1207
12905,11
12906,4
12909,69
12910,7
12912,4
12913,4
12918,11
12919,2
12920,16
12921,69
12923,83
12924,2
12926,132
12927,3
12931,1
12932,1
12933,178
12934,9
12935,15
12936,1
12937,179
12940,18
12942,26
12943,7
12944,4
12945,3
12946,8
12947,4
12949,2
12950,47
12952,6
12953,17
12954,13
12955,49
12956,17
12957,2
12959,1
12960,3
12961,2
12962,5
12963,5
12964,47
12967,9
12968,61
12969,29
12970,2
12971,6
12972,4
12973,21
12974,6
12975,805
12977,36
12978,13
12979,17
12980,21
12982,3
12983,12
12984,2
12985,1
12986,2
12987,23
12989,11
12990,5
12991,26
12993,4
12994,61
12995,72
12996,7
12999,2
13000,11
13002,6
13003,8
13004,3
13005,1
13006,2
13007,11
13008,23
13009,1042
13010,12
13016,116
13017,8
13018,1
13019,31
13020,5
13021,16
13022,8
13023,8
13024,10
13026,12
13028,11
13029,11
13031,45
13032,14
13033,9
13035,12
13036,5
13037,12
13038,229
13040,13
13041,126
13044,7
13045,9
13047,11
13049,6
13050,10
13052,15
13053,20
13054,18
13055,20
13056,2
13057,20
13059,977
13060,11
13061,2
13063,889
13065,69
13066,2
13067,30
13068,178
13070,4
13074,32
13075,5
13076,32
13077,6
13078,20
13079,14
13081,13
13082,34
13084,17
13086,14
13087,3
13088,9
13090,71
13091,12
13093,173
13094,128
13095,4
13097,7
13098,29
13099,5
13100,27
13101,5
13102,14
13103,11
13104,1
13105,12
13106,3
13108,20
13109,12
13110,6
13111,2
13113,6
13114,3
13116,1
13117,13
13118,14
13119,52
13121,16
13123,2
13126,10
13127,3
13128,1
13129,1
13130,7
13131,14
13132,3
13133,29
13134,2
13135,18
13136,3
13138,114
13140,25
13141,9
13142,2
13143,8
13144,19
13147,17
13148,3
13149,90
13150,20
13151,63
13152,20
13153,5
13154,9
13156,6
13157,20
13158,19
13159,11
13160,16
13161,138
13162,13
13165,11
13166,24
13167,12
13169,2
13170,12
13171,8
13172,2
13173,12
13174,1
13175,11
13176,4
13177,12
13178,1
13179,4
13180,6
13181,102
13182,3
13183,41
13185,14
13187,1
13189,6
13190,7
13191,1
13192,192
13193,17
13195,3
13196,8
13197,12
13198,11
13199,155
13201,5
13202,3
13203,12
13206,12
13207,9
13208,69
13209,15
13210,14
13211,14
13212,13
13214,27
13215,4
13217,188
13218,2
13219,13
13220,346
13221,6
13223,3
13224,21
13225,2
13226,14
13227,12
13228,2
13229,1
13231,10
13232,2
13233,9
13234,18
13235,4
13237,5
13239,3
13240,21
13241,44
13245,3
13246,14
13248,214
13250,11
13254,2
13255,3
13256,3
13258,3
13259,4
13260,11
13261,4
13262,123
13266,22
13268,3
13270,1
13272,3
13274,18
13275,3
13276,14
13278,157
13279,17
13282,3
13284,37
13285,1
13287,40
13288,1
13289,7
13290,348
13291,49
13294,4
13295,78
13296,4
13298,11
13299,17
13300,39
13301,2
13302,56
13304,7
13305,38
13306,4
13307,3
13309,1
13310,1
13311,101
13312,5
13314,12
13315,636
13316,4
13318,946
13319,3
13320,2
13321,1
13324,2
13325,9
13328,897
13329,14
13330,1
13333,43
13335,7
13336,65
13337,13
13338,5
13341,3
13342,177
13345,4
13346,11
13347,3
13348,1
13349,144
13353,14
13355,4
13357,3
13360,47
13365,3
13368,3
13370,4
13372,3
13373,8
13374,4
13376,1
13377,24
13380,12
13381,1
13382,12
13383,13
13384,1
13386,1
13388,5
13391,3
13392,1
13393,5
13394,4
13396,6
13397,49
13399,3
13400,96
13402,4
13403,1296
13406,2
13408,9
13410,2
13412,4
13413,12
13414,8
13417,3
13418,10
13419,6
13420,3
13423,2
13424,74
13425,3
13426,13
13427,3
13428,91
13429,2
13430,6
13431,6
13432,9
13433,2
13434,2
13435,1
13436,3
13438,7
13441,1
13442,4
13443,19
13444,20
13446,14
13447,9
13449,30
13451,1
13452,2
13454,19
13456,14
13457,112
13461,1
13472,5
13475,6
13476,250
13477,8
13478,3
13479,6
13483,12
13485,73
13487,1
13488,1
13489,28
13490,4
13492,8
13493,2
13494,4
13495,1
13497,2
13499,578
13500,3
13502,2
13503,17
13506,58
13507,3
13509,40
13510,3
13516,15
13517,4
13519,51
13522,18
13523,306
13524,2325
13526,7
13528,4
13533,1
13534,9
13535,1
13536,17
13537,2
13538,1
13539,1
13540,24
13541,5
13542,1
13545,1
13546,9
13547,22
13549,183
13550,11
13551,33
13552,27
13553,15
13554,14
13555,1
13556,1
13557,56
13559,3
13564,29
13565,3
13568,5
13569,16
13572,8
13575,29
13577,23
13580,4
13582,5
13585,7
13587,29
13588,16
13592,4
13593,3
13594,2
13595,1
13597,6
13598,3
13599,1
13600,1
13601,4
13602,84
13603,1
13605,14
13608,248
13609,3
13610,13
13611,5
13612,12
13613,3
13614,408
13615,25
13616,1
13617,2
13619,23
13628,2
13630,429
13631,24
13632,219
13634,73
13635,1
13638,1
13640,15
13641,35
13642,4
13643,11
13647,2
13648,11
13649,24
13650,4
13651,41
13652,6
13653,2
13654,2
13655,3
13658,16
13660,4
13663,2
13667,9
13671,20
13672,3
13673,2
13674,11
13675,9
13676,7
13677,4
13679,3
13681,10
13685,3
13688,4
13690,2
13691,11
13692,9
13693,5
13695,8
13696,219
13697,44
13698,2
13700,13
13701,6
13702,4
13703,1
13704,10
13705,3
13706,3
13708,2
13710,579
13711,27
13712,1
13714,5
13715,145
13716,6
13717,20
13718,39
13719,1
13720,3
13721,40
13722,14
13723,1
13724,11
13725,10
13726,6
13727,33
13728,3121
13729,1
13730,11
13732,1
13734,6
13736,1
13737,21
13738,27
13739,31
13740,58
13741,7
13742,4
13743,1
13744,2
13745,17
13746,541
13747,2
13751,18
13752,3
13753,6
13756,190
13757,39
13758,7
13759,1
13760,11
13762,5
13763,6
13764,2
13766,6
13770,1
13771,116
13772,2
13776,6
13777,7
13780,2
13781,57
13782,260
13783,18
13784,2
13785,2218
13786,761
13787,3
13788,8
13789,33
13791,2
13794,3
13795,9
13796,29
13797,2
13798,33
13800,1
13801,1057
13802,281
13804,21
13805,267
13806,4
13807,4
13808,42
13809,94
13810,78
13811,1
13812,19
13813,2
13817,11
13818,1
13820,21
13823,3
13825,1
13829,57
13834,1
13836,1
13837,5
13840,1
13841,1
13842,5
13843,1
13845,5
13848,32
13849,5
13850,361
13851,21
13852,472
13853,248
13854,96
13855,3
13857,14
13858,3
13860,4
13863,194
13864,33
13865,3
13866,304
13867,40
13868,2
13869,272
13870,6
13871,36
13872,1
13873,62
13876,2
13878,2
13879,73
13880,1
13881,25
13882,163
13883,1
13884,1
13885,3
13888,41
13890,3
13891,93
13892,1
13895,1
13896,8
13897,207
13898,263
13900,11
13901,117
13902,4
13904,11
13905,9
13906,63
13907,37
13909,60
13911,2
13912,143
13913,65
13914,5
13916,80
13917,5
13919,55
13922,5
13924,3
13926,3
13927,3
13929,4
13930,49
13931,26
13935,3
13936,15
13937,116
13938,6
13939,34
13940,4
13942,26
13945,1
13946,520
13948,3
13955,1
13956,25
13957,3
13958,295
13959,7
13960,375
13961,7
13962,21
13963,27
13964,8
13966,60
13967,10
13969,26
13970,4
13971,1
13973,1
13974,12
13975,2683
13979,1580
13981,306
13982,53
13983,2
13985,3
13986,1
13987,1
13988,150
13989,27
13990,1
13998,21
14000,3
14002,43
14005,44
14008,27
14012,14
14014,20
14015,19
14018,101
14019,3
14020,4
14022,13
14023,6
14025,294
14026,62
14029,10
14031,121
14032,2
14034,4
14035,104
14036,4
14040,2165
14043,4
14044,1
14045,3
14048,3
14049,4
14054,3
14055,38
14056,10
14059,132
14060,38
14061,7
14063,136
14064,57
14065,5
14067,23
14069,2
14070,3
14071,113
14072,63
14073,8
14074,22
14076,1
14078,28
14080,2
14081,770
14082,230
14085,23
14087,1
14089,1
14092,25
14093,7
14094,1
14095,2
14097,1
14099,4
14100,4
14101,3
14102,1
14103,16
14104,15
14105,41
14106,4
14108,16
14109,175
14110,5
14111,112
14112,4
14115,1
14116,5
14118,121
14119,121
14120,3
14122,820
14123,1
14124,3
14125,79
14128,85
14131,6
14132,4
14133,1251
14134,197
14137,113
14138,1
14139,518
14140,5
14141,1
14146,7
14147,19
14149,3
14151,1
14153,8
14155,1
14157,124
14160,91
14161,3
14164,1
14167,2
14168,62
14170,2
14171,15
14173,1
14174,5
14175,2
14176,931
14180,13
14181,1
14183,5
14184,5
14185,1
14187,3
14188,103
14190,4
14195,10
14197,1
14198,1
14201,52
14202,3
14203,10
14206,3
14207,2
14209,23
14210,4
14212,3
14213,4
14216,36
14217,35
14218,15
14220,37
14221,16
14225,2
14226,43
14227,17
14229,164
14230,5
14232,3
14233,111
14234,16
14235,2
14236,5
14239,7
14241,23
14242,7
14243,1
14244,79
14245,778
14246,7
14247,74
14248,6
14250,32
14253,102
14255,1
14259,24
14261,3
14262,1
14263,767
14264,88
14268,3
14269,23
14270,112
14271,4
14274,12
14276,40
14278,9
14279,1
14280,1
14281,4
14282,1
14284,29
14287,650
14288,10
14289,2
14291,30
14292,1
14294,7
14295,5
14296,126
14297,5
14298,290
14299,22
14300,4
14302,3
14303,3
14304,1
14305,1
14308,1
14309,1
14310,7
14311,3
14312,2
14314,2762
14315,8
14316,9
14318,310
14319,4
14321,23
14322,1
14325,24
14326,1
14329,1
14330,148
14332,34
14335,3
14337,2
14340,1
14342,1
14345,2
14347,1
14350,1
14351,23
14355,1
14357,15
14358,1
14359,18
14361,5
14362,1
14363,664
14365,1
14367,70
14368,15
14370,15
14371,2
14374,28
14375,1
14376,8
14378,14
14380,1
14381,1
14383,240
14385,82
14386,4
14390,15
14394,1030
14395,3
14396,3
14401,198
14402,1
14403,6
14404,6
14406,17
14407,2
14408,1
14409,48
14410,18
14412,51
14414,1
14415,1
14416,2
14417,18
14418,3
14421,3
14423,5
14424,124
14429,6
14430,1
14431,9
14437,14
14439,11
14441,4
14442,481
14443,1
14444,264
14447,1
14451,2
14453,210
14454,3
14455,255
14458,11
14459,9
14460,41
14462,1
14463,611
14464,7
14465,2
14467,4
14469,28
14474,143
14476,1
14477,13
14479,2663
14480,22
14482,481
14485,8
14486,12
14487,12
14490,17
14491,3
14492,12
14493,3
14494,15
14496,1
14500,52
14501,2
14505,70
14511,10
14513,59
14514,1
14516,412
14520,95
14522,6
14523,13
14525,169
14526,69
14527,13
14529,9
14532,2
14533,17
14534,15
14538,2
14539,9
14540,1
14542,169
14546,542
14547,87
14550,1
14551,1
14553,1
14554,1
14555,5
14556,3
14558,1
14559,1
14560,2
14561,72
14563,3
14564,32
14567,6
14570,2
14571,1
14572,5
14575,66
14581,6
14586,2
14587,10
14588,1
14590,2
14591,4
14592,5
14594,30
14595,1
14597,20
14598,21
14599,12
14600,1
14602,121
14603,1
14604,10
14605,9
14606,1
14607,25
14608,230
14609,9
14610,6
14612,69
14614,2
14616,2
14617,11
14619,1
14620,14
14621,9
14624,1
14630,10
14631,7
14632,2
14635,1
14637,22
14638,1
14639,15
14641,97
14642,2
14643,50
14645,145
14646,3
14648,7
14649,2
14650,2625
14651,1
14653,10
14654,1
14656,1
14661,2
14663,9
14665,1
14668,1
14673,24
14675,6
14676,1
14680,1
14684,115
14685,4
14689,5
14691,6
14692,112
14693,2
14694,1
14695,99
14696,1
14697,4
14699,536
14700,5
14701,175
14703,1
14706,4
14707,108
14710,5
14713,6
14715,2
14718,11
14720,2
14722,291
14723,1
14727,90
14728,23
14729,4
14730,2
14733,10
14734,12
14735,5
14736,3
14738,53
14740,6
14742,22
14743,9
14744,237
14746,1
14749,1
14752,5
14754,1
14757,38
14760,22
14764,13
14765,19
14766,5
14769,2
14770,92
14771,38
14772,10
14777,4
14778,11
14780,4
14783,7
14784,198
14786,26
14787,333
14788,2
14791,3
14792,3
14793,1
14795,1
14799,2
14800,72
14801,1
14802,29
14803,1
14806,180
14807,12
14809,129
14812,1017
14813,2
14815,21
14819,9
14820,1
14823,9
14824,18
14827,6
14828,1
14829,21
14831,37
14832,1539
14833,32
14834,1
14838,204
14840,2
14841,8
14842,4
14843,1
14846,10
14849,1
14850,2
14851,2
14852,11
14853,6
14855,1
14856,235
14857,9
14858,12
14860,7
14861,11
14863,26
14865,9
14867,16
14868,3
14871,5
14872,3
14874,2
14875,413
14878,9
14879,2
14885,1
14886,4
14890,1
14893,10
14894,1
14895,1
14897,1
14898,19
14900,7
14902,3
14903,7
14904,1
14905,125
14908,31
14909,1
14911,1
14912,5
14913,2
14914,8
14919,1
14920,40
14922,31
14923,1
14924,4
14925,2
14927,9
14929,1
14933,76
14934,604
14935,3
14936,3
14937,4
14939,6
14940,46
14943,12
14945,11
14946,5
14949,1
14952,3
14953,46
14954,34
14957,84
14959,2
14960,9
14962,12
14964,1
14965,143
14969,1
14970,3
14974,10
14975,14
14976,4
14977,53
14979,1
14984,1
14985,2
14992,2
14994,1
14997,4
14998,78
15003,1
15004,1
15005,1
15009,9
15010,1
15011,2562
15012,17
15013,1
15015,1
15016,107
15017,2
15029,17
15031,18
15033,71
15036,6
15039,19
15042,7
15043,330
15044,191
15045,157
15047,2
15048,26
15049,50
15051,300
15052,1
15053,1
15054,53
15055,235
15058,1
15059,37
15060,9
15061,1
15063,187
15064,3
15066,76
15069,6
15070,2
15072,9
15074,116
15077,2
15081,5
15083,1
15084,18
15088,25
15089,58
15090,27
15091,47
15093,76
15094,1
15096,2
15099,2
15105,58
15106,10
15107,264
15110,51
15111,6
15112,5
15116,1
15118,22
15119,78
15120,4
15121,8
15122,16
15124,7
15125,2
15126,10
15127,3
15128,1
15129,1
15131,30
15137,13
15138,40
15140,118
15141,2
15144,8
15146,13
15151,12
15154,2
15155,656
15156,6
15157,1
15158,4
15160,7
15163,2
15168,58
15169,3
15170,10
15176,18
15177,51
15179,11
15180,6
15183,15
15184,1
15185,1
15186,3
15188,2
15189,1
15192,6
15194,14
15197,9
15199,5
15200,1
15205,1
15208,3
15210,1
15212,2
15213,7
15214,7
15219,1
15220,16
15221,5
15223,5
15224,1
15227,1
15228,136
15231,82
15232,1
15234,126
15235,1020
15238,27
15240,8
15242,9
15243,1069
15245,31
15246,94
15248,94
15253,2
15255,28
15258,1
15259,7
15260,1
15261,3
15262,6
15264,2
15265,1
15267,4
15268,2
15269,21
15270,1
15271,269
15272,4
15274,302
15275,1
15276,34
15278,6
15279,3
15281,2
15283,3
15284,11
15289,8
15292,217
15296,9
15298,2101
15299,33
15300,447
15302,5
15304,57
15305,2
15306,4
15308,59
15309,3
15310,8
15312,6
15313,22
15314,1
15315,21
15316,2
15317,1
15318,9
15319,2
15321,11
15324,2
15325,2
15328,12
15329,47
15331,1
15332,3
15335,8
15336,3
15337,2
15338,1
15340,40
15342,1
15344,1
15345,4
15346,1
15347,1
15348,1
15349,25
15350,9
15352,1
15353,85
15354,1
15356,3
15359,1
15361,41
15364,1
15366,10
15367,6
15370,39
15371,1
15373,4
15374,5
15377,18
15380,57
15383,2
15386,4
15387,2
15390,9
15391,8
15396,1
15399,19
15401,18
15403,8
15404,10
15405,5
15410,2
15411,13
15412,25
15414,2
15415,515
15416,130
15418,9
15419,24
15421,6
15422,1
15423,2
15425,1
15429,68
15430,5
15431,9
15433,4
15435,16
15436,9
15438,4
15439,4
15440,9
15441,1
15442,1
15443,1
15445,1
15448,1
15449,20
15450,9
15456,19
15458,2
15460,6
15461,70
15462,69
15463,2
15465,9
15466,9
15468,1
15469,4
15471,4
15472,29
15473,17
15474,1
15475,16
15476,1
15479,14
15480,1
15483,157
15484,3
15486,1
15489,2
15490,6
15492,5
15496,5
15499,267
15500,16
15505,2
15507,77
15511,580
15513,1
15515,1
15518,1
15520,108
15521,3
15527,12
15531,26
15534,58
15537,21
15540,1
15541,6
15542,2
15545,28
15551,1
15553,1
15554,57
15555,8
15556,9
15557,26
15560,7
15562,16
15567,6
15568,1
15569,1
15570,10
15571,1
15573,18
15575,5
15577,193
15581,15
15582,2
15583,136
15585,1
15586,20
15590,3
15595,2
15596,2
15597,27
15598,17
15600,1
15601,7
15603,608
15605,13
15606,107
15608,4
15609,152
15611,29
15616,21
15617,3
15618,1
15619,1
15623,27
15625,229
15626,2
15628,8
15631,3
15635,9
15641,46
15642,249
15643,1
15644,13
15645,5
15647,3
15649,22
15650,1
15653,163
15654,2
15655,4
15656,1
15660,15
15661,10
15664,9
15665,6
15667,9
15668,1
15669,7
15670,2
15671,10
15673,1
15674,5
15675,1
15676,17
15677,14
15678,1
15680,33
15682,9
15684,4
15687,1
15690,2
15698,7
15701,1
15702,1
15707,12
15708,2
15709,394
15710,1
15711,1
15713,3
15716,3
15720,9
15721,1
15722,27
15723,1
15724,38
15725,9
15728,118
15729,129
15731,1
15733,1
15737,3
15738,8
15743,22
15744,16
15745,84
15748,2
15751,5
15753,8
15754,4
15758,58
15759,1
15764,1
15765,26
15766,12
15768,46
15769,2
15770,56
15771,1
15772,39
15777,2
15778,31
15780,86
15782,434
15783,2
15784,596
15785,3
15790,1
15791,51
15793,19
15795,1
15801,5
15802,1262
15804,14
15807,5
15808,15
15809,1
15810,1
15811,1
15812,18
15813,2
15814,2
15817,1
15818,4
15819,17
15823,63
15824,1
15827,84
15828,4
15829,1
15830,1
15831,26
15833,11
15835,2
15838,16
15841,1
15842,2
15844,1
15845,233
15848,7
15849,12
15852,3
15858,1
15865,2
15866,1
15870,48
15887,5
15889,91
15890,3
15891,1
15892,13
15893,6
15894,14
15897,1
15898,8
15902,1
15904,2
15905,23
15908,1451
15909,12
15910,16
15912,62
15914,2
15917,2
15919,7
15921,1
15922,10
15926,3
15930,2
15934,2
15936,1
15939,3
15944,9
15950,1
15952,1
15954,2
15956,68
15958,2
15959,6
15965,22
15967,2
15969,3
15970,11
15972,13
15973,187
15974,3
15975,7
15978,2
15979,2281
15980,1
15981,3
15982,3
15983,4
15984,13
15987,2
15988,2
15989,3
15990,332
15991,1
15992,1
15993,8
15996,4
15998,142
15999,4
16000,4
16003,3
16004,1
16005,1
16006,1
16007,42
16008,1
16009,21
16010,11
16011,6
16012,3
16014,3
16015,15
16019,1
16020,37
16021,36
16022,61
16023,225
16025,1
16026,1
16027,2
16028,30
16032,9
16035,10
16040,14
16041,3
16043,6
16045,195
16047,56
16048,3
16051,1
16052,39
16054,2
16057,163
16061,39
16066,120
16073,1
16076,17
16080,6
16081,3
16082,1
16084,1
16090,3
16092,1
16093,1
16098,1
16099,24
16100,589
16101,3
16103,6
16104,4
16109,72
16110,2
16111,685
16114,512
16117,292
16121,3
16122,1153
16124,1
16126,5
16128,1
16130,2
16131,73
16134,1
16136,4
16137,39
16141,11
16142,8
16143,85
16145,10
16147,351
16152,8
16154,37
16155,58
16159,3
16160,7
16163,4
16164,1
16165,9
16168,4
16169,8
16170,4
16171,1
16172,5
16173,3
16174,1
16175,1
16176,1
16179,11
16180,13
16181,7
16182,5
16183,1
16186,2
16189,426
16196,1
16199,201
16203,7
16205,20
16208,15
16210,2
16211,213
16212,3
16213,1
16214,26
16216,2
16217,5
16218,18
16219,56
16220,65
16222,3
16223,1
16227,3
16228,2
16231,1
16235,20
16236,2
16237,10
16238,1
16239,3
16241,33
16243,11
16245,11
16249,7
16250,21
16253,29
16254,191
16255,16
16257,11
16258,5
16261,1
16265,2
16266,1
16267,1
16268,19
16269,24
16271,3
16274,16
16279,2
16280,3
16281,29
16282,1
16283,8
16288,8
16297,19
16298,1
16299,9
16300,34
16301,1
16302,5
16303,76
16304,2
16306,621
16308,2
16310,8
16311,4
16312,26
16313,1
16314,19
16316,3
16318,2
16322,7
16323,3
16324,34
16326,4
16328,2
16329,2
16330,141
16331,2
16333,43
16335,5
16338,85
16339,31
16340,4
16346,2
16349,150
16350,1
16351,12
16352,5
16353,913
16354,158
16357,2
16359,15
16360,79
16362,3
16364,1
16365,17
16367,6
16371,57
16373,3
16374,266
16376,5345
16380,3
16381,21
16382,98
16383,5
16384,19
16385,19
16386,1
16388,11
16390,5
16396,7
16397,4082
16399,6
16400,5
16401,1
16405,21
16406,27
16410,17
16411,20
16413,92
16414,1
16418,2
16423,1
16424,1
16430,3
16431,101
16434,5
16437,11
16438,2
16440,2
16442,1
16445,1
16448,9
16451,10
16454,22
16455,2
16459,23
16461,1
16462,392
16464,62
16467,1
16468,17
16471,6
16472,1
16473,1
16476,3
16477,8
16478,3
16479,9
16483,1
16491,1
16492,5
16494,20
16497,14
16498,1
16500,9
16501,31
16502,159
16504,23
16505,59
16507,1
16508,1
16509,5
16510,281
16511,194
16512,89
16516,2
16517,30
16519,39
16523,1
16524,7
16527,102
16529,1
16530,33
16531,110
16534,20
16535,1
16538,12
16541,8
16542,7
16545,52
16546,10
16549,2
16550,333
16551,10
16554,8
16555,15
16560,1
16562,3
16568,78
16572,7
16573,3
16574,1
16575,44
16576,2
16577,42
16578,1
16579,7
16583,14
16585,38
16587,7
16589,21
16590,6
16591,6
16594,16
16595,1
16596,4
16597,1
16598,111
16600,2
16602,5
16603,1
16604,4
16605,26
16606,29
16607,1
16609,2
16611,402
16617,12
16618,1
16624,3
16626,7
16627,17
16628,1
16630,5
16632,342
16633,4
16638,4
16639,8
16642,3
16643,24
16646,19
16647,466
16649,19
16650,19
16653,19
16654,19
16659,23
16662,1
16663,1
16664,6
16665,15
16667,25
16668,1
16669,1
16671,6
16672,3
16676,59
16677,20
16681,53
16682,4
16687,19
16688,248
16690,2
16692,1
16696,171
16702,3
16706,122
16707,12
16716,19
16717,4
16722,9
16725,2
16727,350
16729,1
16730,1
16731,5
16735,3
16736,2
16741,1
16742,2
16748,19
16752,1
16754,2
16757,113
16759,15
16762,1
16764,6
16765,1
16766,45
16775,38
16778,1
16780,14
16781,87
16784,1
16786,19
16788,1
16789,1
16790,2
16793,5
16794,20
16796,4
16798,33
16800,79
16801,1
16802,12
16805,5
16806,10
16808,10
16811,2
16813,3
16816,1
16818,34
16820,10
16821,49
16823,29
16826,24
16828,1
16832,1
16833,2
16834,1
16837,1
16838,1
16840,22
16843,1
16849,507
16854,1
16855,2
16856,5
16858,2
16860,33
16865,40
16866,2
16869,7
16871,24
16872,49
16873,4
16874,2
16879,2
16881,2
16883,12
16885,1
16887,31
16888,1
16894,1
16895,1
16897,2
16898,3
16899,1
16906,84
16909,310
16911,1
16914,2
16920,1
16922,27
16923,19
16924,20
16925,3
16926,10
16929,54
16930,10
16933,146
16934,47
16936,18
16937,21
16939,16
16945,113
16946,11
16947,1
16949,1
16950,209
16952,23
16955,1424
16958,33
16960,118
16961,3
16963,2
16964,22
16965,6
16966,92
16970,950
16973,1
16974,120
16975,2
16977,24
16979,35
16980,6
16983,1
16985,6
16987,16
16991,11
16992,18
16994,38
16995,1
16996,18
17000,4
17001,31
17002,18
17004,1
17006,2
17008,1
17010,1303
17011,1
17012,5
17013,3
17014,303
17016,138
17018,106
17020,1
17022,1
17023,1
17025,96
17029,160
17030,212
17031,38
17033,30
17037,3
17040,4
17041,2
17044,13
17046,9
17048,40
17049,12
17053,1
17055,300
17057,3
17059,2
17060,438
17061,36
17063,581
17064,7
17067,9
17068,2
17071,19
17072,111
17073,57
17074,1
17075,11
17078,37
17080,4
17081,6
17085,52
17086,3386
17087,10
17089,372
17091,1
17092,19
17093,1
17096,1
17098,1203
17100,7
17102,1
17105,503
17106,3
17107,23
17109,3
17110,31
17117,2
17118,43
17119,1
17120,1
17121,45
17122,9
17124,2
17127,64
17128,29
17132,2
17133,1
17138,17
17141,9
17142,19
17143,162
17145,17
17147,8
17148,8
17149,41
17150,2
17151,2
17152,6
17153,18
17157,505
17161,23
17165,2
17167,7
17168,8
17170,10
17172,3
17173,35
17175,17
17176,1
17179,8
17180,23
17182,1
17185,1
17186,20
17189,15
17191,11
17194,5
17195,34
17196,2
17200,27
17203,13
17206,3
17207,1
17208,5
17209,3
17211,2
17213,1
17217,2
17218,2
17219,140
17220,19
17222,1
17223,1
17225,2
17226,4
17228,2
17229,301
17231,70
17232,16
17233,2
17234,1
17241,88
17244,1
17245,257
17248,1
17249,1
17250,10
17251,2
17254,30
17258,35
17260,1
17264,3
17266,2
17268,2
17270,8
17271,9
17277,2
17279,1
17280,5
17283,11
17284,3
17285,1
17288,18
17289,419
17290,10
17291,1
17292,3
17294,3
17296,3
17297,2
17298,1
17299,19
17305,1
17309,12
17310,7
17311,181
17312,45
17313,159
17314,2
17315,1
17320,2
17321,4
17322,25
17323,1
17327,6
17328,17
17329,2
17331,16
17333,152
17334,3
17338,2
17340,23
17345,2
17346,1
17348,147
17350,26
17351,14
17354,3
17355,2
17356,97
17357,25
17360,2
17362,1
17363,20
17365,9
17366,5
17367,11
17369,2
17371,1
17372,19
17373,1
17377,115
17378,2
17381,1
17382,3
17389,1
17391,1
17392,216
17395,3
17397,10
17398,2
17403,23
17406,2
17409,67
17416,16
17417,1
17418,1
17420,1
17423,24
17424,4
17426,1
17430,29
17432,1
17435,1
17436,115
17437,3
17439,27
17440,18
17442,3
17443,25
17445,18
17446,1
17447,1
17448,2
17449,15
17453,8
17454,6
17455,1
17457,4
17461,69
17462,8
17463,4
17464,2
17466,1
17469,35
17470,6
17471,2
17472,2
17473,2
17478,1
17479,1
17481,9
17483,21
17486,4
17489,3
17491,11
17492,1
17493,1
17495,2
17496,55
17500,1
17502,24
17504,5
17506,1
17507,8
17511,3
17513,213
17515,1
17518,2
17519,12
17520,69
17522,2
17523,2
17524,18
17525,2
17526,4
17528,106
17529,1
17532,1570
17534,17
17535,1
17537,481
17538,10
17539,1
17543,12
17544,2
17549,3
17550,5
17552,45
17553,40
17555,1043
17556,3
17560,19
17561,77
17563,6
17566,110
17569,7
17570,1
17572,1
17574,125
17576,37
17579,7
17580,1
17582,164
17585,7
17586,16
17587,33
17588,1
17589,37
17590,4
17592,1
17593,420
17594,5
17596,12
17597,1
17600,7
17601,2
17602,1
17603,3
17605,5
17606,1
17607,1
17609,2
17611,2
17613,1
17616,171
17617,4
17619,92
17622,2
17624,4
17628,100
17629,98
17631,7
17632,4
17633,105
17634,92
17635,138
17637,1
17639,1
17642,13
17645,4
17646,1
17648,1
17649,56
17650,1
17653,4
17654,1
17658,42
17659,894
17661,7
17664,3
17665,4
17667,8
17668,2
17671,1
17672,11
17673,7
17674,15
17676,2
17677,1
17678,2
17680,1
17683,4
17688,1
17689,18
17690,183
17691,70
17693,27
17695,2
17697,1
17698,1
17700,40
17702,1
17703,2
17705,644
17707,2
17708,178
17709,5
17713,1
17714,12
17716,24
17719,2
17720,5
17721,2
17722,1098
17723,23
17725,2
17727,3
17728,7
17733,63
17735,30
17739,19
17742,26
17744,2
17748,1
17754,15
17755,3
17756,1
17757,1
17758,3
17759,5
17761,3
17764,1
17765,1
17767,767
17768,3
17770,1
17772,2
17774,3
17775,19
17784,68
17785,1
17787,1
17789,2
17793,33
17796,36
17797,69
17798,3
17799,39
17800,137
17805,1
17806,1
17807,1
17808,1
17811,2
17812,1
17813,1
17815,1
17817,3
17818,1
17819,55
17823,42
17824,1
17827,1
17830,19
17831,1
17834,2
17835,31
17836,3
17837,1
17839,11
17842,5
17843,31
17845,10
17847,87
17851,1
17853,9
17854,2
17855,2
17858,6
17860,1
17861,2
17863,4
17864,17
17866,3
17867,6
17868,1
17869,3
17870,9
17871,8
17874,6
17876,163
17880,100
17881,9
17884,743
17885,4
17887,2
17888,1
17890,21
17892,2
17894,19
17897,1
17898,23
17907,1
17909,127
17911,19
17912,1
17917,1
17918,11
17921,35
17922,7
17923,31
17924,99
17926,90
17927,2
17929,1
17933,25
17934,175
17935,1
17938,95
17940,12
17941,10
17942,5
17943,19
17945,1
17946,90
17950,6
17952,38
17954,9
17956,8
17963,2
17964,3
17965,1
17968,770
17969,10
17971,1
17973,1
17975,3
17976,3
17978,9
17979,16
17983,1
17984,30
17986,1
17987,46
17988,1
17990,1
17991,1
17992,552
17993,171
17994,88
17995,19
17996,38
17998,1
18004,441
18006,4
18009,2
18010,19
18011,19
18013,7
18014,2
18017,1
18018,4
18020,19
18022,8
18023,46
18025,26
18027,7
18028,8
18031,1
18035,389
18037,1
18038,6
18039,2
18041,1
18053,26
18058,18
18061,48
18063,5
18064,1
18065,2
18068,22
18072,1
18074,3
18075,6
18076,21
18078,7
18080,1
18086,1
18088,4
18089,2
18095,1
18096,2
18097,95
18098,1
18099,10
18102,2
18104,19
18107,1
18109,22
18110,6
18111,1
18112,1
18115,1
18116,1
18118,55
18119,20
18121,64
18122,2
18123,16
18127,2
18128,1
18129,1
18130,9
18131,1
18132,1
18133,3
18134,1
18136,13
18142,104
18143,44
18144,96
18148,1
18149,36
18150,1
18154,1
18155,22
18156,151
18158,17
18160,61
18162,2
18164,2
18165,117
18166,30
18168,112
18169,306
18171,60
18174,1
18175,1
18177,33
18178,19
18186,1
18188,1
18189,29
18192,9
18196,2
18200,7
18202,1
18204,182
18205,1
18206,2
18208,3
18210,3
18211,2
18214,23
18215,1
18216,3
18217,1
18218,19
18220,697
18222,13
18224,6
18226,38
18227,68
18228,79
18234,1
18236,1
18237,1
18241,1
18242,63
18243,7
18244,1
18250,1
18251,5
18252,444
18253,2
18254,70
18256,1
18261,21
18262,380
18263,2
18265,1
18267,29
18268,74
18269,5
18271,41
18274,1
18275,27
18277,37
18280,40
18283,1
18287,413
18288,204
18289,22
18291,9
18292,1
18293,5
18294,2
18295,74
18296,1
18297,2
18299,434
18300,57
18302,44
18303,1
18305,1
18306,5
18307,3
18308,18
18310,1346
18312,1
18313,21
18314,19
18315,1
18316,27
18317,107
18320,5
18321,143
18322,46
18323,6
18324,23
18326,57
18328,2
18334,22
18335,45
18336,1
18338,15
18343,6
18345,17
18346,153
18350,1
18351,2
18357,25
18360,76
18364,1
18365,6
18367,513
18368,1
18369,100
18370,1
18372,2
18373,1
18377,12
18379,1
18380,1
18381,5
18383,16
18384,1
18386,78
18388,2
18389,48
18391,10
18393,35
18397,1
18402,3
18405,2
18406,1
18408,8
18411,13
18415,27
18416,25
18417,1
18419,1
18424,14
18425,2
18426,1
18427,5
18428,1
18433,4
18434,1
18437,1
18439,15
18440,39
18444,15
18445,215
18446,1
18447,164
18449,2
18451,1
18452,68
18453,12
18454,1
18458,1
18460,20
18461,2
18462,6
18463,5
18464,7
18466,1
18467,313
18469,1
18471,3
18472,115
18473,165
18475,1
18478,4
18480,2
18481,13
18482,21
18483,10
18485,75
18486,60
18487,4
18489,1
18490,1
18491,8
18494,1
18495,10
18498,3
18501,8
18503,23
18507,13
18509,10
18510,47
18512,3
18514,1
18523,45
18525,11
18526,1
18527,22
18528,1
18529,19
18531,2
18534,29
18537,8
18539,1
18540,1
18543,105
18546,8
18551,10
18552,2
18555,4
18556,5
18557,28
18558,6
18561,38
18563,2
18566,1
18569,3
18570,29
18572,3
18573,9
18575,1
18576,2
18579,1
18581,1
18582,6
18583,6
18585,4
18586,2
18589,2
18590,3
18591,10
18593,18
18594,71
18595,19
18596,4
18597,17
18598,18
18599,1
18600,87
18602,5
18603,1
18604,5
18607,1
18608,4
18609,179
18611,44
18612,4
18614,22
18618,9
18619,1
18623,1
18624,27
18625,2
18626,17
18627,11
18632,4
18633,4
18635,38
18639,280
18641,1
18642,29
18645,3
18647,5
18650,1
18651,1
18654,4
18657,1
18659,11
18660,1413
18661,7
18662,2
18666,1
18667,1
18669,3
18670,1
18673,3
18675,1
18678,2
18681,14
18682,11
18686,6
18687,12
18691,10
18697,1
18699,1
18702,3
18704,1
18706,26
18707,16
18710,44
18711,6
18712,588
18713,16
18714,2
18720,7
18726,1
18727,5
18728,1
18729,7
18732,71
18736,4
18737,28
18739,55
18741,2
18742,1
18746,1
18747,26
18748,1
18749,8
18753,5
18755,1
18756,115
18757,1
18759,1
18760,1
18761,3
18762,5
18765,19
18766,19
18768,20
18770,9
18773,28
18775,46
18778,1
18779,16
18780,68
18781,5
18782,7
18783,4
18784,1
18785,2
18787,15
18788,3
18794,2
18795,14
18796,48
18797,1
18799,10
18800,54
18801,1
18806,38
18807,115
18809,20
18811,1
18814,212
18817,31
18818,22
18821,46
18822,2
18823,1
18825,2
18826,2
18827,2
18828,1
18829,1
18832,1
18833,2
18834,19
18835,9
18837,3
18838,1
18840,188
18841,175
18842,4
18843,32
18847,3
18848,3
18854,7
18855,18
18856,2
18857,2
18858,3
18864,181
18865,1
18867,106
18868,8
18869,10
18870,3
18871,2
18872,2
18874,201
18875,6
18877,1
18878,1
18879,3
18881,3
18882,11
18883,3
18885,1
18886,11
18887,4
18890,3
18892,234
18894,2
18895,36
18897,2
18898,2
18900,5
18905,147
18906,2
18907,8
18911,850
18912,9
18913,4
18914,17
18915,12
18916,8
18917,7
18918,294
18919,24
18921,1
18924,2
18929,2
18931,1
18932,1
18934,1
18937,11
18939,198
18940,4
18941,8
18942,141
18944,1
18945,24
18946,74
18948,5
18949,15
18951,1
18953,3
18954,5
18955,46
18957,24
18958,1
18959,1
18962,3
18963,1
18965,80
18968,3
18969,2
18971,10
18972,890
18973,9
18974,544
18975,1
18979,29
18980,10
18981,98
18982,3
18983,3
18984,300
18987,8
18988,6
18991,19
18992,1
18993,18
18994,11
18997,7
18998,5
19000,4
19001,11
19005,9
19007,1
19008,2
19009,3
19011,31
19012,1
19014,5
19015,14
19016,15
19017,2
19020,1
19021,1
19023,1
19024,9
19025,3
19028,5
19029,63
19030,1
19032,62
19034,1
19044,1
19046,1
19049,1
19050,1
19051,3
19052,1
19058,1
19059,5
19061,6
19062,3
19066,41
19067,1
19068,38
19069,1
19070,1
19072,46
19073,12
19074,240
19075,164
19076,1
19081,1
19082,1
19089,2
19090,1
19092,19
19093,144
19095,5
19096,2
19097,8
19098,3
19100,8
19102,2
19105,1
19107,53
19109,15
19111,3
19113,77
19117,1
19118,1
19119,1
19120,11
19123,1
19125,9
19128,9
19130,19
19133,1
19135,1
19137,1
19138,19
19140,2
19141,1
19142,2
19144,5
19145,213
19146,1
19148,1
19150,4
19151,3
19152,12
19153,1
19154,1
19156,15
19157,1
19158,17
19160,3
19161,20
19164,72
19166,5
19167,2
19168,32
19169,97
19171,1
19174,1
19175,2
19178,3
19179,3
19180,13
19182,1
19183,2
19184,1
19185,1
19186,34
19187,3
19188,1
19190,19
19191,2
19192,1
19193,610
19194,3
19195,1
19196,2
19199,1
19200,1
19202,2
19204,6
19205,2
19207,1
19209,71
19210,1
19211,5
19212,1
19213,1
19216,6
19217,117
19218,2
19219,27
19221,3
19224,7
19230,1
19232,4
19234,6
19235,1
19237,19
19239,4
19240,19
19245,4
19249,4
19250,6
19251,9
19253,1
19255,372
19256,3
19257,10
19258,49
19259,1
19260,1
19261,14
19262,7
19264,2
19266,3
19267,5
19268,87
19269,3
19270,2
19272,25
19274,25
19279,3
19280,1
19281,3
19283,2
19285,1
19286,1
19289,16
19291,4
19293,1
19294,104
19296,1
19297,2
19298,1
19299,1
19301,1
19302,1
19306,1
19308,35
19309,36
19312,3
19315,3
19316,30
19317,3
19319,5
19321,2
19322,43
19325,3
19326,73
19327,2
19329,7
19333,10
19334,7
19335,1
19336,1
19340,36
19342,2
19343,3
19346,5
19348,4
19352,2
19354,2
19355,1
19357,17
19359,4
19363,30
19364,37
19365,111
19368,19
19371,1
19372,2
19373,2
19374,15
19376,1
19377,1
19378,2
19381,3
19382,1
19384,3
19385,1
19386,1
19387,301
19389,1
19390,1
19391,4
19393,1
19395,1
19396,5
19401,1
19403,100
19404,3
19406,16
19409,6
19411,5
19413,75
19415,85
19416,2
19418,46
19421,1
19423,19
19425,6
19426,14
19430,22
19431,3
19432,4
19433,36
19434,1
19436,1
19441,1
19443,1
19444,13
19445,15
19446,1
19449,1
19455,1
19456,1
19457,4
19458,2
19459,1
19461,1
19462,2
19463,28
19464,124
19465,2
19467,4
19469,2458
19470,6
19472,112
19473,1
19479,12
19480,1
19481,20
19483,4
19484,366
19485,12
19486,11
19487,2
19488,23
19490,15
19491,39
19494,1
19496,1
19497,1
19498,1
19499,1
19500,33
19502,2
19507,25
19508,234
19509,1
19515,2
19519,4
19520,1
19524,4
19525,19
19528,4
19529,2
19530,1
19533,4
19534,5
19535,1
19536,96
19544,1
19546,1
19548,29
19549,69
19550,12
19553,1
19554,1
19556,1
19558,6
19561,1
19562,55
19563,8
19564,19
19567,5
19569,17
19570,104
19571,4
19573,2
19574,2
19575,1
19578,6
19581,69
19582,24
19587,50
19590,1
19591,2
19592,2
19596,3
19597,3
19601,1
19602,1
19606,6
19607,2
19611,6
19612,4
19615,6
19616,5
19617,21
19619,1
19620,19
19621,10
19622,26
19625,19
19626,65
19627,321
19628,3
19629,7
19634,48
19636,84
19637,1
19638,21
19642,1
19643,1
19647,2
19648,8
19652,95
19655,9
19658,2
19661,60
19665,7
19668,8
19674,1
19677,2
19679,21
19680,3
19681,1
19683,10
19684,2
19686,1
19688,2
19690,14
19691,10
19693,119
19694,33
19697,21
19699,3
19700,9
19701,39
19702,1
19703,5
19704,22
19706,98
19707,115
19709,2
19712,2
19713,35
19717,17
19719,3
19721,19
19722,3
19723,3
19724,6
19725,19
19726,3
19734,34
19735,11
19737,129
19738,37
19740,7
19741,11
19742,4
19745,17
19750,55
19751,93
19752,1
19753,3
19754,19
19756,187
19757,72
19762,10
19768,3
19769,13
19770,23
19771,20
19773,22
19774,52
19775,2
19776,10
19778,53
19779,99
19782,3
19783,19
19784,19
19786,1
19787,10
19791,33
19793,144
19797,25
19799,4
19804,5
19806,39
19809,395
19810,7
19813,1
19814,7
19815,16
19817,30
19819,493
19820,3
19822,1
19823,1
19824,9
19826,1
19833,1
19834,14
19840,16
19842,19
19843,16
19844,6
19845,10
19846,2
19855,98
19856,1
19861,1
19862,7
19863,5
19864,51
19865,102
19866,166
19867,231
19868,79
19869,47
19870,76
19872,26
19873,3
19874,3
19878,1
19880,20
19883,41
19884,4
19887,1
19889,4
19893,34
19895,32
19896,198
19897,13
19899,84
19900,32
19903,6
19904,179
19906,28
19909,82
19910,48
19911,5
19912,3
19914,1
19915,82
19918,4
19919,19
19922,34
19932,19
19934,16
19935,2
19936,136
19937,1
19938,10
19942,1
19944,1
19946,6
19947,1
19951,2
19952,19
19956,4
19957,2
19959,146
19960,20
19961,21
19964,5
19967,42
19968,21
19969,34
19970,76
19971,1
19976,116
19982,19
19984,1
19988,9
19989,20
19990,14
19992,39
19993,65
19996,9
19997,2
19998,25
19999,33
20001,20
20004,6
20005,18
20008,82
20009,19
20012,1
20013,19
20014,1
20016,23
20018,104
20019,19
20020,3
20021,17
20022,7
20023,3
20025,6
20026,11
20028,23
20030,269
20031,30
20032,3
20033,144
20034,1
20035,7
20036,26
20037,2
20038,29
20040,4
20042,2
20043,35
20045,1
20048,1
20050,182
20051,6
20053,3
20055,1
20057,5
20059,4
20060,8
20064,12
20065,3
20070,5
20072,1
20075,16
20078,8
20081,1
20089,1
20090,6
20091,1
20092,2
20093,18
20094,2
20097,715
20098,34
20099,4
20100,1
20107,64
20109,3
20111,839
20114,50
20117,1
20121,1
20122,5
20123,1
20130,24
20132,42
20133,78
20136,1
20137,10
20138,4
20140,1
20145,47
20146,1
20148,3
20149,19
20154,3
20157,7
20160,47
20162,23
20163,2
20164,53
20166,10
20167,1
20168,3
20170,1
20172,6
20178,5
20184,1
20185,21
20190,37
20193,15
20197,3
20199,4
20200,146
20202,114
20203,19
20204,21
20205,1
20209,1
20212,237
20217,24
20218,1
20223,2
20227,82
20228,17
20229,172
20232,81
20234,3
20236,115
20237,79
20239,17
20240,39
20242,30
20243,2
20249,1
20250,14
20251,1
20252,36
20253,76
20254,19
20258,1
20259,1
20261,451
20262,27
20263,23
20266,1
20267,66
20268,63
20269,7
20270,13
20274,1
20275,1
20276,20
20277,20
20280,45
20282,3
20283,2
20285,21
20288,1
20289,1
20292,24
20295,119
20297,247
20298,1
20300,3
20301,25
20302,16
20305,2
20306,1
20307,2
20308,5
20309,2
20312,9
20317,19
20321,78
20327,94
20328,5
20329,15
20333,3
20337,11
20338,9
20339,1
20344,27
20345,258
20348,19
20349,24
20353,3
20354,1
20356,36
20357,31
20358,7
20360,11
20361,3
20362,54
20363,114
20365,17
20370,11
20372,1
20374,2
20377,1
20379,7
20380,20
20385,6
20386,33
20389,57
20393,4
20395,14
20398,1
20403,1
20405,1
20406,2
20408,19
20410,2
20411,16
20412,25
20415,23
20417,1
20420,3
20422,3
20423,7
20424,28
20425,1
20427,19
20429,2
20430,1
20431,11
20433,5
20434,1
20436,34
20438,102
20439,19
20440,214
20441,11
20445,21
20448,38
20451,19
20452,5
20454,20
20455,25
20456,14
20457,7
20458,1
20459,6
20462,34
20463,1
20466,5
20467,3
20468,42
20469,74
20471,40
20475,1
20476,20
20480,12
20481,28
20483,1
20484,2
20486,1
20490,2
20493,5
20494,1
20496,6
20498,4
20500,17
20502,3
20503,15
20505,2
20506,8
20511,6
20512,2
20513,1
20514,5
20517,1
20520,10
20522,7
20523,1
20527,19
20528,21
20530,4
20532,2
20534,37
20535,2
20540,2
20541,4
20543,10
20545,2
20546,2
20550,4
20551,140
20554,19
20555,1
20563,175
20564,9
20565,1
20566,34
20569,1
20570,1
20571,3
20578,8
20579,2
20580,10
20581,3
20582,290
20583,1
20584,1
20586,8
20588,5
20589,3
20594,1
20595,1
20597,9
20600,38
20601,38
20606,18
20608,4
20609,3
20612,3
20613,1
20614,12
20615,7
20617,82
20618,1
20620,92
20622,51
20626,26
20628,1
20629,180
20631,19
20632,2
20635,4
20636,1
20638,17
20640,20
20644,35
20646,39
20647,25
20649,5
20650,20
20651,7
20652,4
20653,19
20663,18
20666,1
20669,28
20671,1
20674,13
20676,8
20678,29
20679,1
20680,20
20684,62
20685,2
20687,176
20689,20
20690,7
20691,19
20693,21
20697,7
20698,6
20699,1
20705,1
20707,1
20708,1
20709,24
20710,5
20711,51
20713,74
20714,16
20715,1
20720,7
20723,23
20725,14
20726,29
20728,19
20732,36
20734,66
20735,22
20736,1
20739,19
20740,66
20741,8
20742,1
20747,7
20748,3
20750,2
20752,2
20754,2
20755,25
20758,2
20760,33
20762,19
20763,1
20766,1
20767,1
20769,5
20770,40
20771,1
20773,28
20776,4
20777,3
20778,26
20781,2
20784,51
20785,7
20786,55
20794,1
20795,22
20797,6
20800,11
20802,4
20803,15
20804,4
20807,9
20815,14
20818,19
20821,30
20824,19
20826,5
20827,21
20829,9
20830,1
20831,21
20833,3
20834,1
20836,2
20837,10
20839,1
20842,1
20843,3
20846,1
20847,1
20848,1
20849,1
20850,3
20851,1
20853,9
20854,4
20855,4
20856,35
20858,10
20866,5
20867,14
20869,1
20870,2
20877,1
20880,82
20883,6
20885,1
20889,1
20893,1
20894,3
20896,3
20898,4
20900,1
20901,1
20903,4
20908,1
20910,4
20912,2
20914,4
20915,1
20916,1
20919,22
20921,2
20923,3
20924,1
20925,1
20926,2
20928,39
20931,3
20937,19
20938,1
20942,1
20944,1
20948,19
20949,3
20952,40
20953,3
20955,2
20960,38
20961,1
20962,1
20963,19
20964,29
20966,3
20967,1
20971,47
20972,2
20973,19
20974,14
20975,1
20976,66
20977,10
20978,15
20979,1
20983,21
20984,7
20985,19
20987,1
20988,3
20990,1
20991,26
20992,40
20994,5
20995,138
20996,20
21002,3
21003,14
21005,40
21007,1
21008,47
21011,3
21013,42
21016,1
21017,3
21018,10
21020,6
21022,7
21025,37
21026,19
21032,1
21034,6
21036,51
21037,5
21044,47
21045,12
21046,16
21047,81
21050,3
21051,19
21052,1
21053,51
21054,1
21056,37
21057,18
21058,17
21060,1
21066,11
21069,104
21071,18
21073,5
21074,1
21075,7
21076,1
21077,4
21078,1
21079,232
21081,49
21083,2
21084,3
21089,22
21090,8
21092,4
21093,4
21101,4
21102,54
21103,3
21104,96
21107,232
21108,1
21109,83
21110,5
21111,2
21112,8
21113,26
21114,3
21115,2
21119,251
21120,4
21122,1
21124,46
21127,3
21129,36
21130,3
21131,69
21134,60
21136,1
21138,2
21143,2
21145,1
21146,59
21149,1
21152,20
21153,16
21154,16
21156,3
21160,1
21162,1
21163,76
21164,25
21165,4
21167,28
21169,18
21170,42
21171,48
21174,2
21176,1
21177,20
21178,1
21179,3
21180,9
21181,19
21184,35
21185,3
21187,57
21189,3
21194,10
21195,2
21196,20
21198,5
21199,4
21200,1
21204,18
21211,1
21215,1
21217,1
21220,59
21223,21
21224,38
21225,1
21226,1
21227,12
21228,1
21230,11
21231,22
21232,5
21233,10
21235,38
21237,4
21239,93
21245,1
21246,2
21247,1
21249,19
21251,29
21256,2
21257,46
21258,3
21259,29
21260,5
21262,11
21264,29
21265,5
21268,19
21269,2
21270,1
21271,14
21272,14
21274,12
21275,30
21277,1
21280,1
21282,4
21283,28
21289,1
21290,53
21291,1
21292,19
21293,16
21294,12
21296,19
21297,1
21298,3
21299,1
21300,10
21304,3
21306,1
21308,1
21310,2
21312,2
21315,1
21318,5
21319,2
21323,4
21324,10
21325,4
21326,2
21332,1
21334,1
21337,85
21338,2
21343,1
21345,9
21348,1
21350,19
21351,205
21353,4
21354,3
21355,6
21356,2
21357,2
21358,4
21360,3
21361,31
21363,60
21365,23
21367,1
21368,2
21369,1
21370,11
21374,5
21376,1
21381,4
21383,1
21385,9
21386,27
21388,24
21394,5
21396,2
21397,19
21398,3
21404,18
21405,1
21406,1
21408,18
21409,1
21412,24
21413,1
21415,1
21417,8
21419,1
21420,4
21421,16
21424,2
21428,39
21431,1
21435,3
21436,1
21438,11
21439,9
21440,9
21445,1
21446,10
21448,212
21451,5
21455,2
21457,2
21459,5
21460,6
21461,23
21463,95
21466,137
21472,84
21474,4
21475,19
21478,1
21479,2
21481,10
21482,1
21483,1
21486,9
21487,1
21489,31
21492,4
21496,6
21498,18
21499,11
21500,1
21501,17
21504,23
21506,39
21507,44
21508,2
21509,2
21510,2
21514,2
21515,5
21518,4
21519,20
21520,2
21521,14
21523,2
21525,2
21526,2
21528,1
21529,2
21531,4
21532,72
21533,24
21535,1
21542,28
21544,2
21548,3
21554,8
21558,2
21566,3
21567,10
21572,5
21577,172
21578,1
21579,1
21580,2
21581,1
21583,5
21585,21
21586,1
21591,1
21592,7
21593,6
21594,10
21597,2
21598,1
21601,11
21602,3
21605,31
21607,10
21612,3
21613,11
21614,2
21615,12
21617,4
21622,9
21624,1
21625,3
21627,5
21628,1
21630,27
21634,6
21638,20
21640,1
21641,18
21643,5
21644,13
21645,1
21647,1
21648,6
21649,1
21655,5
21659,1
21661,5
21662,193
21664,7
21666,2
21668,18
21669,10
21670,1
21671,15
21675,3
21676,26
21677,8
21678,8
21680,3
21681,250
21682,16
21687,4
21688,4
21689,42
21690,4
21692,9
21695,2
21696,65
21697,1
21698,1
21699,32
21704,10
21707,1
21708,5
21709,3
21710,1
21712,2
21714,2
21716,10
21718,8
21719,2
21720,25
21721,4
21722,12
21724,14
21729,2
21731,2
21733,10
21734,2
21737,8
21739,10
21740,3
21747,1
21748,27
21749,27
21750,2
21755,2
21759,3
21760,12
21761,1
21762,6
21763,6
21764,31
21767,7
21768,1
21769,1
21770,2
21772,1
21773,1
21774,1
21776,1
21778,4
21779,13
21785,1
21788,11
21789,19
21790,72
21792,7
21800,10
21801,10
21802,22
21803,19
21804,1
21806,2
21807,3
21809,22
21811,5
21812,22
21813,58
21814,3
21815,16
21816,4
21818,1
21819,2
21820,1
21823,1
21824,22
21826,10
21827,9
21829,1
21830,4
21832,7
21838,14
21842,28
21843,2
21844,8
21845,8
21847,1
21848,8
21849,13
21854,1
21863,8
21865,26
21872,20
21875,3
21878,8
21880,4
21883,5
21887,14
21889,4
21890,16
21894,30
21898,9
21902,3
21904,7
21905,1
21906,12
21911,2
21912,70
21913,1
21914,5
21915,9
21916,14
21921,2
21922,26
21923,7
21927,4
21928,28
21929,10
21932,1
21933,17
21934,6
21936,1
21937,9
21939,12
21941,3
21943,1
21945,6
21946,1
21947,27
21948,10
21950,9
21954,21
21957,1
21962,2
21967,2
21969,1
21970,11
21976,5
21980,1
21981,2
21989,2
21990,2
21992,4
21993,20
21995,5
21998,19
22002,10
22003,4
22006,1
22008,5
22009,1
22010,1
22011,20
22013,5
22014,1
22020,18
22021,1
22022,11
22023,2
22026,2
22027,15
22030,4
22031,2
22034,1
22035,2
22036,3
22040,4
22041,1
22047,1
22052,1
22053,7
22054,3
22055,6
22056,10
22058,10
22060,3
22061,1
22063,10
22068,1
22069,3
22072,3
22074,6
22079,11
22081,4
22083,1
22084,3
22086,10
22088,5
22089,7
22092,2
22093,4
22094,11
22095,13
22099,1
22101,19
22103,4
22104,1
22109,2
22110,6
22111,1
22112,1
22113,13
22115,60
22117,2
22121,1
22124,2
22126,2
22128,2
22133,6
22134,10
22136,1
22138,9
22139,4
22141,1
22142,3
22144,1
22145,1
22147,1
22148,10
22152,1
22155,3
22158,1
22166,4
22173,2
22175,4
22176,1
22178,3
22179,10
22180,1
22183,1
22184,9
22190,5
22195,3
22200,5
22204,5
22208,10
22209,13
22212,1
22215,7
22217,3
22223,3
22225,1
22230,2
22232,2
22235,5
22237,10
22238,1
22239,5
22240,1
22241,1
22243,1
22244,1
22245,6
22247,3
22250,2
22251,1
22253,2
22257,1
22258,1
22261,3
22265,2
22267,10
22268,9
22270,10
22272,9
22283,4
22284,10
22286,2
22290,1
22294,1
22300,2
22304,1
22305,2
22308,3
22309,10
