uid,answer_discussion_count
2,360
4,28
18,1
9,17
85,4
103,1
111,26
120,2
112,13
62,2
159,65
11,244
200,36
15743,33
8,114
219,7
232,8
252,75
250,66
216,1706
265,1
287,178
313,1
80,34
3,143
279,2
368,2
176,587
207,1
12870,34
323,2
2673,31
393,62
268,2
395,1
299,39
404,1
410,4
12267,310
16397,219
161,4
419,133
422,17
369,8
440,15
189,7
233,1
172,5
427,61
469,803
204,4
472,6
271,110
494,2
467,2
475,2
113,19
518,312
524,257
485,7
334,8
549,62
540,1
275,36
564,5
484,33
558,84
572,4
570,100
578,1
583,8
95,12
542,8
521,6
405,10
645,6
121,1
560,15
291,64
660,2
671,2
165,1303
539,1
141,5
695,107
728,141
92,11
566,2
593,215
705,4
704,1
214,10
653,289
490,26
407,13
734,12
723,40
693,10
747,41
733,45
117,27
418,371
461,3
3014,13
212,12
123,196
600,1
32,4
776,5
754,346
777,1
786,1
486,9
766,71
457,28
763,13
209,2
801,139
245,30
260,1
758,1
132,1
715,1
749,307
202,1
824,12
14,17
831,5
449,79
838,3
573,6
888,11
956,27
845,1
772,2
849,3
1272,13
1217,20
380,224
858,1
515,16
836,29
874,1
879,7
817,1
581,6
934,3
889,169
769,2
893,19
1174,27
716,14
927,2
915,2
939,1
833,1
414,20
910,337
947,6
3693,94
940,16
951,39
697,3
955,5
424,7
962,2
290,7
975,3
133,650
344,22
981,18
989,1
744,277
985,1
9297,71
10324,28
911,5
994,45
399,2
377,27
1016,105
996,2
1021,169
1043,23
1044,1
987,35
1048,15
210,172
923,8
569,65
584,48
1006,112
1066,109
1073,41
1077,166
1079,1
928,1
1097,11
1110,8
163,7
1108,165
4903,10
1090,3
5928,2
1127,3
2360,143
1132,106
793,197
607,11
894,119
1179,255
1571,484
6609,17
798,132
1156,1
528,26
1170,1
933,15
505,6
5150,1
5125,60
1175,1
974,1
1120,12
1189,70
5935,2
2409,65
3532,438
1199,5
1194,1
516,33
1203,84
1213,1
1148,42
5513,15
1197,48
4932,61
1223,7
1162,1
1225,3
1228,7
7325,12
4887,594
5511,203
1239,6
1124,41
1061,1
1210,249
1219,19
437,12
1263,141
3700,676
1256,3
1042,4
1267,5
1270,21
5926,1
5849,1
3484,32
12343,43
6671,144
1274,5
1309,1
1296,43
1311,1
1587,14
1282,16
1829,28
5847,3
1290,3
1766,192
1001,30
1240,19
1279,1
5468,9
12105,2
11512,119
7490,201
4329,36
9125,4
7276,18
13979,223
2836,17
5892,7
920,6
9677,250
1298,2
1122,8
1321,1
1324,31
4369,264
1329,127
3105,12
2930,108
1,360
12035,13
1345,1
1350,17
1307,2
1789,73
1191,137
1368,1
1637,408
2296,617
6573,269
6598,52
815,11
6615,8
1372,2
1371,15
2859,6
3338,41
7601,241
5812,15
1919,59
2054,309
4456,22
2121,31
3125,23
1339,81
1347,8
14383,16
6613,23
5473,37
2058,107
1434,33
1373,1
2467,64
156,12
1470,107
17010,85
18214,25
11130,19
1387,28
5431,27
1389,121
1299,34
1391,3
1395,1
6480,8
5924,34
1403,4
1283,90
259,13
1221,2
18817,7
5784,12
1420,1
565,38
10372,376
6190,57
1427,1
1319,43
6606,49
7540,3
551,6
17436,141
7834,9
7375,561
1442,2
1448,5
1450,269
1453,6
1472,5
1475,1
1479,1
347,3
1003,1
1491,1
1486,1
1499,7
357,26
1502,5
1478,28
12116,1
1469,2
1515,2
1336,24
1519,3
555,22
1405,5
11160,211
1363,30
1539,1
1421,43
1411,1
1545,1
1342,2
11722,37
9706,41
1496,1
19809,136
13328,252
3685,319
20713,3
64,1
21231,2
489,5
1105,6
1575,2
1484,73
1585,58
1535,54
1559,3
1392,14
1361,16
154,34
86,2
882,1
1578,1
18802,3
17086,448
16199,83
11601,178
155,4
20261,72
12080,127
11998,4
1294,2
1640,2
1654,43
1268,1
1582,71
15,1544
1674,63
14040,31
18887,22
696,2
1541,9
1685,7
1253,3
1686,8
665,1
1439,7
1678,6
1669,7
11113,15
7330,6
1553,87
708,3
1700,1
196,37
114,71
1706,8
748,3
1620,21
14225,1
1549,31
1626,54
1538,29
1557,2
1734,28
3729,37
1226,78
1247,7
8792,341
1666,11
17561,17
13696,17
4410,285
14394,40
20064,3
19433,2
20995,31
5393,58
15603,370
11237,8
17605,17
17055,144
1465,7
579,24
1238,36
1815,30
1638,14
1648,12
1803,3
1790,1
1729,8
1846,1
1687,3
1845,3
2862,1
1348,56
1710,20
2984,34
1805,46
1820,116
1860,1
1848,33
2804,20
1855,1
1853,4
884,102
1907,45
1741,10
1847,5
1935,1
1404,5
9957,49
1772,1
1909,2
1940,29
1702,8
1254,3
595,26
229,27
1708,3
1328,30
1962,5
13192,27
1655,3
1020,183
1552,95
1969,15
1770,3
1974,4
1975,1
1979,29
618,8
1080,1
266,3
1777,41
443,6
2003,1
1714,13
1942,1
1986,28
349,1
1364,5
2051,2
2053,56
799,59
900,1
2045,1
2035,1
2064,6
2074,20
2002,2
2081,2
2067,9
1030,1
2065,23
1951,19
455,3
1570,2
2099,1
2101,62
1416,17
2107,21
17339,7
2119,1
2125,1
2129,8
1550,1
6667,129
2141,3
1086,19
1707,3
2151,2
2147,35
5382,37
2152,1
2108,1
2164,6
3216,106
7878,106
2162,20
1625,3
2166,28
2175,2
1849,34
11497,25
10421,12
8507,70
1722,14
2183,1
832,103
2200,1
2209,4
2210,2
2231,46
2235,1
529,1
1902,20
1344,23
2214,1
2247,9
2257,1
2254,1
1961,2
14692,70
180,1
2145,40
2275,3
1946,57
2226,14
2287,2
2294,5
2075,2
17635,81
1027,1
2305,10
2309,211
2284,5
2315,1
2312,45
2273,24
1703,24
2710,36
2410,178
2132,5
2268,3
307,2
1784,11
1567,27
2314,37
2350,1
2333,33
2207,1
1517,2
2090,2
13786,59
16306,29
2380,2
7794,70
1981,1
2397,4
2381,2
2123,4
2124,1
2366,1
1644,12
2169,1
2403,1
2412,2
2411,1
2373,2
2428,8
6078,50
2457,2
2461,1
1201,1
14757,17
2481,18
2189,4
2490,2
1063,1
2135,3
2349,3
2167,51
2495,1
2515,1
2429,4
2528,2
2533,26
2535,2
2538,2
2464,1
14270,28
16964,30
7384,39
2555,28
13975,146
15415,43
1927,196
18899,1
1756,2
5999,10
2560,5
2564,1
16955,41
13315,23
18670,4
6076,89
13424,24
2616,47
2615,2
2612,1
13291,8
14122,2
17513,88
787,1
2048,40
2638,1
2652,2
2656,1
2659,1
2661,2
9304,62
12311,59
2553,10
2657,12
2674,1
2675,1
2679,1
2688,2
9142,1
16376,36
2317,6
2686,43
6005,46
2640,18
2694,4
2695,1
2697,6
8978,85
2702,4
2705,12
2713,7
2637,1
2722,39
2265,1
2727,1
2729,3
14314,88
1779,48
2744,4
819,1
2086,3
1451,17
1098,2
1967,34
2706,1
2765,6
1653,6
2631,6
16254,98
9846,172
2771,73
3104,1
2782,3
12297,564
17556,3
16147,62
14564,79
8244,34
2243,1
2785,4
3553,1
2784,4
1530,29
13059,59
2828,1
2873,1
2835,6
2838,1
2841,3
2329,15
924,2
8483,178
2482,83
13318,135
2587,1
2814,19
2858,392
2898,30
2903,4
7550,15
4615,34
587,58
16100,41
1801,2
2813,3
2341,5
2901,25
37,4
507,4
2926,1
2932,3
2937,5
17030,27
2427,8
2466,1
2960,1
2962,45
2730,3
2759,1
2965,8
2979,1
6525,60
6562,5
6750,1
8992,27
2961,19
2990,1
2846,9
2992,16
2994,1
13038,48
2985,13
2938,6
3007,1
1736,6
760,2
3009,1
1280,1
2983,4
3012,772
3015,23
2795,3
2988,1
2995,5
3013,1
3029,3
3018,1
3043,2
21880,3
19993,2
3022,12
3047,1
2662,1
3048,9
3042,69
3069,22
3081,1
3094,1
3075,22
3616,194
3114,2
5045,92
3027,9
1561,16
3128,10
2509,1
3487,377
5976,49
263,1
1816,1
3041,26
17909,10
3065,42
2723,10
9095,4
1783,4
2651,8
3162,2
2998,1
18316,17
11982,34
2057,4
3170,2
5978,9
3020,11
3181,1
6749,6
1532,1
3197,11
3196,12
3201,23
3122,2
3218,1
3186,2
3053,17
2949,4
2881,1
3205,12
6345,28
6747,2
6449,18
6745,31
3237,23
3144,4
6092,34
5000,48
14516,40
4222,58
6737,9
17492,4
4525,185
3198,2
18874,37
14575,131
6275,263
6690,12
3229,2
3225,3
1821,3
3269,42
3240,7
6544,14
6341,16
5722,31
2944,9
3302,1
3308,29
3316,1
5971,14
2532,118
3325,2
3324,53
5660,37
3295,1
3333,1
3335,3
3341,1
3346,1
2110,26
3369,1
3344,57
3389,1
3399,1
3455,1
3311,7
2809,1
3537,1
3540,2
3541,24
3542,1
9522,14
17098,17
3555,1
1536,2
3560,1
3561,1
3250,1
3577,2
3580,1
3581,1
8685,50
3591,19
2502,15
3501,74
3319,2
35,7
16872,23
3614,2
3339,2
458,5
3620,14
3624,2
3626,1
7553,25
12037,22
18598,34
17461,5
15583,2
6056,162
3293,1
3636,1
3637,1
3643,11
3592,293
3635,7
3654,9
3661,2
3644,2
18691,30
2806,1
3641,1
3214,3
3676,4
8656,1
16353,16
11946,20
17735,5
16823,40
3695,1
13728,25
3457,6
3656,1
3718,7
2613,58
3362,8
2256,3
3733,2
3746,2
3747,5
3749,1
3751,1
4047,3
4053,36
4071,4
3762,1
4100,1
4052,1
4058,1
4118,13
4120,3
4060,1
18594,11
4063,2
4235,20
1842,14
3744,17
6683,2
6240,6
6685,1
6659,11
6668,1
6638,2
6648,1
1323,3
6380,48
9637,56
12085,2
12078,5
12066,1
11820,136
4765,18
6171,496
4724,321
8257,49
9600,44
5707,26
7829,208
11540,13
12016,1
9137,35
10918,103
7418,2
12100,1
6489,100
7255,18
6616,25
6484,8
6021,17
6618,7
4971,9
5008,8
6642,105
6646,1
11530,11
11954,2
7516,195
9893,8
6012,7
6575,3
8694,8
6276,12
11336,5
10462,4
11196,16
12026,4
6347,1
5947,99
9821,152
8264,21
11033,4
3317,199
10069,7
10910,8
10483,11
9336,4
8522,48
5806,92
9251,40
8709,10
8886,4
10958,4
99,4
11025,2
10790,1
10522,13
9054,19
8376,9
9319,2
8899,9
10225,5
7115,8
6934,6
10981,2
10510,4
7495,4
9217,2
9397,103
9862,143
10862,26
8380,12
9164,3
7643,1
9014,59
10445,7
7142,73
7485,530
7543,50
10875,14
4346,30
10853,36
10856,16
8166,67
9851,4
7412,28
10896,5
2764,5
8769,63
1300,27
10249,1
5572,57
8988,147
6863,21
8023,38
10216,4
628,3
9455,43
8872,44
450,3
7247,6
4520,12
8576,26
9093,34
9910,21
8986,31
8197,20
9552,2
7472,214
9721,3
8982,10
10811,22
7997,260
9688,13
6508,17
8536,11
10430,1
10059,38
7356,3
5760,61
9384,15
10086,8
10872,1
8616,8
5861,33
9442,3
10868,99
9790,1
10858,5
10397,19
10775,11
10140,2
10837,35
9606,6
10851,2
7429,13
8346,6
8916,99
7592,20
9966,2
193,20
9939,2
10839,2
10838,1
7966,18
6558,26
8645,74
10008,3
10411,10
10819,3
10792,2
6744,24
7121,146
10763,2
10405,20
10815,2
7982,1
9901,6
8203,35
9554,131
8604,59
10800,1
10803,1
10479,1
12573,23
21689,2
6097,5
8970,3
8034,30
9913,8
8663,1
8182,1
10770,2
10240,3
6682,3
9908,7
10518,4
7894,29
6450,37
10758,1
9787,20
7414,9
9580,18
8202,20
10428,41
10520,2
9116,26
10402,7
10540,1
8623,16
6075,91
10534,1
6672,19
3533,2
10523,1
10314,13
7662,64
10334,2
10231,1
9683,14
9313,16
10377,2
9547,2
7599,13
9159,14
10495,1
10491,1
10492,1
10470,4
9431,9
10014,1
9840,21
5666,1
10473,1
7887,84
10394,2
10461,1
9923,5
709,2
10123,4
8321,130
9874,21
12332,17
10456,1
10208,6
9049,1
10384,2
10444,1
6194,27
9833,2
7867,74
9498,2
9559,2
8655,12
8732,1
9382,51
9792,19
6549,23
10407,1
10177,1
8638,3
9621,1
9715,2
9348,25
7934,62
9526,5
5852,34
10071,2
7969,29
5390,136
8039,95
10376,1
10351,5
10129,1
6860,20
1376,4
10218,56
8852,11
10357,3
10318,7
10352,4
8587,8
9983,3
10349,1
9394,6
10341,2
7204,3
10104,5
10305,1
10292,8
10328,1
8080,9
10321,1
7098,25
10310,2
10312,1
10306,5
10296,1
9831,6
9903,1
10275,1
10273,1
9544,10
7761,3
9508,49
10260,1
9367,15
10244,1
10237,14
10246,1
10152,7
4906,152
13290,23
20880,46
19508,29
21119,23
19193,18
8328,14
19787,2
10528,42
10212,1
17969,38
16575,7
8841,23
10222,1
10163,10
3212,28
7526,15
7118,5
10199,1
9499,7
8577,4
6868,186
14216,3
13863,3
15300,136
9946,1
10168,5
6193,10
10144,1
8785,13
10169,18
6763,198
10146,4
8440,6
10114,3
8849,5
10136,1
7483,14
10132,1
6708,51
9555,43
7964,22
8600,23
9975,1
10121,1
6875,14
10116,1
7751,3
9818,6
10085,2
12904,80
7691,3
9773,3
7752,3
8702,12
10070,16
4841,54
9827,1
9822,3
7150,6
10050,2
10057,1
9360,15
9783,2
9388,5
10046,1
10033,2
9599,25
6874,62
9063,54
7413,10
10034,1
8614,10
7863,2
10028,1
10024,1
10019,1
8457,13
21351,32
9839,1
9988,3
10012,1
10011,1
9644,8
10009,1
10003,1
9207,9
9284,1
9996,1
9511,1
9977,1
9950,7
9982,1
8509,2
9971,1
9964,9
9925,2
9844,5
8310,8
9973,1
9960,1
7551,16
9954,5
9961,1
7256,11
7437,74
9959,1
3320,41
8969,1
9224,2
9955,1
7798,12
9332,1
9897,3
9407,2
4563,23
9942,1
9940,1
8077,3
173,29
9301,10
8066,19
9935,1
3618,9
9911,7
15177,19
14980,39
9330,27
9881,3
7857,9
8320,10
7736,8
9024,1
9871,2
9884,1
9895,1
9858,1
6108,8
9906,1
9302,3
7494,30
9904,1
7521,15
8272,11
9894,1
5077,6
9195,4
8154,9
9886,1
9879,1
9875,1
9863,1
3757,33
8919,7
9847,2
9080,1
9838,1
9671,3
9780,9
6586,29
7602,5
9280,2
6052,3
9806,7
7689,22
8484,17
7518,13
6314,2
9771,3
9769,13
8422,7
7370,1
9774,1
8897,36
9461,4
9757,1
11248,20
9244,7
6871,114
7815,25
9755,9
9746,18
9753,1
7844,14
9186,1
9570,25
5537,34
6029,9
9707,12
8512,24
6952,30
5544,13
8630,8
9454,8
7470,12
8873,3
9468,2
9673,50
7609,8
8240,5
9656,1
9518,3
7427,25
9646,1
7085,8
9489,4
9614,1
8438,1
9567,1
9584,4
8658,3
9576,1
8256,43
9450,10
9460,5
9601,1
8998,13
9595,1
9424,5
9581,1
9538,12
9260,1
9550,13
9593,1
6649,23
7763,1
6788,121
9578,2
7126,5
9563,2
7107,2
9501,1
7785,16
8954,2
7980,18
9231,4
9480,3
8891,12
9539,1
9314,3
11369,2
7249,37
7104,8
12050,2
9445,4
6545,18
9524,3
8699,2
9515,3
9505,2
8751,14
9009,2
6319,13
8277,17
7890,15
7461,5
9338,8
8674,4
9464,4
8648,8
8819,9
8807,1
8378,2
8987,49
3504,9
7106,6
9434,2
6886,1
9423,1
6313,11
8480,25
9171,15
5438,14
9416,3
8717,1
6405,38
9409,2
8929,16
8399,18
9403,1
7646,25
8606,62
9369,5
9378,2
9376,1
9371,1
8461,17
9364,4
5956,4
9359,3
9349,6
7194,1
9213,11
9312,2
9350,1
16216,7
9052,2
1245,8
7849,1
7868,1
9716,1
8304,27
8823,1
9321,4
8150,23
8411,7
9226,6
9291,1
9277,3
6535,1
2977,5
9242,1
8898,1
9257,1
9249,1
6157,3
5805,36
9216,2
9205,5
8332,2
9192,1
9179,1
6856,65
7727,3
9046,1
8827,3
6890,5
1782,2
9158,3
8460,2
9013,2
9151,1
8836,8
9140,1
8847,25
8640,27
9130,7
9075,14
8900,3
9062,4
17,97
9022,7
8996,2
6673,9
9026,1
7113,17
9019,2
9018,1
9017,1
6233,20
8922,2
9005,9
8027,24
8984,9
5606,6
8669,18
9000,1
7770,6
5868,1
8884,21
8920,4
5618,1
8968,1
7808,12
3647,3
8394,19
7183,3
8949,2
8946,37
8708,4
8705,12
8855,1
8746,2
6830,3
8704,13
7773,12
8205,6
327,7
8896,6
5192,2
8801,35
8636,16
8603,5
8887,2
8423,14
8706,1
7225,45
8882,1
4984,39
7827,15
8733,8
8877,2
8607,25
7848,3
8866,1
6207,4
8843,2
8846,1
8809,1
8830,9
6555,3
6725,7
8822,1
7519,3
8812,2
8803,2
8235,14
8802,1
8312,8
6368,1
6238,21
8789,1
6812,2
8770,1
7630,28
8748,5
8315,1
7351,5
8352,10
8757,1
8752,3
8269,9
8395,5
8386,23
3663,26
7953,2
8681,2
5615,20
8186,1
8713,1
8712,1
8584,1
8366,2
8693,3
8160,24
7234,25
8435,2
8327,2
8586,9
6794,37
8155,3
8659,2
5149,4
8651,1
8650,2
8389,4
2747,3
11804,48
6112,3
1602,3
8628,1
7281,80
8183,2
8550,3
4992,1
8612,1
7496,16
1506,2
7870,2
7897,14
12063,3
8506,8
8570,1
7725,27
8554,4
8426,3
8365,5
8526,2
1320,1
8446,9
8262,9
7633,7
8458,1
8280,7
7522,11
2681,6
6003,28
8259,3
8414,1
8408,2
2159,3
8401,4
3192,1
8393,2
7146,3
7528,58
568,1
7660,1
7831,4
1750,3
8360,1
7390,22
8298,12
8340,4
2133,2
8249,4
8289,1
5770,3
8319,3
8216,1
7295,39
8306,1
7656,3
7555,8
8297,2
8283,1
6126,14
8229,1
8156,2
8234,5
7061,1
8273,1
6640,1
7769,1
6960,1
6634,12
8247,4
6547,8
8168,1
7078,1
7681,11
6954,20
8174,3
6780,4
7417,2
8133,4
7449,1
7869,39
7316,3
7608,2
7728,18
8070,3
7933,5
7302,19
7097,5
7187,2
8144,1
6388,10
7922,1
8117,4
8116,6
8113,5
8111,1
8043,1
8108,1
8107,3
8091,1
8021,3
1034,16
2524,5
8072,12
7923,3
17532,49
8068,1
8022,3
7337,1
6153,1
8053,3
7236,5
7625,2
7856,2
6731,4
8016,2
7853,4
1836,1
5345,44
7340,1
7921,1
7965,1
5365,6
7960,1
7957,1
7529,25
7731,2
7946,1
7936,5
7832,3
6241,2
7935,1
7920,2
7885,1
7661,1
7907,1
7433,1
7891,1
7880,1
5711,4
7776,1
3603,3
6980,12
7854,1
10013,26
7772,1
7399,3
7825,2
2777,3
7813,1
7805,2
7786,1
6991,2
7195,46
7745,1
7365,3
7674,1
7312,11
7730,2
7732,1
7715,5
7683,1
7322,30
16349,13
7243,21
6946,5
7696,2
7694,1
6694,1
936,2
2871,1
7671,1
7670,1
7669,4
7665,4
7667,1
7442,1
7086,3
7651,1
5680,6
6537,4
7636,1
7631,2
7606,1
7579,5
7629,1
7628,2
7604,10
7627,1
7616,5
7612,2
7438,26
7594,16
3151,1
7591,1
7589,1
7586,1
7583,3
7582,7
7581,6
4439,7
7578,18
7242,8
6734,2
7576,1
7572,4
7120,8
7568,1
4803,33
7567,5
7481,3
4691,13
20033,15
16583,23
17305,25
17993,23
4970,1
7533,1
7018,3
7532,1
6339,4
6913,1
7520,1
7164,5
6016,84
7511,2
7363,1
7457,11
7196,2
6924,6
6279,5
6711,4
11217,66
5178,4
2508,2
6591,4
7463,3
7430,3
7447,2
7439,1
6622,10
6993,32
7091,3
5851,13
3629,6
3730,9
7054,3
7408,1
7391,2
6732,3
7380,3
7383,1
7382,1
7303,53
5676,6
6271,1
6596,1
4443,9
7346,1
6727,8
7350,1
17157,8
17063,7
7157,11
7293,1
6824,13
7214,4
2728,4
7334,1
5628,19
4766,10
7051,2
7291,5
6352,16
1218,1
6079,2
6534,2
6838,44
7116,5
7278,3
7259,9
7257,1
2552,11
7188,4
7235,1
7231,1
7221,1
7216,4
6035,4
14018,27
4334,4
7176,1
5509,1
3224,6
7044,7
7147,1
7011,3
7133,2
7131,1
7055,2
7110,1
7067,19
7062,3
7099,1
7066,3
7068,3
6767,3
6658,1
6936,1
3543,1
7073,1
3305,1
7030,2
6925,4
7020,1
6326,18
7009,1
11616,3
6333,5
6951,1
5836,1
3627,7
11728,3
6983,1
6320,6
6910,4
6957,1
6462,2
5252,2
6961,1
6955,1
3480,29
6483,34
6948,3
4487,3
6938,20
6937,1
6807,1
6923,2
6920,3
6306,1
6912,1
6909,1
6905,1
6896,1
4643,7
6878,1
6844,5
4532,1
19319,47
6728,3
6819,1
6790,1
6793,1
6232,2
6315,1
6757,6
6755,1
6753,4
6782,1
6764,1
6556,1
2691,1
6765,1
5736,7
6714,1
6655,4
6721,1
5898,7
6208,7
16360,36
17089,56
13009,81
12700,83
15511,5
6706,2
6707,1
6159,20
5686,12
17728,2
6699,1
6692,1
6689,3
6625,1
5791,2
4415,4
5291,2
6607,5
5697,2
5729,5
6243,1
6593,2
11774,7
10159,8
11979,4
6567,7
6356,2
6453,10
6389,14
6338,1
6566,1
6563,1
2447,1
11730,14
6540,9
6528,2
6316,3
188,1
6496,5
6506,1
6492,1
5665,5
3684,4
6186,21
6446,1
6421,2
6298,8
6398,1
6375,1
5636,2
1050,10
6362,1
6361,1
1900,2
6346,2
6334,1
6261,3
6331,1
6002,8
17946,13
5908,2
6295,5
5589,1
6297,1
6293,42
6290,2
5121,24
6265,3
3546,6
6288,1
6204,1
6234,2
6231,7
5348,1
6226,2
5965,4
5827,5
255,2
3597,2
6148,2
6170,1
14479,15
4867,28
6132,1
6131,1
6129,3
4234,5
6119,1
3765,2
6085,1
2225,7
6098,1
10304,19
5863,1
6090,1
6058,1
6070,1
6067,1
6040,3
5520,10
4351,7
5439,1
5900,5
6025,1
5306,1
5878,3
5949,2
5948,1
11962,21
5547,5
5905,3
5904,1
5167,8
6151,1
5883,2
5135,3
5855,2
5857,1
5831,1
2791,22
5248,11
5808,7
12118,1
5804,10
5126,2
5182,3
4965,4
5283,2
4761,1
5786,4
5779,1
5777,1
5614,3
5127,13
5076,6
5658,8
5304,4
5611,8
5713,4
466,1
5620,9
5211,6
5706,1
3386,5
5641,1
5186,11
5147,12
2918,14
5591,1
5632,1
5336,2
5596,2
4981,2
1762,1
4029,2
4731,7
5570,2
5257,1
5551,2
5721,3
5296,1
5542,1
4931,3
4591,3
5769,2
3748,1
4296,9
5500,1
4693,15
14474,12
4676,1
29,1
18768,3
12127,5
5709,1
4498,5
5362,1
4896,3
5356,2
5389,1
3658,2
3089,1
3497,4
9796,13
3570,4
4440,3
14934,149
4453,3
4436,4
18317,13
4457,1
3172,1
4474,15
416,1
4488,3
3683,10
17231,2
16137,30
11498,46
17014,53
4486,2
3615,12
3368,1
4499,108
4332,3
1237,3
126,1
4514,1
4546,18
1401,1
4570,33
4318,1
148,1
4612,1
2735,49
2394,2
4649,2
4679,6
4696,2
4700,2
4735,1
4732,6
4744,1
4749,1
4748,2
14722,26
17705,27
4752,1
4753,2
11917,3
4754,4
15090,10
3709,50
16707,1
4756,3
10917,12
10865,108
4768,1
4798,1
4802,1
4804,1
4800,2
4733,4
4400,2
4828,2
4831,9
4818,6
4842,9
16647,14
2852,1
4857,1
4856,4
4861,1
4863,4
4564,2
4876,2
4893,1
4898,4
4909,2
4913,1
4915,10
4916,10
4917,6
4899,1
4927,1
4930,2
4933,1
2355,1
1441,12
4961,1
4966,1
4963,1
3028,17
4977,11
4820,7
4995,5
4998,7
5013,3
5021,1
4943,6
4993,1
5643,2
5042,2
5030,3
5067,8
5016,1
5073,1
5080,3
5081,1
4959,2
4949,2
5107,2
5085,7
5023,1
5111,5
4947,3
5047,2
5049,1
5165,2
5155,1
5168,1
11823,5
5184,1
5988,1
5197,2
5226,1
5237,4
420,4
4616,1
5259,2
4797,1
3720,1
5254,4
2206,3
9919,48
4799,3
5460,1
755,1
19627,10
5357,1
5342,1
11084,5
10801,4
9334,3
11087,2
10923,6
8834,1
10964,1
10516,1
9073,24
11116,2
6942,1
11475,29
10804,2
12661,13
3482,3
11100,15
11085,1
11148,1
9914,1
11158,3
10967,14
11163,1
11170,23
7264,4
11099,51
11154,7
11104,1
8742,9
10122,1
11182,3
11178,1
10535,4
11192,10
11199,5
11202,168
11213,14
11215,1
11224,1
11157,6
11238,5
11211,24
10409,31
10219,2
9701,3
11198,8
11254,3
10557,1
9037,1
7017,12
11132,1
108,2
9497,1
9432,7
10756,11
9233,3
9556,3
1433,1
10966,1
6198,3
12072,1
8275,74
9109,4
11319,6
11328,5
7353,6
11316,3
11341,11
8209,18
18367,20
11340,7
9143,2
7510,23
13552,9
11725,15
11353,3
11216,4
11391,1
11392,5
11380,47
11399,1
8889,3
10712,29
11381,2
11321,1
10503,1
4607,1
11434,5
11444,1
11446,5
11396,2
1765,22
10988,2
7654,1
11424,5
11467,6
11439,3
10308,1
11420,15
11480,7
8313,1
8965,70
11496,1
5071,11
11466,1
11338,1
11507,2
6974,5
945,7
11468,1
11181,5
11518,13
11526,2
9253,3
11529,1
10390,1
9387,4
11536,2
448,1
11546,3
10744,1
11534,10
10508,1
11556,2
10992,13
11472,1
11560,1
10932,2
11565,3
6979,1
11581,1
11579,5
11585,1
9655,6
9602,7
10285,5
11608,2
7988,1
11612,5
10228,1
11610,5
10320,2
3719,1
10505,6
11220,1
11115,20
11502,5
11641,1
10740,1
11658,11
11651,3
11456,28
11683,5
11575,9
12068,3
11687,2
11607,1
16950,12
11689,2
7047,2
11684,1
11554,6
11662,8
11692,1
11505,2
15274,84
6493,15
11700,1
11694,1
11715,35
11613,9
11677,4
14542,25
10821,2
11557,2
11169,1
10289,4
11471,8
11754,10
11758,6
10183,3
11710,19
11590,1
9400,9
11589,10
8410,8
11785,2
11775,3
11286,1
15043,1
11799,18
11795,5
11718,72
11811,1
11807,1
11759,10
11688,1
11822,1
11486,5
11825,5
9236,2
7931,1
11836,4
11838,1
10239,1
10936,2
11843,6
14738,2
12059,4
11568,1
11866,2
11872,2
10934,1
10101,1
6835,1
11787,7
11898,1
11904,1
11839,1
11928,22
11942,1
11488,1
11927,1
11860,14
11531,1
11797,2
11948,1
11953,3
11166,1
12738,12
11974,2
11835,1
8870,7
11995,2
11996,5
16020,23
11999,2
11846,8
10403,1
10578,1
7244,1
12021,8
12131,1
11504,4
11976,1
10286,1
12104,6
12056,4
12000,3
12154,1
12149,5
12160,1
12134,2
11233,1
13946,14
14707,26
12128,1
8865,2
12071,2
12184,7
12190,4
12189,38
12192,25
10290,4
12205,5
12206,1
12213,5
12211,31
56,1
12186,6
8500,18
12225,7
12975,28
12226,6
1881,1
12233,2
11981,1
11796,10
9553,9
13403,78
12248,1
10943,3
12161,1
9548,1
10864,8
12256,9
5654,3
12261,1
7493,2
12262,6
4134,5
9730,1
8086,1
12266,2
8400,5
7139,1
12229,4
9082,1
12281,2
2475,2
6539,7
10386,2
12282,2
12302,1
12306,1
12448,1
12260,23
12318,2
12320,3
12277,1
12276,6
12348,5
11792,3
12350,1
11793,1
12351,1
12062,1
12375,2
12378,2
11555,31
11489,8
11800,1
8633,101
12391,1
12389,4
11143,31
12397,2
12286,4
12230,3
12415,3
12171,2
12413,6
10866,3
12424,1
11193,1
6024,2
12408,2
8450,2
12283,1
7571,1
12086,8
5789,1
12216,22
12449,1
9596,2
12452,1
12438,121
12465,1
12041,14
12491,1
12342,1
12489,3
12495,5
12384,1
12446,4
11077,1
12504,2
11344,4
12421,2
12507,2
12291,2
14031,78
12543,17
16211,40
6967,38
14856,21
11096,3
9932,5
12592,9
5521,7
12658,24
8161,1
16606,19
12679,2
10375,1
11592,20
12811,5
12709,5
12559,8
14453,4
9681,1
12722,17
12771,6
12381,7
8157,3
12576,5
5838,1
12829,9
10568,1
12067,18
16852,19
13054,3
10805,159
13063,156
1719,1
12324,50
13179,17
11767,29
12399,4
13098,5
13133,7
10524,6
12274,14
13710,53
9622,2
12542,2
15308,23
14176,46
14025,10
15784,48
16330,37
13220,16
13278,38
835,2
13300,7
13305,2
12994,5
13178,1
13325,1
18142,35
13336,3
13428,8
12653,34
12987,1
1261,3
11506,6
18467,29
13097,2
13295,5
12788,1
10447,2
1075,1
11551,4
5346,1
10448,31
13149,26
5310,3
13652,3
13509,7
13492,2
13442,5
13615,4
12143,1
13041,4
13674,2
12843,20
12485,3
12964,1
13737,14
13705,1
13746,44
12310,5
12872,30
11491,5
11221,4
13805,4
13897,28
14035,1
13854,11
1275,12
14054,1
13019,4
11876,1
13849,3
6576,14
12995,2
14137,11
10845,2
13785,17
8354,4
14118,7
13871,8
14247,2
13802,70
13866,61
14299,4
12696,2
13851,1
13891,1
14444,20
14486,7
14229,12
9686,7
14513,51
13585,5
14133,36
14482,33
14250,8
14157,62
14693,1
10010,2
12533,19
13630,10
13909,10
14770,3
13602,8
12052,1
14784,40
5843,28
13782,13
14914,2
11080,37
14318,37
14547,16
13634,4
13801,2
15973,36
13614,26
14059,13
14939,3
14330,10
15137,1
14650,32
14743,1
14809,2
12654,5
1028,2
13608,69
14560,2
14134,3
13850,4
14765,1
9781,6
13476,2
15089,1
15059,12
9885,18
14401,5
13090,8
15118,2
14287,2
15235,3
14464,1
14480,2
14245,39
14298,1
15223,1
15573,4
15377,1
15349,2
14812,20
13848,1
11499,1
9861,2
15353,6
14460,75
8201,14
15234,37
15782,51
15724,4
13981,27
9474,1
15246,13
12535,7
15320,1
13068,27
13311,1
15131,5
15577,7
15765,2
13632,8
14439,1
15462,3
13781,1
14442,15
14546,34
15055,22
15827,2
8542,16
14684,5
13853,4
13906,7
15243,16
15908,1
15905,1
15625,2
16111,24
14385,2
16304,1
14838,4
15074,2
8382,22
14829,17
15745,21
14832,5
12909,1
13756,1
9190,1
14291,7
8479,2
14424,7
4391,8
16632,100
14699,14
11482,1
12191,4
14081,33
15889,26
16462,20
15051,4
14477,2
16208,4
12747,1
16590,13
13913,12
12774,3
13181,2
13118,6
16431,10
16875,1
17143,22
17016,25
13250,1
14026,28
14082,2
21220,20
18918,28
13457,4
19183,1
19029,9
21498,1
14002,1
15709,27
10060,3
16381,2
15370,10
8850,2
16413,1
16550,77
12242,1
16929,14
16790,1
15066,9
13960,36
15956,7
16036,7
16780,10
16643,8
16996,39
15671,2
17078,4
13224,3
14787,5
15483,9
17121,7
16858,1
15653,12
2561,1
16131,6
13067,2
14220,2
16922,33
16253,3
8055,5
13931,3
16374,8
13587,3
14977,3
17288,1
16970,33
16354,1
15472,6
9709,7
17061,16
15401,5
14846,2
17258,4
17001,32
17232,32
16454,6
17245,17
14125,1
1091,1
12531,5
9724,11
15179,7
17313,19
17049,1
17152,1
13757,2
16909,30
17424,22
17338,5
17350,1
17403,1
16826,1
14807,7
14643,5
17343,1
16798,9
15176,3
12514,1
17528,5
17555,127
16991,9
16527,9
12781,7
16542,1
14954,2
17469,18
13577,13
17639,4
16324,1
14263,1
17693,10
17180,6
15977,9
19866,53
17633,4
17553,6
17659,1
16706,3
17543,9
15140,7
17060,116
13867,8
16180,11
15228,5
17298,1
15780,19
6984,7
16681,3
953,3
16727,1
13524,11
17793,15
17520,5
14520,1
16843,3
11152,4
17921,19
15441,4
17884,18
18025,1
12875,1
17992,21
18058,1
17423,48
14022,9
13197,2
18035,38
9398,2
15996,2
18041,5
16891,2
6013,3
17845,11
17059,1
14412,2
18280,2
13016,2
17691,32
9969,2
13612,1
15623,3
16382,4
18228,5
9922,7
3645,2
18287,9
13329,12
18302,19
16759,2
18360,3
17064,8
14953,2
18357,1
15554,8
15821,1
17311,4
17708,3
12147,2
15380,8
13400,6
17722,7
12697,1
18472,59
15245,1
18242,14
16338,30
17767,12
14168,1
17979,1
18527,2
15099,8
14111,8
16545,5
19909,12
18004,50
12775,6
16117,11
15155,29
16512,1
14463,5
14645,2
18557,2
20227,4
18262,17
18561,4
17219,7
15479,1
16672,4
13983,2
18707,7
2602,1
13812,3
16504,6
18713,1
18027,3
16736,16
18681,5
15248,10
16974,9
167,1
18732,4
14455,1
18875,8
17566,1
17968,13
18957,5
12244,1
12570,4
15870,7
17081,4
19074,19
18277,4
14500,9
13065,7
19093,9
17690,23
18984,21
18272,3
17322,3
14139,9
4554,1
17926,11
14409,1
14556,2
5907,2
9065,1
16511,1
18299,3
18307,1
18288,20
19209,8
18840,21
18121,5
18821,2
19445,1
17356,3
14367,1
19268,16
19374,26
136,3
17938,1
15814,3
18612,1
18965,1
19581,1
19357,1
18980,1
10153,2
12493,32
13138,4
19488,1
17800,5
18886,1
15499,12
19469,64
19486,1
18171,22
15278,1
18525,1
16028,6
18779,8
17175,2
15461,5
19418,3
13982,5
12319,1
18639,4
18841,5
18061,6
17894,12
16849,3
18660,49
17898,1
19587,6
19364,5
19626,9
12896,2
18942,16
15508,1
19158,1
19032,1
15091,2
17072,39
10226,8
18503,5
10481,5
13564,5
19430,4
13641,5
18268,5
19255,5
18415,1
18160,11
19294,13
19413,11
19713,2
18892,1
19479,8
10825,3
19806,8
13151,2
12163,1
17085,1
17145,7
15231,1
13094,2
15412,1
17574,2
17241,22
19735,4
17797,2
19464,3
18168,3
19308,2
19570,2
17933,2
12642,3
19756,37
19865,7
16122,4
13549,8
19819,10
16189,4
18833,3
16114,2
18252,3
6698,3
19900,30
19778,1
19406,1
16269,3
18911,14
18149,1
16958,1
15011,1
18712,4
13829,3
18867,2
14905,32
17075,2
13217,63
13266,1
20030,11
18864,19
20132,8
18155,4
20448,16
17784,62
17987,1
19793,7
20036,23
18306,1
17483,4
15033,1
19691,5
19693,64
16519,1
18981,1
19634,19
19864,7
19855,1
18625,1
14108,1
12313,5
17658,9
15110,3
20008,1
20098,6
17289,2
20097,34
18473,1
18218,2
13342,4
19896,1
20166,1
19964,4
20292,4
20327,16
19061,4
17924,2
18972,1
17582,16
20301,18
20297,9
18295,1
15045,11
20253,8
20038,3
17819,3
18386,5
17796,1
20395,3
16339,1
20275,1
13717,11
20412,15
20386,2
20566,10
19889,20
19895,18
19544,8
12445,9
20232,9
13936,1
19779,7
12222,3
1854,1
19507,2
16977,3
20295,3
19684,1
17835,5
20345,11
19694,1
20050,17
20582,13
13869,1
15080,1
19387,8
15337,5
16373,1
16866,4
20723,7
16805,1
20629,17
18974,1
13447,1
14241,13
16696,13
20138,1
20471,6
18393,1
20469,8
20528,7
20111,7
19365,1
17830,1
20852,2
15673,1
19661,1
17229,11
20687,32
17668,1
8635,1
5428,1
18919,1
15063,2
20236,2
7336,1
11857,3
20457,13
13789,1
20109,6
15802,3
19867,25
20996,21
18143,2
21134,17
16716,8
20043,2
15729,3
20440,1
18169,1
20786,8
21047,2
13377,3
20534,7
19072,7
18624,1
18227,4
18097,2
21172,1
19415,2
12053,2
21053,3
13988,4
21113,2
21271,4
21184,1
12405,5
20202,18
19484,3
21301,2
14525,1
16141,7
21187,2
21110,8
13718,4
21259,1
9110,3
21003,2
20631,2
21163,10
13771,1
19688,3
19075,1
20966,1
19734,1
8679,1
21069,2
13503,5
17733,3
21272,2
19260,1
20200,1
21257,5
12652,1
16410,3
21363,22
9456,1
21283,4
19270,1
16351,2
19719,3
21374,8
21337,2
20960,3
20551,1
8647,1
21152,5
21567,1
20237,2
21525,2
15998,1
20541,3
21412,1
21251,5
21079,3
10475,12
20357,7
21463,37
20229,4
21532,4
21114,1
13937,1
20445,1
10381,4
20133,2
21204,12
21581,5
21486,1
18800,2
13166,7
21615,1
21058,6
21472,31
16915,1
21704,5
21748,11
21466,7
21185,4
21676,4
21706,1
21324,6
19899,3
21482,3
21773,1
21475,5
21790,1
19575,2
21415,1
21585,3
21750,2
19186,6
20363,1
20755,2
20866,1
13998,1
21778,1
18377,1
8754,1
15500,1
13715,1
20430,1
16303,1
21812,1
21662,4
15608,2
21102,2
21903,7
21813,5
21699,1
20239,3
21945,4
21914,10
21980,1
17416,9
20972,3
21722,1
17880,2
21933,2
20520,1
20622,12
22013,7
21976,4
15168,1
22129,4
22022,3
21838,1
21887,2
21912,12
13958,3
20212,2
21826,1
21227,2
22209,3
22184,1
19883,2
21489,2
18313,1
22109,2
22195,2
22115,5
21788,2
13248,3
22003,1
8290,1
22103,4
21448,1
