uid,vote_count
1,387
4,14
8,1
11,2676
14,97
17,237
37,72
42,18
85,1
92,2
95,1
99,5
108,3
111,1
112,9
113,46
114,503
123,8
126,1
133,292
136,116
154,4
155,3
156,44
159,6
161,13
164,60
165,1351
167,6
173,1680
176,382
180,7
189,8
194,3
196,576
200,18
203,2
209,8
210,731
211,2
215,10
216,2804
225,1
232,443
245,525
250,319
252,333
255,3
257,1
259,80
266,43
268,1
271,143
278,14
290,5
291,1
299,32
307,1
314,6
320,1
327,3
333,1
334,91
336,6
345,6
347,8
357,194
377,1
384,2
405,1
418,446
419,1322
420,1
422,3
424,1
427,218
430,23
437,9
443,1
449,37
450,12
457,81
461,17
469,2686
471,1
484,1
501,2
505,1
512,41
516,187
521,40
524,1764
528,3
544,60
555,392
565,329
568,26
569,233
570,8
573,6
574,118
583,51
584,61
587,72
589,3
593,7
595,5
599,2
618,4
628,3
633,1
653,621
657,2
665,12
695,93
702,3
716,12
723,37
728,241
733,36
739,4
744,7
746,1
747,43
749,188
754,30
755,1
763,1
766,151
776,511
798,109
799,779
815,13
828,1
832,76
836,14
838,2
840,11
879,1
887,11
894,54
910,108
911,159
945,147
968,1
969,4
974,3
987,267
991,14
1001,88
1006,1
1018,6
1020,399
1021,541
1028,38
1030,2
1050,68
1067,1
1069,48
1073,418
1075,34
1086,18
1090,3
1091,8
1097,97
1098,1
1105,4047
1108,412
1115,2
1122,6
1124,1812
1132,110
1148,7
1164,1
1174,1
1179,1064
1189,663
1191,38
1201,11
1217,9
1226,279
1242,3
1245,1
1247,3
1250,634
1254,3
1258,3
1261,34
1263,180
1274,13
1275,343
1283,626
1313,2
1323,1
1326,1
1328,51
1331,311
1339,70
1347,21
1348,41
1364,68
1366,2
1376,12
1380,38
1385,2
1387,8
1403,5
1416,6
1417,1
1421,76
1433,7
1434,9
1441,19
1450,80
1451,7
1468,1
1470,109
1472,147
1484,3161
1487,157
1497,3
1503,382
1506,17
1507,6
1508,6
1509,5
1510,4
1511,2
1512,2
1513,1
1536,5
1549,82
1550,6
1552,2660
1553,69
1561,150
1564,23
1567,9
1571,117
1581,1
1582,188
1587,2
1601,45
1625,3
1626,5
1637,285
1644,91
1648,13
1653,67
1654,11
1662,1
1664,1
1666,26
1674,45
1699,7
1702,230
1708,3
1719,38
1722,123
1738,1
1742,2
1749,1
1762,1
1765,159
1766,376
1771,23
1777,32
1779,1033
1784,70
1786,169
1789,317
1805,47
1820,88
1842,524
1848,552
1853,4
1854,54
1881,67
1896,1
1900,585
1902,1
1919,89
1927,689
1936,10
1941,5
1946,37
1962,3
1967,144
1968,7
1986,1
1994,1
2002,1
2015,1
2035,2
2039,8
2048,120
2054,806
2058,1137
2064,6
2065,18
2069,9
2070,8
2075,4
2086,2
2088,10
2097,1
2101,535
2110,909
2112,1
2121,1
2131,38
2132,52
2133,492
2145,974
2147,27
2159,7
2164,89
2167,1
2189,144
2192,7
2195,5
2206,5
2230,1
2231,23
2234,11
2244,2
2256,1
2259,11
2268,173
2296,1130
2305,46
2309,91
2312,65
2314,278
2333,53
2341,51
2352,65
2360,312
2375,2
2382,2
2394,1
2410,54
2428,77
2434,16
2436,1
2482,2603
2486,4
2490,3
2524,21
2527,1
2532,60
2533,385
2535,2
2537,9
2558,19
2560,7
2561,1
2562,7
2602,7
2613,285
2651,5
2673,1154
2710,7
2715,1
2725,597
2728,2
2735,170
2747,23
2769,11
2771,56
2777,13
2788,1
2791,24
2804,1
2809,3
2814,5
2841,3
2846,782
2852,6
2857,12
2858,297
2871,1
2895,17
2918,171
2925,2
2930,12
2938,11
2944,25
2960,4
2961,594
2962,43
2963,83
2969,3
2977,14
2984,183
2985,12
2997,1
3012,1001
3015,3
3020,391
3022,2
3028,45
3041,13
3042,28
3051,4
3053,30
3059,10
3063,2
3065,162
3074,3
3075,9
3089,4
3105,162
3122,16
3125,59
3128,23
3141,12
3151,4
3180,13
3192,4
3196,16
3202,4
3205,22
3212,993
3215,6
3216,384
3250,17
3269,10
3298,1
3308,5
3317,64
3320,133
3338,48
3344,58
3393,32
3409,4
3410,4
3411,8
3480,120
3484,169
3487,1495
3501,55
3504,4
3512,8
3529,7
3532,256
3538,96
3541,27
3544,4
3578,3
3592,27
3602,5
3603,9
3604,9
3622,4
3627,26
3629,101
3635,5
3645,223
3663,896
3671,12
3672,30
3683,2
3685,628
3689,3
3693,4
3696,2
3700,37
3704,7
3709,1909
3719,2
3720,2
3730,1566
3744,20
3747,2
3748,2
3757,33
3869,16
4029,3
4063,2
4118,75
4126,3
4222,9
4244,4
4296,5
4311,1
4318,3
4329,24
4330,2
4331,31
4334,107
4346,114
4369,223
4391,16
4400,2
4410,348
4413,2
4416,2
4429,2
4439,9
4443,3
4456,22
4477,1
4482,1
4489,54
4494,1
4502,2
4515,4
4520,328
4523,83
4525,1130
4526,12
4554,16
4555,39
4560,1
4563,4
4615,70
4702,3
4724,187
4761,11
4765,110
4766,4
4783,2
4810,1
4841,7
4887,342
4896,4
4898,45
4906,10
4922,1
4929,1
4932,1
4938,1
4959,1
4977,1
4984,265
4992,1
5000,581
5008,18
5030,7
5058,1
5077,4
5083,15
5121,13
5135,7
5149,34
5157,12
5178,30
5180,6
5182,2
5192,261
5223,1
5226,1
5241,9
5252,30
5256,42
5283,2
5290,1
5292,10
5310,2
5333,1
5336,18
5339,109
5346,43
5364,4
5380,3
5382,14
5390,24
5393,77
5428,25
5438,8
5452,1
5468,1
5473,12
5477,1
5488,30
5501,3
5509,11
5511,3487
5513,14
5521,142
5537,55
5544,417
5550,1
5572,29
5589,10
5605,1
5606,16
5615,39
5628,222
5630,5
5636,18
5643,37
5649,9
5654,25
5660,5
5666,5
5667,3
5676,6
5686,9
5693,1
5699,109
5707,18
5709,6
5720,32
5721,62
5722,151
5732,194
5740,10
5746,6
5759,1
5760,622
5764,41
5770,11
5783,1
5789,3
5805,2
5812,128
5817,1
5827,18
5838,104
5839,17
5841,1
5843,1560
5847,3
5851,118
5852,30
5861,70
5868,61
5874,19
5876,3
5890,23
5896,12
5898,152
5907,340
5913,1
5924,510
5947,22
5968,2
5973,2
5976,16
5984,1
5988,2
6003,645
6005,7
6013,457
6021,53
6029,36
6035,1
6038,3
6051,4
6056,520
6058,1
6064,35
6071,1
6074,379
6075,208
6076,521
6078,12
6092,466
6097,5
6099,10
6107,2
6108,83
6112,211
6153,212
6157,3
6171,1009
6172,31
6173,5
6190,1545
6193,665
6194,180
6198,6
6203,7
6204,1
6207,13
6208,7
6225,1
6227,13
6231,3
6235,1
6246,37
6248,9
6251,181
6269,10
6275,1075
6277,11
6279,124
6288,21
6293,29
6301,38
6306,5
6313,400
6316,57
6319,25
6328,95
6333,49
6336,5
6341,89
6345,25
6347,34
6352,137
6358,56
6364,6
6388,23
6392,12
6399,2
6401,16
6404,1
6405,235
6413,20
6414,72
6437,1
6450,21
6453,12
6457,1
6459,20
6462,2
6466,7
6480,1
6481,1
6483,59
6488,11
6489,3999
6493,68
6494,21
6495,7
6497,2
6505,290
6507,37
6508,144
6511,2
6523,24
6525,1751
6526,6
6531,2
6537,46
6539,27
6540,26
6544,1
6549,14
6558,171
6562,284
6569,1
6573,239
6576,186
6580,3
6586,81
6591,165
6596,6
6598,1
6606,67
6613,2
6614,250
6616,265
6618,1
6634,3
6642,5
6643,3
6649,10
6667,79
6671,644
6672,51
6681,2
6682,1
6690,205
6698,266
6705,5
6708,312
6722,1
6725,8
6726,2
6727,3
6732,5
6733,1
6737,15
6744,1
6748,1
6754,11
6763,247
6765,9
6766,3
6767,18
6775,11
6778,12
6786,20
6794,7
6796,38
6807,11
6808,4
6824,2
6828,1
6834,31
6845,8
6860,26
6868,2422
6871,250
6874,724
6875,41
6886,6
6903,33
6906,1
6910,3
6918,1
6924,27
6930,2
6931,1
6936,1
6940,2
6942,42
6946,74
6949,17
6951,78
6952,572
6961,14
6967,369
6974,83
6975,2
6979,36
6984,45
6987,2
6996,15
7000,1
7003,4
7017,3
7018,10
7030,5
7042,1
7044,19
7047,6
7048,2
7051,16
7052,4
7054,14
7055,1
7057,9
7068,2
7071,13
7078,1
7079,2
7081,7
7082,1
7085,3
7087,43
7088,1
7093,223
7097,8
7098,19
7106,8
7107,42
7109,3
7110,5
7111,1
7112,4
7114,304
7115,3
7118,32
7121,240
7126,4
7129,2
7133,12
7135,1
7136,10
7139,10
7140,3
7141,1
7142,259
7143,40
7145,4
7146,9
7148,1
7150,86
7152,10
7164,4
7165,31
7187,4
7194,31
7196,3
7208,1
7216,1
7218,170
7222,8
7225,67
7232,15
7234,74
7236,10
7242,21
7246,10
7247,200
7249,265
7251,4
7255,2
7256,16
7258,16
7264,7
7276,293
7281,39
7286,12
7289,3
7290,33
7302,312
7312,1
7314,34
7322,83
7324,10
7325,125
7330,44
7336,156
7337,1
7346,2
7347,3
7351,2
7352,1
7353,6
7356,6
7358,12
7365,130
7371,33
7375,1929
7384,163
7392,5
7399,2
7404,1
7408,1
7412,9
7413,27
7418,13
7427,83
7429,14
7433,11
7437,713
7448,2
7452,2
7458,1
7461,4
7463,11
7466,27
7467,1
7470,37
7472,176
7483,9
7485,2010
7489,62
7491,19
7493,27
7494,724
7496,74
7498,1
7499,16
7507,1
7510,523
7511,195
7514,3
7515,116
7516,444
7517,3
7518,9
7519,7
7522,3
7523,2
7526,8
7528,3128
7537,17
7540,3
7543,943
7548,25
7550,49
7551,79
7553,1980
7556,2
7560,9
7571,21
7577,3
7592,185
7593,50
7599,2222
7601,1262
7603,13
7607,3
7608,4
7609,2
7630,150
7646,1
7654,1
7660,26
7662,18
7675,19
7690,5
7691,71
7705,14
7719,1
7724,2
7727,112
7736,1
7748,25
7750,3
7751,15
7763,56
7766,94
7770,21
7773,5
7775,2
7777,1
7785,7
7788,5
7792,223
7794,772
7798,12
7801,3
7802,108
7810,1
7812,3
7815,56
7817,86
7824,8
7826,4
7827,91
7829,293
7831,265
7833,1
7834,216
7846,4
7848,72
7850,8
7853,157
7856,7
7857,45
7863,2
7864,4
7867,16
7869,5
7877,1
7883,1
7884,11
7887,375
7890,55
7894,240
7897,59
7913,23
7919,16
7929,12
7931,112
7934,888
7953,10
7964,270
7969,264
7980,110
7982,5
7986,7
7988,7
7995,2
7997,3453
8007,4
8023,112
8027,1
8029,11
8030,1
8034,1
8039,24
8052,7
8054,116
8055,739
8065,119
8066,21
8077,6
8080,26
8085,9
8091,26
8099,11
8113,11
8125,6
8131,7
8133,2
8150,10
8154,27
8155,13
8157,101
8160,78
8161,3
8165,145
8166,423
8182,1
8186,6
8197,14
8198,5
8199,2
8201,388
8202,4
8203,50
8209,1153
8213,1
8217,1
8219,4
8221,9
8225,4
8229,1
8235,308
8238,4
8240,12
8244,625
8247,209
8256,27
8257,4
8258,2
8261,1
8262,2
8264,5
8269,7
8275,1839
8276,7
8285,6
8290,59
8297,11
8304,12
8310,10
8311,2
8312,2
8313,59
8315,9
8319,2
8320,6
8321,53
8324,2
8328,95
8333,52
8339,3
8341,4
8346,12
8354,443
8358,11
8364,6
8367,23
8377,102
8382,85
8386,33
8392,9
8395,118
8399,3
8400,4
8410,19
8411,1
8415,47
8423,295
8426,2
8450,3
8452,3
8457,1
8460,5
8466,5
8468,16
8469,1
8471,2
8477,3
8479,31
8480,47
8483,1148
8500,202
8507,237
8509,282
8511,1
8512,25
8518,9
8522,340
8533,16
8536,2
8542,315
8574,1
8576,7
8584,71
8585,7
8586,4
8587,52
8589,242
8590,24
8594,261
8597,1
8600,226
8603,27
8604,144
8609,4
8610,6
8614,123
8616,483
8623,95
8630,21
8633,1586
8635,8
8636,220
8637,6
8641,3
8645,335
8647,1
8648,14
8651,1
8655,27
8657,5
8658,85
8662,32
8663,184
8674,87
8677,1
8678,3
8679,119
8681,3
8685,672
8687,24
8694,7
8704,233
8705,46
8708,72
8709,66
8716,22
8721,4
8742,26
8743,24
8749,1
8751,520
8754,27
8769,46
8771,128
8775,50
8777,114
8785,30
8786,2
8792,1996
8795,6
8807,62
8814,3
8819,111
8836,21
8841,159
8847,57
8849,13
8850,71
8852,34
8855,4
8869,50
8870,946
8872,2
8873,66
8883,1
8889,27
8898,6
8906,4
8916,108
8920,27
8922,4
8926,19
8934,2
8935,9
8945,2
8946,323
8948,6
8954,22
8956,172
8965,112
8969,22
8973,57
8974,7
8977,2
8978,137
8982,185
8985,6
8986,60
8987,1057
8988,42
8992,1119
9003,5
9009,73
9012,12
9013,6
9014,118
9016,4
9023,1
9024,7
9032,1
9043,17
9051,9
9054,237
9055,1
9063,251
9065,64
9066,4
9073,711
9091,3
9095,22
9105,4
9110,188
9117,6
9125,13
9126,4
9137,432
9147,19
9148,15
9159,22
9164,7
9167,97
9171,4
9182,29
9185,22
9186,39
9187,1
9190,2
9204,6
9207,2
9209,1
9217,7
9231,2
9233,30
9235,28
9236,3
9241,2
9242,4
9250,12
9251,342
9253,16
9259,7
9279,35
9284,7
9295,1
9297,858
9301,14
9304,1587
9313,149
9314,14
9319,12
9321,18
9338,2
9347,1
9348,29
9350,34
9352,22
9369,26
9380,2
9382,583
9384,39
9387,83
9388,14
9394,3
9397,496
9398,31
9400,7
9402,1
9407,1
9425,59
9431,485
9432,1
9433,2
9438,9
9442,51
9454,44
9455,17
9456,119
9460,21
9464,1
9474,46
9480,1
9488,1
9498,1
9499,32
9501,9
9504,2
9506,19
9508,58
9522,1
9524,2
9525,5
9544,56
9548,21
9552,22
9553,502
9554,424
9555,795
9556,17
9559,10
9569,4
9571,20
9574,11
9580,44
9585,2
9590,68
9592,15
9596,31
9599,18
9600,490
9602,233
9606,242
9607,6
9613,65
9621,1
9622,1
9635,1
9637,386
9644,3
9645,5
9649,10
9655,139
9657,45
9673,75
9676,7
9677,683
9681,11
9683,99
9686,10
9688,1
9693,5
9698,4
9701,38
9706,177
9707,17
9709,512
9712,1
9714,7
9715,24
9716,73
9724,27
9730,1
9740,53
9752,86
9753,223
9763,4
9765,82
9781,176
9787,386
9789,1
9790,22
9796,659
9814,2
9818,2
9819,39
9821,55
9822,2
9826,60
9828,5
9830,13
9839,5
9846,1373
9848,2
9849,11
9858,1
9861,31
9862,2314
9868,46
9877,7
9878,5
9885,41
9889,6
9893,2
9896,1
9901,11
9902,2
9903,10
9908,16
9910,12
9914,1
9917,5
9919,180
9921,131
9922,105
9932,411
9934,3
9943,1
9945,11
9947,157
9949,80
9957,150
9969,38
9981,4
9992,26
9999,133
10008,7
10010,12
10013,347
10015,82
10035,63
10055,4
10059,288
10060,104
10074,14
10083,6
10099,6
10101,1
10102,11
10106,9
10109,4
10111,1
10113,6
10114,391
10123,1
10128,1
10140,94
10149,14
10152,11
10153,1
10159,74
10169,246
10177,3
10183,5
10189,1
10190,6
10193,86
10198,1
10201,1
10204,52
10208,1
10218,194
10221,60
10226,3
10232,7
10240,9
10249,2
10250,15
10255,2
10259,3
10264,1
10286,7
10288,3
10290,57
10294,20
10301,11
10304,7
10314,1
10315,4
10318,95
10319,2
10324,37
10332,1
10334,2
10335,93
10336,42
10345,3
10359,1
10372,753
10374,1
10375,64
10381,12
10386,13
10391,1
10397,1
10398,4
10399,45
10405,11
10406,2
10409,12
10411,54
10421,1
10428,106
10435,19
10436,3
10447,11
10448,382
10451,3
10462,3
10475,10
10479,9
10481,197
10483,57
10485,2
10488,2
10490,1
10500,86
10512,90
10515,1
10519,22
10524,32
10525,3
10528,280
10531,7
10532,93
10533,50
10537,44
10568,33
10572,44
10575,1
10588,4
10604,7
10612,1
10618,19
10628,16
10644,3
10646,2
10677,30
10685,88
10704,16
10744,46
10756,2
10774,7
10775,119
10778,17
10779,38
10785,47
10791,2
10799,1
10801,803
10804,10
10805,287
10811,89
10816,9
10821,185
10824,4
10825,297
10827,10
10831,6
10832,1
10835,2
10837,150
10845,13
10856,72
10862,39
10864,46
10865,1020
10868,53
10871,183
10874,19
10877,11
10880,1
10883,17
10893,35
10901,9
10905,9
10910,7
10917,1125
10918,647
10921,70
10922,62
10932,6
10934,1
10936,8
10942,22
10943,16
10948,109
10952,6
10954,1
10958,32
10961,2
10967,813
10990,34
10992,6
11041,8
11077,13
11078,2
11080,1927
11082,45
11084,37
11085,2
11086,1
11091,6
11092,1
11093,63
11094,54
11096,18
11097,11
11099,161
11100,82
11102,1
11108,6
11113,34
11115,312
11125,3
11130,218
11132,8
11134,10
11143,211
11144,29
11150,7
11152,16
11153,33
11154,247
11156,1
11159,15
11160,315
11163,4
11166,4
11173,7
11177,8
11178,5
11179,1
11180,33
11182,23
11185,5
11186,53
11193,3
11196,51
11197,7
11198,303
11201,21
11202,211
11209,1
11210,2
11213,3
11216,1
11217,141
11221,108
11222,1
11225,9
11226,1
11227,1
11229,1
11233,3
11235,2
11237,16
11239,68
11242,40
11245,30
11248,70
11252,2
11254,1
11286,2
11319,7
11321,24
11330,11
11335,55
11336,41
11340,52
11342,54
11344,105
11345,33
11349,1
11350,164
11351,2
11353,81
11355,20
11358,71
11360,23
11362,60
11364,54
11365,20
11366,21
11367,56
11368,63
11369,7
11370,8
11371,17
11376,1
11380,63
11385,7
11393,29
11397,9
11406,2
11416,11
11420,82
11426,9
11428,147
11430,26
11442,15
11443,2
11444,47
11446,5
11447,20
11456,257
11462,1
11465,23
11467,1
11471,2
11472,10
11475,45
11478,3
11482,3
11485,4
11487,21
11489,8
11491,71
11492,188
11498,4829
11499,106
11505,37
11506,30
11507,2
11512,326
11515,79
11518,313
11521,22
11522,53
11527,3
11529,61
11530,56
11531,10
11534,2
11535,4
11536,5
11540,11
11543,817
11544,6
11551,4
11553,12
11554,134
11555,571
11565,2
11567,4
11568,136
11570,4
11571,38
11572,66
11573,8
11576,131
11579,149
11584,4
11589,76
11592,75
11601,1736
11605,13
11610,2
11612,1
11613,50
11616,2
11633,5
11635,9
11674,15
11679,17
11686,15
11687,2
11695,1
11704,12
11705,1
11706,1
11707,52
11710,39
11713,34
11715,235
11716,18
11717,3
11718,79
11722,2
11725,84
11726,37
11730,41
11739,183
11740,2
11753,6
11755,213
11757,1
11758,89
11759,46
11767,427
11776,1
11777,1
11781,52
11783,4
11787,33
11789,1
11791,8
11792,144
11793,71
11796,84
11797,58
11799,24
11800,34
11802,4
11804,174
11811,1
11818,4
11820,670
11821,15
11822,5
11823,3
11829,3
11835,19
11837,3
11839,30
11842,1
11846,79
11856,1
11857,14
11858,2
11865,8
11866,1
11868,68
11876,19
11881,157
11887,12
11890,1
11898,8
11917,91
11920,1
11927,19
11928,122
11933,21
11934,12
11935,4
11936,3
11937,2
11939,13
11943,37
11944,2
11946,1013
11949,3
11950,29
11951,8
11952,17
11954,10
11956,17
11962,244
11963,16
11967,16
11976,13
11977,105
11981,164
11982,1489
11986,9
11988,6
11994,1
11998,10
12000,30
12003,2
12004,64
12011,10
12014,3
12015,3
12016,7
12017,4
12021,23
12024,4
12025,14
12028,1
12031,1
12033,13
12035,6
12037,47
12041,741
12049,16
12052,26
12053,38
12064,1
12067,230
12071,1
12074,1
12080,1194
12085,2
12086,21
12088,12
12094,12
12095,8
12097,10
12104,4
12105,75
12106,12
12107,24
12111,88
12113,2
12114,2
12116,10
12117,14
12128,6
12133,1
12134,1
12144,29
12147,43
12155,5
12157,19
12158,13
12159,93
12161,15
12163,44
12167,20
12173,105
12176,1
12177,14
12184,26
12188,1
12189,248
12190,6
12191,128
12192,78
12195,11
12198,6
12204,1
12211,926
12212,5
12215,20
12216,867
12217,9
12222,35
12228,5
12230,184
12231,2
12236,1
12242,120
12243,4
12244,3
12246,2
12251,26
12260,470
12263,19
12264,1
12267,3720
12269,5
12274,339
12276,11
12280,12
12281,1
12290,1
12291,166
12296,15
12297,423
12299,22
12300,9
12305,4
12309,1
12310,742
12311,83
12312,5
12313,40
12314,1
12316,186
12318,6
12319,308
12324,207
12328,9
12332,49
12334,10
12343,75
12355,118
12356,1
12366,2
12367,2
12376,6
12378,5
12381,638
12383,15
12384,7
12386,30
12390,20
12392,34
12398,3
12399,8
12405,9
12407,16
12410,8
12411,2
12413,177
12417,6
12420,2
12421,21
12428,5
12435,12
12438,160
12445,30
12446,11
12450,1
12456,3
12458,6
12459,3
12473,35
12475,4
12479,1
12482,2
12485,42
12487,9
12490,10
12492,4
12493,1896
12505,10
12514,38
12515,1
12528,21
12529,5
12531,54
12532,6
12533,1112
12534,23
12535,120
12537,55
12540,320
12542,17
12543,62
12550,19
12552,4
12556,1
12557,2
12559,41
12564,4
12566,4
12570,49
12571,4
12573,311
12574,1
12575,28
12576,152
12579,26
12584,24
12588,78
12592,125
12595,1
12615,8
12617,44
12618,60
12620,7
12621,6
12622,9
12623,8
12624,5
12625,4
12626,8
12627,5
12628,2
12629,14
12630,5
12631,7
12632,5
12634,57
12635,5
12636,5
12637,6
12638,7
12639,4
12642,31
12646,68
12648,1
12650,1
12652,34
12653,91
12654,10
12657,14
12658,123
12659,1
12661,361
12662,24
12665,1
12666,8
12667,5
12669,9
12670,28
12674,3
12677,17
12679,11
12680,65
12682,2
12690,17
12692,6
12693,3
12694,1
12696,117
12697,129
12698,29
12700,1297
12701,8
12703,14
12705,1
12706,29
12707,25
12708,3
12709,21
12710,4
12712,2
12713,5
12714,13
12716,3
12718,8
12722,105
12723,2
12727,53
12728,3
12729,148
12733,2
12734,1
12737,1
12738,289
12739,1
12741,15
12742,92
12745,83
12746,1
12747,76
12748,75
12749,3
12750,1
12751,7
12752,7
12753,65
12754,20
12755,3
12756,4
12758,10
12761,1
12763,4
12764,23
12767,8
12768,5
12769,40
12771,4
12772,8
12773,40
12774,88
12775,146
12778,1
12779,3
12780,8
12781,37
12782,40
12783,15
12784,11
12787,19
12788,16
12789,2
12791,4
12792,13
12793,4
12794,4
12796,9
12797,2
12799,1
12800,5
12801,2
12802,5
12803,7
12806,1
12807,9
12808,2
12809,1
12810,9
12811,15
12812,8
12813,40
12814,5
12815,138
12818,4
12819,40
12820,9
12823,7
12824,40
12825,5
12826,4
12827,1
12828,10
12829,48
12830,5
12831,40
12832,1
12835,9
12836,20
12840,20
12843,133
12844,249
12845,3
12846,17
12847,2
12850,12
12851,7
12852,72
12853,3
12854,20
12855,21
12856,6
12857,33
12858,2
12859,1
12861,3
12862,10
12863,19
12864,15
12865,4
12868,6
12870,14
12871,10
12872,2316
12873,12
12874,47
12875,214
12876,8
12877,37
12878,2
12879,2
12880,10
12881,1
12882,20
12883,2
12884,20
12885,3
12886,1
12887,40
12889,2
12891,1
12892,2
12894,1
12895,20
12896,9
12898,40
12899,40
12902,2
12903,2
12904,1229
12905,20
12906,4
12909,71
12910,7
12912,4
12913,6
12918,11
12919,2
12920,16
12921,70
12923,83
12924,2
12926,132
12927,3
12931,1
12932,1
12933,181
12934,10
12935,20
12936,1
12937,180
12940,19
12942,26
12943,7
12944,4
12945,3
12946,8
12947,4
12949,2
12950,55
12952,6
12953,20
12954,13
12955,55
12956,18
12957,2
12959,1
12960,3
12961,2
12962,5
12963,5
12964,47
12967,9
12968,71
12969,31
12970,2
12971,6
12972,5
12973,22
12974,6
12975,860
12977,37
12978,20
12979,21
12980,21
12982,3
12983,14
12984,2
12985,1
12986,2
12987,23
12989,11
12990,5
12991,27
12993,4
12994,64
12995,76
12996,7
12999,2
13000,20
13002,6
13003,12
13004,3
13005,1
13006,2
13007,20
13008,33
13009,1103
13010,12
13016,131
13017,9
13018,1
13019,33
13020,5
13021,16
13022,8
13023,15
13024,20
13026,20
13028,20
13029,20
13031,50
13032,20
13033,20
13035,20
13036,5
13037,20
13038,237
13040,18
13041,153
13044,8
13045,9
13046,1
13047,20
13049,6
13050,20
13052,20
13053,20
13054,18
13055,20
13056,2
13057,20
13059,1008
13060,11
13061,2
13063,1042
13065,72
13066,2
13067,35
13068,183
13070,4
13074,32
13075,6
13076,32
13077,6
13078,20
13079,14
13081,13
13082,34
13084,17
13086,14
13087,3
13088,9
13090,72
13091,12
13093,177
13094,130
13095,4
13097,7
13098,32
13099,5
13100,27
13101,5
13102,14
13103,11
13104,1
13105,12
13106,3
13108,20
13109,12
13110,6
13111,2
13113,6
13114,3
13116,1
13117,13
13118,16
13119,52
13121,16
13123,2
13126,10
13127,3
13128,1
13129,1
13130,7
13131,15
13132,3
13133,31
13134,2
13135,18
13136,3
13138,123
13140,25
13141,10
13142,2
13143,8
13144,19
13147,17
13148,3
13149,91
13150,20
13151,77
13152,20
13153,5
13154,9
13156,6
13157,20
13158,19
13159,11
13160,16
13161,140
13162,13
13165,11
13166,25
13167,12
13169,2
13170,12
13171,8
13172,2
13173,12
13174,1
13175,11
13176,4
13177,12
13178,1
13179,4
13180,6
13181,103
13182,3
13183,41
13185,14
13187,1
13189,6
13190,7
13191,1
13192,212
13193,17
13195,3
13196,8
13197,12
13198,11
13199,159
13201,5
13202,3
13203,12
13206,14
13207,9
13208,70
13209,15
13210,14
13211,14
13212,13
13214,27
13215,4
13217,203
13218,2
13219,13
13220,348
13221,6
13223,3
13224,23
13225,2
13226,14
13227,12
13228,2
13229,1
13231,10
13232,2
13233,9
13234,18
13235,4
13237,5
13239,3
13240,21
13241,44
13245,3
13246,14
13248,218
13250,11
13254,2
13255,3
13256,3
13258,3
13259,4
13260,11
13261,4
13262,123
13266,24
13268,3
13270,1
13272,3
13274,18
13275,4
13276,14
13278,176
13279,17
13282,3
13284,38
13285,1
13287,40
13288,1
13289,7
13290,360
13291,50
13294,4
13295,78
13296,4
13298,11
13299,17
13300,39
13301,3
13302,59
13304,7
13305,38
13306,4
13307,3
13309,1
13310,1
13311,107
13312,5
13314,12
13315,652
13316,4
13318,1011
13319,3
13320,2
13321,1
13324,2
13325,9
13328,924
13329,15
13330,1
13333,43
13335,7
13336,66
13337,16
13338,5
13341,3
13342,183
13345,4
13346,11
13347,3
13348,1
13349,145
13353,14
13355,4
13357,3
13360,47
13363,1
13365,3
13368,3
13370,4
13372,3
13373,8
13374,4
13376,1
13377,26
13380,13
13381,1
13382,12
13383,13
13384,1
13386,1
13388,5
13391,3
13392,1
13393,5
13394,4
13396,6
13397,49
13399,3
13400,101
13402,4
13403,1362
13406,2
13408,9
13410,2
13412,4
13413,12
13414,8
13417,3
13418,10
13419,6
13420,3
13423,2
13424,78
13425,3
13426,13
13427,3
13428,93
13429,2
13430,6
13431,7
13432,12
13433,2
13434,2
13435,1
13436,3
13438,8
13441,1
13442,4
13443,19
13444,22
13446,14
13447,9
13449,34
13451,2
13452,2
13454,19
13456,14
13457,112
13461,1
13472,5
13475,6
13476,251
13477,8
13478,3
13479,6
13483,13
13485,73
13487,1
13488,1
13489,28
13490,4
13492,8
13493,2
13494,4
13495,1
13497,3
13499,581
13500,3
13502,2
13503,17
13506,60
13507,3
13509,40
13510,3
13512,1
13516,15
13517,4
13519,51
13522,18
13523,313
13524,2335
13526,8
13528,4
13533,1
13534,9
13535,1
13536,17
13537,2
13538,1
13539,1
13540,24
13541,5
13542,1
13545,1
13546,9
13547,22
13549,184
13550,11
13551,33
13552,27
13553,17
13554,14
13555,1
13556,1
13557,56
13559,3
13564,32
13565,3
13568,5
13569,16
13572,8
13575,29
13577,27
13580,4
13582,6
13585,21
13587,31
13588,17
13592,4
13593,4
13594,2
13595,1
13597,6
13598,5
13599,1
13600,1
13601,4
13602,86
13603,1
13605,14
13608,273
13609,3
13610,13
13611,5
13612,22
13613,3
13614,427
13615,25
13616,2
13617,2
13619,23
13628,3
13630,475
13631,24
13632,219
13634,75
13635,1
13638,2
13640,15
13641,39
13642,4
13643,11
13647,2
13648,11
13649,24
13650,4
13651,43
13652,6
13653,2
13654,2
13655,3
13658,16
13660,4
13663,2
13667,9
13671,20
13672,3
13673,2
13674,15
13675,9
13676,7
13677,4
13679,3
13681,10
13685,3
13687,1
13688,4
13690,2
13691,11
13692,10
13693,5
13695,8
13696,222
13697,44
13698,2
13700,13
13701,6
13702,4
13703,1
13704,10
13705,3
13706,3
13708,2
13710,625
13711,29
13712,1
13714,5
13715,147
13716,6
13717,20
13718,41
13719,1
13720,3
13721,41
13722,14
13723,1
13724,11
13725,10
13726,6
13727,33
13728,3422
13729,1
13730,11
13732,1
13734,6
13736,1
13737,21
13738,27
13739,31
13740,58
13741,7
13742,5
13743,1
13744,2
13745,17
13746,650
13747,2
13751,18
13752,3
13753,6
13756,195
13757,39
13758,7
13759,1
13760,11
13762,5
13763,6
13764,2
13766,6
13770,1
13771,117
13772,2
13776,6
13777,7
13780,2
13781,57
13782,285
13783,19
13784,2
13785,2254
13786,959
13787,3
13788,8
13789,33
13791,2
13794,3
13795,9
13796,30
13797,2
13798,37
13800,1
13801,1061
13802,296
13804,21
13805,274
13806,4
13807,4
13808,43
13809,94
13810,78
13811,1
13812,20
13813,2
13817,11
13818,1
13820,23
13823,6
13825,1
13827,1
13829,59
13834,1
13836,1
13837,5
13840,2
13841,1
13842,5
13843,1
13845,5
13848,32
13849,5
13850,367
13851,22
13852,476
13853,250
13854,96
13855,3
13857,14
13858,3
13860,5
13863,194
13864,37
13865,3
13866,306
13867,51
13868,2
13869,277
13870,6
13871,36
13872,1
13873,64
13876,2
13878,2
13879,74
13880,1
13881,25
13882,165
13883,2
13884,1
13885,3
13888,43
13890,3
13891,93
13892,1
13895,1
13896,8
13897,227
13898,263
13900,11
13901,118
13902,4
13904,11
13905,9
13906,66
13907,37
13909,63
13911,2
13912,143
13913,65
13914,5
13916,84
13917,5
13919,56
13922,5
13924,3
13926,3
13927,4
13929,5
13930,50
13931,27
13935,3
13936,23
13937,121
13938,7
13939,34
13940,4
13942,26
13945,1
13946,520
13948,3
13955,1
13956,25
13957,3
13958,299
13959,7
13960,378
13961,7
13962,21
13963,28
13964,10
13966,62
13967,10
13969,26
13970,4
13971,1
13973,2
13974,12
13975,2827
13979,1604
13981,312
13982,53
13983,3
13985,3
13986,1
13987,1
13988,150
13989,27
13990,1
13998,21
14000,3
14002,44
14005,44
14008,29
14012,14
14014,21
14015,20
14018,112
14019,3
14020,4
14022,15
14023,6
14025,295
14026,62
14029,10
14031,122
14032,2
14034,4
14035,114
14036,4
14040,2214
14043,5
14044,1
14045,3
14048,3
14049,4
14054,3
14055,38
14056,11
14059,137
14060,38
14061,7
14063,139
14064,58
14065,7
14067,23
14069,2
14070,3
14071,116
14072,65
14073,8
14074,26
14076,1
14078,30
14080,2
14081,787
14082,240
14085,24
14087,1
14089,1
14092,25
14093,7
14094,1
14095,2
14097,1
14099,4
14100,4
14101,3
14102,1
14103,16
14104,15
14105,42
14106,4
14108,16
14109,175
14110,5
14111,126
14112,4
14115,1
14116,5
14118,121
14119,121
14120,3
14122,864
14123,1
14124,3
14125,80
14128,87
14131,6
14132,4
14133,1280
14134,199
14137,114
14138,1
14139,524
14140,5
14141,1
14146,7
14147,19
14149,3
14151,1
14153,8
14155,2
14157,139
14160,93
14161,3
14164,1
14167,2
14168,65
14170,2
14171,15
14173,1
14174,5
14175,2
14176,953
14180,13
14181,1
14183,5
14184,5
14185,1
14187,3
14188,106
14190,4
14195,10
14197,1
14198,1
14201,53
14202,3
14203,10
14206,3
14207,2
14209,24
14210,4
14212,3
14213,4
14216,36
14217,35
14218,15
14220,39
14221,17
14225,3
14226,43
14227,18
14229,167
14230,5
14232,3
14233,112
14234,16
14235,2
14236,6
14239,7
14241,24
14242,8
14243,1
14244,80
14245,865
14246,7
14247,79
14248,7
14250,32
14253,102
14255,1
14259,25
14261,3
14262,1
14263,777
14264,90
14268,3
14269,23
14270,137
14271,4
14274,12
14276,44
14278,9
14279,1
14280,1
14281,4
14282,1
14284,29
14287,658
14288,10
14289,2
14291,30
14292,1
14294,7
14295,5
14296,128
14297,8
14298,296
14299,22
14300,4
14302,3
14303,3
14304,1
14305,1
14308,1
14309,1
14310,8
14311,3
14312,2
14314,2983
14315,9
14316,9
14318,314
14319,4
14321,25
14322,1
14325,24
14326,1
14329,1
14330,165
14332,34
14335,3
14337,2
14340,1
14341,1
14342,1
14345,2
14347,1
14350,1
14351,23
14355,1
14357,15
14358,1
14359,18
14361,5
14362,1
14363,674
14365,1
14367,70
14368,16
14370,15
14371,3
14374,28
14375,1
14376,8
14378,14
14380,1
14381,1
14383,252
14385,82
14386,4
14390,15
14394,1199
14395,3
14396,3
14400,1
14401,202
14402,1
14403,6
14404,6
14406,17
14407,2
14408,1
14409,51
14410,18
14412,55
14414,1
14415,1
14416,2
14417,19
14418,4
14421,3
14423,5
14424,133
14429,6
14430,1
14431,9
14437,14
14439,12
14441,5
14442,516
14443,1
14444,267
14447,1
14451,2
14453,234
14454,3
14455,258
14458,11
14459,9
14460,41
14462,1
14463,629
14464,7
14465,2
14467,5
14469,28
14473,2
14474,146
14476,3
14477,13
14479,2794
14480,22
14482,505
14485,8
14486,12
14487,12
14490,17
14491,3
14492,12
14493,3
14494,15
14496,1
14500,56
14501,2
14505,70
14511,10
14513,73
14514,1
14516,430
14520,97
14522,6
14523,13
14525,171
14526,71
14527,14
14529,9
14532,2
14533,17
14534,15
14538,2
14539,9
14540,1
14542,179
14546,563
14547,90
14550,1
14551,2
14553,1
14554,1
14555,5
14556,3
14558,1
14559,1
14560,2
14561,74
14563,3
14564,38
14567,6
14570,2
14571,1
14572,5
14575,87
14581,6
14586,2
14587,11
14588,1
14589,1
14590,2
14591,4
14592,5
14594,30
14595,1
14597,21
14598,21
14599,12
14600,1
14602,122
14603,1
14604,10
14605,9
14606,1
14607,25
14608,231
14609,9
14610,7
14612,69
14614,2
14616,2
14617,11
14619,1
14620,14
14621,9
14624,1
14630,10
14631,7
14632,2
14635,1
14637,22
14638,1
14639,15
14641,97
14642,2
14643,50
14645,145
14646,3
14648,7
14649,2
14650,2679
14651,1
14653,10
14654,1
14656,1
14661,2
14663,9
14665,1
14668,1
14673,25
14675,6
14676,3
14680,1
14684,122
14685,4
14689,5
14691,6
14692,122
14693,2
14694,1
14695,100
14696,1
14697,4
14699,541
14700,5
14701,175
14703,4
14706,4
14707,112
14710,5
14713,7
14715,2
14718,11
14720,2
14722,302
14723,1
14727,93
14728,25
14729,9
14730,2
14733,10
14734,16
14735,5
14736,3
14738,54
14740,6
14742,22
14743,9
14744,247
14746,1
14749,1
14752,7
14754,1
14757,39
14760,22
14764,13
14765,21
14766,5
14769,2
14770,132
14771,38
14772,11
14777,4
14778,11
14780,4
14783,7
14784,219
14786,27
14787,340
14788,2
14791,3
14792,3
14793,1
14795,1
14799,2
14800,77
14801,1
14802,29
14803,1
14806,182
14807,15
14809,131
14812,1037
14813,2
14815,21
14819,9
14820,1
14823,9
14824,18
14827,6
14828,1
14829,21
14831,37
14832,1590
14833,33
14834,1
14838,212
14840,2
14841,8
14842,4
14843,1
14846,10
14847,1
14849,2
14850,2
14851,2
14852,11
14853,6
14855,1
14856,242
14857,9
14858,12
14860,7
14861,11
14863,27
14865,9
14867,16
14868,3
14871,5
14872,3
14874,2
14875,429
14878,9
14879,2
14885,2
14886,4
14890,1
14893,10
14894,1
14895,1
14897,1
14898,19
14900,7
14902,3
14903,7
14904,1
14905,134
14908,33
14909,1
14911,1
14912,5
14913,2
14914,10
14919,1
14920,43
14921,1
14922,32
14923,1
14924,4
14925,2
14927,9
14929,1
14933,76
14934,610
14935,3
14936,3
14937,4
14939,7
14940,46
14943,13
14945,11
14946,5
14949,1
14952,3
14953,47
14954,38
14957,84
14959,2
14960,9
14962,13
14964,1
14965,147
14969,1
14970,3
14974,10
14975,14
14976,4
14977,59
14979,1
14984,1
14985,2
14992,2
14994,1
14997,4
14998,79
15003,1
15004,1
15005,1
15009,9
15010,1
15011,2671
15012,17
15013,1
15015,2
15016,108
15017,2
15029,40
15031,18
15033,71
15036,6
15039,19
15042,7
15043,343
15044,197
15045,158
15047,2
15048,32
15049,50
15051,303
15052,1
15053,1
15054,54
15055,259
15058,1
15059,39
15060,9
15061,1
15063,190
15064,5
15066,79
15069,6
15070,2
15072,9
15074,131
15075,1
15077,2
15080,1
15081,5
15083,1
15084,18
15088,25
15089,58
15090,28
15091,50
15093,76
15094,1
15096,2
15099,2
15105,58
15106,10
15107,270
15110,57
15111,7
15112,6
15116,1
15118,24
15119,81
15120,4
15121,8
15122,16
15124,7
15125,2
15126,10
15127,3
15128,1
15129,1
15131,34
15137,13
15138,40
15140,130
15141,2
15144,8
15146,13
15151,12
15154,2
15155,679
15156,7
15157,1
15158,4
15160,7
15163,2
15167,1
15168,58
15169,3
15170,10
15176,18
15177,53
15179,12
15180,6
15183,15
15184,2
15185,1
15186,7
15188,2
15189,2
15191,1
15192,7
15194,14
15197,9
15199,5
15200,1
15205,1
15208,3
15210,1
15212,2
15213,7
15214,7
15219,1
15220,17
15221,5
15223,5
15224,1
15227,1
15228,142
15231,85
15232,1
15234,140
15235,1032
15238,27
15240,9
15242,9
15243,1096
15245,31
15246,96
15248,99
15253,2
15255,29
15258,1
15259,7
15260,2
15261,3
15262,6
15264,2
15265,1
15267,4
15268,7
15269,21
15270,1
15271,278
15272,4
15274,335
15275,1
15276,34
15278,7
15279,3
15281,2
15283,3
15284,11
15289,9
15292,218
15296,9
15298,2210
15299,33
15300,465
15302,5
15304,57
15305,2
15306,4
15308,61
15309,3
15310,8
15312,6
15313,22
15314,1
15315,21
15316,2
15317,1
15318,9
15319,2
15321,12
15324,2
15325,2
15328,12
15329,47
15331,2
15332,3
15335,8
15336,4
15337,2
15338,1
15340,40
15342,1
15344,1
15345,4
15346,1
15347,1
15348,1
15349,25
15350,9
15352,1
15353,88
15354,1
15356,3
15359,1
15361,41
15364,1
15366,12
15367,6
15370,41
15371,1
15373,4
15374,5
15377,18
15380,79
15381,1
15383,2
15386,4
15387,6
15390,9
15391,9
15396,2
15399,19
15401,19
15403,8
15404,10
15405,5
15410,3
15411,14
15412,25
15414,2
15415,527
15416,131
15418,9
15419,24
15421,6
15422,1
15423,3
15425,1
15429,71
15430,5
15431,9
15433,5
15435,16
15436,9
15438,4
15439,4
15440,9
15441,1
15442,1
15443,1
15445,1
15448,1
15449,20
15450,11
15456,19
15458,2
15460,6
15461,73
15462,70
15463,2
15465,9
15466,9
15468,9
15469,4
15471,4
15472,32
15473,18
15474,1
15475,16
15476,1
15479,14
15480,1
15483,164
15484,3
15486,2
15489,2
15490,6
15492,5
15496,5
15499,268
15500,18
15505,2
15507,77
15511,611
15513,1
15515,1
15518,1
15520,108
15521,3
15527,12
15531,27
15534,58
15537,21
15540,1
15541,6
15542,2
15545,31
15551,1
15553,1
15554,60
15555,8
15556,10
15557,26
15560,7
15562,16
15567,16
15568,1
15569,1
15570,10
15571,1
15573,19
15575,5
15577,198
15581,17
15582,2
15583,140
15585,1
15586,20
15590,3
15595,2
15596,2
15597,28
15598,17
15600,1
15601,7
15603,769
15605,14
15606,113
15608,4
15609,156
15611,29
15614,1
15616,21
15617,6
15618,1
15619,1
15623,32
15624,1
15625,229
15626,2
15628,8
15631,3
15635,9
15641,48
15642,251
15643,1
15644,13
15645,7
15647,3
15649,22
15650,1
15653,180
15654,2
15655,4
15656,1
15660,16
15661,10
15664,9
15665,7
15667,9
15668,1
15669,8
15670,2
15671,10
15673,1
15674,5
15675,1
15676,17
15677,15
15678,1
15680,34
15682,9
15684,4
15687,1
15690,2
15697,1
15698,7
15701,1
15702,1
15707,12
15708,2
15709,414
15710,1
15711,1
15713,3
15716,3
15720,9
15721,1
15722,31
15723,8
15724,41
15725,9
15728,120
15729,129
15731,1
15733,1
15737,3
15738,8
15743,23
15744,16
15745,86
15748,2
15751,5
15753,8
15754,4
15758,58
15759,2
15764,1
15765,26
15766,12
15768,47
15769,2
15770,57
15771,1
15772,39
15777,2
15778,31
15780,106
15782,467
15783,2
15784,606
15785,4
15790,1
15791,51
15793,19
15795,1
15801,7
15802,1311
15804,14
15807,5
15808,15
15809,1
15810,1
15811,1
15812,18
15813,2
15814,2
15817,1
15818,4
15819,17
15823,63
15824,1
15827,87
15828,4
15829,1
15830,1
15831,26
15833,12
15835,2
15838,16
15841,1
15842,2
15844,1
15845,236
15848,7
15849,12
15852,3
15858,1
15865,2
15866,1
15870,50
15887,5
15889,98
15890,3
15891,1
15892,13
15893,7
15894,14
15897,1
15898,8
15902,1
15904,2
15905,23
15908,1495
15909,12
15910,16
15912,63
15914,3
15917,2
15919,7
15921,1
15922,13
15926,3
15927,1
15930,2
15934,2
15936,1
15939,3
15944,9
15950,1
15952,1
15954,2
15956,82
15958,2
15959,6
15960,1
15965,23
15967,2
15969,3
15970,11
15972,14
15973,233
15974,4
15975,7
15977,1
15978,2
15979,2288
15980,1
15981,3
15982,3
15983,4
15984,13
15986,1
15987,2
15988,2
15989,3
15990,335
15991,1
15992,1
15993,8
15996,7
15998,145
15999,4
16000,4
16003,3
16004,2
16005,2
16006,1
16007,42
16008,1
16009,21
16010,12
16011,6
16012,3
16014,3
16015,15
16019,1
16020,38
16021,37
16022,61
16023,227
16025,1
16026,1
16027,2
16028,30
16032,9
16035,12
16036,3
16040,14
16041,3
16043,6
16045,198
16047,61
16048,3
16051,1
16052,39
16054,3
16057,169
16061,40
16066,120
16073,1
16076,17
16080,6
16081,3
16082,1
16084,1
16090,3
16092,1
16093,1
16098,1
16099,24
16100,616
16101,4
16103,7
16104,4
16109,76
16110,2
16111,697
16114,525
16117,296
16121,3
16122,1169
16124,1
16126,6
16128,1
16130,2
16131,76
16134,1
16136,4
16137,39
16141,12
16142,9
16143,86
16145,10
16147,379
16152,8
16154,43
16155,58
16159,3
16160,7
16163,4
16164,1
16165,9
16168,4
16169,8
16170,4
16171,1
16172,5
16173,4
16174,1
16175,1
16176,1
16179,11
16180,16
16181,9
16182,6
16183,1
16186,2
16189,429
16196,1
16199,255
16203,7
16205,22
16208,16
16210,2
16211,220
16212,3
16213,1
16214,26
16216,2
16217,5
16218,18
16219,59
16220,67
16222,4
16223,1
16227,3
16228,2
16231,1
16235,20
16236,2
16237,10
16238,1
16239,3
16241,33
16243,11
16245,11
16249,7
16250,21
16253,30
16254,213
16255,16
16257,11
16258,5
16261,1
16265,2
16266,1
16267,1
16268,19
16269,24
16271,3
16273,1
16274,16
16279,2
16280,3
16281,31
16282,1
16283,8
16288,9
16297,19
16298,1
16299,9
16300,34
16301,1
16302,5
16303,76
16304,3
16306,635
16308,2
16310,8
16311,5
16312,26
16313,1
16314,19
16316,3
16318,2
16322,7
16323,3
16324,34
16326,4
16328,2
16329,2
16330,142
16331,2
16333,43
16335,5
16338,86
16339,39
16340,4
16346,2
16349,156
16350,1
16351,14
16352,5
16353,945
16354,159
16357,2
16359,15
16360,99
16362,3
16364,1
16365,17
16367,6
16371,57
16373,4
16374,290
16376,5370
16380,3
16381,21
16382,100
16383,5
16384,19
16385,19
16386,1
16388,13
16390,5
16396,8
16397,4097
16399,6
16400,5
16401,1
16403,1
16405,21
16406,27
16410,18
16411,20
16413,95
16414,1
16418,2
16423,1
16424,1
16430,3
16431,102
16434,5
16436,1
16437,13
16438,2
16440,2
16442,1
16445,1
16448,9
16451,10
16454,27
16455,2
16459,23
16461,1
16462,416
16464,62
16467,1
16468,18
16471,6
16472,1
16473,1
16476,3
16477,8
16478,3
16479,10
16483,1
16487,2
16491,1
16492,5
16494,20
16497,14
16498,1
16500,9
16501,31
16502,160
16504,23
16505,61
16507,1
16508,1
16509,5
16510,281
16511,200
16512,91
16516,2
16517,30
16519,41
16523,1
16524,8
16527,113
16529,1
16530,33
16531,111
16534,20
16535,1
16538,12
16541,8
16542,8
16545,58
16546,10
16549,2
16550,343
16551,10
16554,8
16555,15
16560,1
16562,3
16568,79
16572,7
16573,3
16574,1
16575,46
16576,2
16577,42
16578,1
16579,7
16583,18
16585,38
16587,8
16589,21
16590,6
16591,6
16594,16
16595,1
16596,4
16597,1
16598,111
16600,2
16602,5
16603,1
16604,4
16605,26
16606,41
16607,1
16609,2
16611,405
16617,12
16618,1
16624,3
16626,7
16627,17
16628,2
16630,6
16632,363
16633,4
16638,4
16639,8
16642,4
16643,24
16646,19
16647,488
16649,19
16650,19
16653,19
16654,19
16659,23
16661,1
16662,2
16663,1
16664,7
16665,16
16667,26
16668,1
16669,1
16671,6
16672,4
16676,59
16677,20
16681,53
16682,5
16686,1
16687,19
16688,248
16690,2
16692,1
16696,174
16702,3
16706,125
16707,19
16715,1
16716,19
16717,4
16722,10
16725,2
16727,351
16729,1
16730,1
16731,5
16735,3
16736,2
16741,3
16742,2
16748,19
16752,1
16754,2
16757,114
16759,17
16760,1
16762,1
16764,6
16765,1
16766,52
16775,38
16777,1
16778,1
16780,14
16781,87
16784,1
16786,19
16788,1
16789,1
16790,6
16793,5
16794,21
16796,4
16798,33
16800,86
16801,1
16802,13
16805,5
16806,10
16808,10
16811,4
16813,3
16816,1
16818,38
16820,11
16821,54
16823,39
16826,24
16828,1
16832,1
16833,2
16834,1
16837,1
16838,1
16840,25
16843,1
16849,520
16852,3
16854,1
16855,2
16856,5
16858,2
16860,33
16865,40
16866,2
16869,8
16871,24
16872,50
16873,4
16874,2
16879,2
16881,2
16883,12
16885,1
16887,32
16888,1
16894,1
16895,1
16897,2
16898,3
16899,1
16905,1
16906,85
16909,365
16911,1
16914,2
16919,1
16920,1
16922,40
16923,21
16924,20
16925,3
16926,10
16929,58
16930,10
16933,147
16934,49
16936,18
16937,21
16939,17
16945,113
16946,11
16947,1
16949,1
16950,212
16952,24
16955,1522
16958,34
16960,122
16961,3
16963,2
16964,23
16965,6
16966,103
16970,978
16973,1
16974,123
16975,2
16977,25
16979,35
16980,6
16983,1
16985,6
16987,16
16991,11
16992,18
16994,38
16995,1
16996,19
17000,8
17001,38
17002,18
17004,1
17006,2
17008,1
17010,1436
17011,1
17012,5
17013,3
17014,342
17016,151
17018,109
17020,1
17022,1
17023,1
17025,98
17029,162
17030,220
17031,38
17033,33
17037,3
17038,1
17040,4
17041,2
17044,16
17046,10
17048,40
17049,19
17053,1
17055,329
17057,3
17059,2
17060,480
17061,36
17063,608
17064,11
17067,11
17068,2
17071,19
17072,115
17073,66
17074,1
17075,11
17078,38
17079,1
17080,4
17081,7
17085,52
17086,3554
17087,10
17089,389
17091,1
17092,19
17093,1
17096,1
17098,1233
17100,7
17102,1
17105,505
17106,3
17107,23
17109,3
17110,31
17117,2
17118,45
17119,1
17120,1
17121,46
17122,10
17124,2
17125,1
17127,65
17128,29
17132,2
17133,1
17138,17
17141,9
17142,19
17143,168
17145,18
17147,8
17148,8
17149,42
17150,2
17151,2
17152,7
17153,22
17157,513
17161,24
17165,2
17167,8
17168,8
17170,10
17172,3
17173,35
17175,18
17176,1
17179,8
17180,27
17182,1
17185,2
17186,20
17189,15
17191,12
17194,5
17195,34
17196,2
17200,28
17203,15
17206,3
17207,1
17208,5
17209,3
17211,2
17213,1
17217,3
17218,2
17219,148
17220,19
17222,1
17223,1
17224,1
17225,2
17226,4
17228,2
17229,302
17231,81
17232,19
17233,2
17234,1
17241,93
17244,1
17245,278
17248,1
17249,1
17250,10
17251,2
17254,30
17258,35
17260,1
17264,3
17266,2
17268,3
17270,8
17271,12
17273,3
17277,2
17279,1
17280,6
17283,11
17284,3
17285,1
17288,19
17289,421
17290,10
17291,1
17292,4
17294,4
17296,3
17297,4
17298,1
17299,19
17305,1
17309,13
17310,7
17311,184
17312,46
17313,168
17314,2
17315,1
17320,2
17321,4
17322,26
17323,1
17327,8
17328,17
17329,2
17331,16
17333,153
17334,3
17338,4
17339,1
17340,23
17343,1
17345,2
17346,1
17348,148
17350,26
17351,15
17354,3
17355,2
17356,107
17357,26
17360,2
17362,1
17363,20
17365,10
17366,5
17367,11
17369,2
17371,1
17372,19
17373,1
17377,118
17378,2
17381,1
17382,3
17389,1
17391,1
17392,224
17395,3
17397,10
17398,4
17403,23
17406,2
17409,67
17410,1
17416,17
17417,1
17418,1
17420,1
17423,24
17424,6
17426,1
17430,29
17432,1
17435,1
17436,120
17437,3
17439,27
17440,19
17442,3
17443,27
17445,18
17446,1
17447,1
17448,2
17449,16
17453,8
17454,6
17455,1
17457,4
17461,70
17462,8
17463,4
17464,2
17466,1
17469,42
17470,7
17471,2
17472,2
17473,2
17478,1
17479,1
17481,9
17483,21
17486,4
17489,3
17491,11
17492,2
17493,1
17495,2
17496,55
17500,1
17502,25
17504,5
17506,1
17507,8
17511,3
17513,226
17515,1
17518,2
17519,12
17520,69
17522,2
17523,2
17524,21
17525,2
17526,4
17528,113
17529,1
17532,1617
17534,17
17535,1
17537,483
17538,12
17539,1
17543,12
17544,2
17549,4
17550,5
17552,46
17553,43
17555,1092
17556,3
17560,19
17561,78
17563,6
17566,116
17569,7
17570,1
17572,1
17574,126
17576,37
17579,7
17580,6
17582,175
17585,7
17586,17
17587,33
17588,1
17589,37
17590,4
17592,1
17593,422
17594,5
17596,12
17597,1
17600,8
17601,4
17602,1
17603,3
17605,8
17606,1
17607,1
17609,2
17611,2
17613,1
17616,173
17617,4
17619,92
17622,2
17624,4
17628,107
17629,100
17631,7
17632,4
17633,109
17634,92
17635,155
17637,1
17639,1
17642,13
17645,4
17646,1
17648,1
17649,56
17650,1
17653,4
17654,1
17658,43
17659,905
17661,7
17664,3
17665,4
17667,9
17668,2
17671,1
17672,11
17673,7
17674,16
17676,2
17677,1
17678,2
17680,1
17683,4
17684,2
17688,1
17689,20
17690,197
17691,75
17693,27
17695,2
17697,1
17698,1
17700,40
17702,1
17703,2
17705,646
17707,2
17708,181
17709,9
17713,2
17714,13
17716,24
17719,3
17720,5
17721,2
17722,1113
17723,23
17725,2
17727,3
17728,9
17733,67
17735,32
17739,24
17742,26
17744,2
17748,1
17754,15
17755,3
17756,1
17757,1
17758,3
17759,7
17761,3
17764,2
17765,1
17767,796
17768,5
17770,2
17772,6
17774,3
17775,19
17782,1
17784,88
17785,1
17787,1
17789,2
17793,33
17796,36
17797,71
17798,3
17799,40
17800,140
17805,2
17806,1
17807,1
17808,1
17811,2
17812,1
17813,1
17815,1
17817,3
17818,1
17819,57
17822,2
17823,47
17824,1
17827,1
17830,19
17831,1
17833,1
17834,5
17835,32
17836,3
17837,1
17839,11
17842,5
17843,31
17845,10
17847,88
17849,1
17851,1
17853,9
17854,2
17855,2
17856,2
17858,6
17860,1
17861,2
17863,4
17864,18
17866,3
17867,6
17868,1
17869,4
17870,10
17871,8
17874,6
17876,168
17880,101
17881,9
17884,749
17885,4
17887,2
17888,1
17890,21
17892,2
17894,20
17897,1
17898,23
17907,1
17909,138
17911,19
17912,1
17915,1
17917,1
17918,12
17921,41
17922,7
17923,33
17924,102
17926,94
17927,3
17929,1
17933,25
17934,175
17935,1
17938,100
17940,15
17941,11
17942,5
17943,19
17945,1
17946,92
17950,6
17952,38
17954,9
17956,9
17963,3
17964,3
17965,1
17968,798
17969,10
17971,1
17973,1
17975,3
17976,3
17978,11
17979,20
17983,1
17984,31
17986,1
17987,46
17988,1
17990,1
17991,1
17992,559
17993,196
17994,93
17995,19
17996,38
17998,1
18004,463
18006,4
18009,2
18010,19
18011,20
18013,7
18014,2
18017,1
18018,4
18020,19
18022,9
18023,49
18025,26
18027,8
18028,9
18031,1
18035,394
18037,1
18038,7
18039,2
18041,2
18053,26
18054,1
18058,19
18061,49
18063,5
18064,1
18065,2
18068,24
18072,1
18074,3
18075,6
18076,21
18078,7
18080,1
18086,1
18088,5
18089,2
18095,1
18096,2
18097,98
18098,1
18099,10
18102,2
18104,19
18107,1
18109,22
18110,6
18111,1
18112,1
18115,1
18116,1
18118,56
18119,20
18121,68
18122,3
18123,16
18125,1
18127,2
18128,1
18129,1
18130,11
18131,1
18132,1
18133,3
18134,1
18135,1
18136,13
18142,127
18143,48
18144,96
18148,1
18149,36
18150,1
18154,1
18155,22
18156,153
18158,20
18160,61
18162,2
18164,2
18165,117
18166,31
18168,118
18169,309
18171,61
18172,1
18174,1
18175,1
18177,33
18178,19
18186,1
18188,1
18189,29
18192,9
18196,2
18200,7
18202,1
18204,183
18205,1
18206,2
18208,4
18210,3
18211,2
18214,24
18215,1
18216,3
18217,1
18218,21
18220,699
18222,13
18224,6
18226,38
18227,72
18228,81
18234,1
18236,1
18237,1
18241,1
18242,70
18243,10
18244,1
18250,1
18251,5
18252,450
18253,2
18254,71
18256,1
18261,21
18262,387
18263,2
18265,2
18267,30
18268,74
18269,6
18270,2
18271,42
18274,1
18275,27
18276,1
18277,42
18280,41
18283,2
18287,416
18288,237
18289,23
18291,9
18292,1
18293,5
18294,2
18295,76
18296,1
18297,2
18299,450
18300,59
18302,46
18303,1
18305,1
18306,5
18307,5
18308,18
18310,1357
18312,1
18313,22
18314,19
18315,1
18316,29
18317,108
18320,5
18321,144
18322,58
18323,6
18324,23
18326,58
18328,3
18334,23
18335,52
18336,1
18338,16
18343,6
18345,20
18346,157
18349,2
18350,1
18351,4
18357,25
18360,79
18364,1
18365,6
18367,518
18368,1
18369,106
18370,1
18372,2
18373,1
18377,12
18379,1
18380,1
18381,5
18383,19
18384,2
18386,78
18388,3
18389,51
18391,10
18393,35
18397,1
18402,3
18405,2
18406,1
18408,8
18411,14
18415,28
18416,33
18417,1
18419,1
18424,14
18425,2
18426,1
18427,5
18428,1
18433,5
18434,1
18437,2
18439,15
18440,41
18441,1
18444,16
18445,217
18446,1
18447,164
18449,2
18451,1
18452,68
18453,13
18454,1
18457,1
18458,1
18460,20
18461,2
18462,6
18463,5
18464,7
18466,1
18467,324
18468,1
18469,1
18471,3
18472,122
18473,186
18475,1
18478,4
18480,2
18481,14
18482,21
18483,11
18485,77
18486,60
18487,4
18489,1
18490,1
18491,10
18492,1
18494,1
18495,10
18498,3
18501,8
18503,24
18507,14
18509,10
18510,49
18512,3
18514,1
18521,1
18523,45
18525,12
18526,1
18527,22
18528,1
18529,20
18531,2
18534,30
18537,8
18539,1
18540,1
18543,106
18546,11
18551,10
18552,3
18555,5
18556,5
18557,32
18558,7
18560,1
18561,38
18563,2
18566,1
18569,3
18570,31
18572,3
18573,9
18575,1
18576,2
18579,1
18581,1
18582,6
18583,6
18585,4
18586,3
18588,1
18589,2
18590,4
18591,10
18593,18
18594,71
18595,19
18596,4
18597,19
18598,27
18599,1
18600,94
18602,5
18603,1
18604,5
18607,1
18608,4
18609,182
18611,45
18612,5
18614,23
18618,9
18619,1
18623,3
18624,29
18625,2
18626,17
18627,11
18630,1
18632,4
18633,4
18635,38
18636,1
18639,287
18641,1
18642,29
18645,3
18647,5
18650,1
18651,1
18654,4
18657,1
18659,13
18660,1414
18661,7
18662,2
18666,1
18667,1
18669,3
18670,1
18673,3
18675,1
18678,2
18680,2
18681,14
18682,11
18683,1
18686,6
18687,12
18691,19
18697,1
18699,1
18702,4
18704,1
18706,26
18707,19
18710,45
18711,6
18712,600
18713,16
18714,2
18720,7
18726,1
18727,5
18728,1
18729,7
18732,76
18736,4
18737,28
18739,56
18741,4
18742,1
18746,1
18747,27
18748,1
18749,8
18753,5
18755,1
18756,118
18757,1
18759,1
18760,1
18761,4
18762,5
18765,19
18766,19
18768,20
18770,11
18772,1
18773,28
18775,48
18778,1
18779,19
18780,68
18781,6
18782,7
18783,5
18784,1
18785,2
18787,15
18788,3
18789,1
18794,2
18795,14
18796,49
18797,1
18798,2
18799,10
18800,56
18801,1
18806,38
18807,119
18809,20
18811,1
18814,215
18817,34
18818,23
18821,46
18822,2
18823,1
18825,2
18826,4
18827,2
18828,1
18829,1
18832,1
18833,3
18834,22
18835,11
18837,3
18838,1
18840,189
18841,186
18842,4
18843,32
18847,4
18848,3
18854,7
18855,19
18856,2
18857,2
18858,3
18864,187
18865,2
18867,107
18868,8
18869,10
18870,3
18871,2
18872,3
18874,231
18875,6
18877,1
18878,1
18879,3
18881,5
18882,11
18883,3
18885,1
18886,11
18887,7
18890,5
18892,245
18894,2
18895,36
18897,2
18898,2
18899,1
18900,5
18905,152
18906,3
18907,8
18911,860
18912,10
18913,4
18914,17
18915,12
18916,8
18917,7
18918,338
18919,24
18921,1
18924,2
18929,2
18931,2
18932,1
18934,1
18935,1
18937,14
18939,211
18940,4
18941,8
18942,170
18944,1
18945,24
18946,75
18948,5
18949,17
18950,1
18951,1
18953,3
18954,5
18955,47
18957,24
18958,1
18959,2
18962,3
18963,1
18965,87
18968,3
18969,3
18971,10
18972,899
18973,11
18974,546
18975,1
18979,30
18980,10
18981,98
18982,3
18983,3
18984,309
18987,8
18988,6
18991,20
18992,1
18993,19
18994,12
18997,7
18998,5
19000,4
19001,11
19005,9
19007,1
19008,2
19009,3
19011,31
19012,1
19014,5
19015,15
19016,15
19017,2
19020,1
19021,2
19023,2
19024,9
19025,3
19028,5
19029,64
19030,1
19032,62
19034,1
19044,1
19046,1
19049,1
19050,1
19051,3
19052,1
19058,1
19059,5
19061,7
19062,3
19066,42
19067,1
19068,38
19069,1
19070,1
19072,50
19073,12
19074,244
19075,172
19076,1
19081,1
19082,1
19089,2
19090,1
19092,21
19093,153
19095,5
19096,2
19097,8
19098,3
19100,8
19102,2
19105,1
19107,54
19109,16
19111,3
19113,77
19117,1
19118,1
19119,1
19120,12
19123,1
19125,10
19128,10
19130,22
19133,1
19135,1
19137,1
19138,19
19140,2
19141,1
19142,2
19144,5
19145,213
19146,1
19148,1
19150,4
19151,3
19152,13
19153,1
19154,1
19156,15
19157,1
19158,17
19160,3
19161,20
19164,76
19166,5
19167,2
19168,33
19169,100
19171,1
19174,1
19175,2
19178,3
19179,4
19180,13
19182,1
19183,2
19184,1
19185,1
19186,36
19187,3
19188,1
19190,21
19191,2
19192,1
19193,646
19194,3
19195,1
19196,2
19199,1
19200,1
19202,2
19204,7
19205,2
19207,1
19209,76
19210,1
19211,5
19212,1
19213,1
19216,7
19217,119
19218,2
19219,27
19221,3
19224,7
19230,1
19232,4
19234,6
19235,1
19237,19
19239,4
19240,19
19245,4
19249,4
19250,6
19251,10
19253,1
19255,377
19256,3
19257,11
19258,50
19259,1
19260,3
19261,14
19262,7
19264,2
19266,3
19267,7
19268,88
19269,3
19270,2
19272,26
19274,25
19279,3
19280,2
19281,3
19283,2
19285,1
19286,1
19289,16
19291,4
19293,1
19294,113
19295,1
19296,1
19297,2
19298,1
19299,1
19301,1
19302,1
19306,1
19308,35
19309,38
19312,5
19315,3
19316,30
19317,3
19319,8
19321,2
19322,43
19325,3
19326,75
19327,2
19329,7
19333,10
19334,7
19335,1
19336,1
19340,38
19342,2
19343,3
19346,5
19348,4
19350,1
19352,2
19354,2
19355,1
19357,17
19358,1
19359,4
19363,32
19364,48
19365,111
19368,19
19371,1
19372,2
19373,3
19374,19
19376,1
19377,1
19378,2
19381,3
19382,1
19384,3
19385,1
19386,1
19387,306
19389,1
19390,1
19391,4
19393,1
19395,1
19396,5
19399,1
19401,1
19403,102
19404,3
19406,16
19409,6
19410,1
19411,5
19413,76
19415,87
19416,2
19418,46
19421,3
19423,19
19425,7
19426,14
19427,1
19430,23
19431,3
19432,4
19433,36
19434,1
19436,1
19441,1
19442,1
19443,1
19444,13
19445,16
19446,1
19449,2
19455,1
19456,1
19457,5
19458,2
19459,1
19461,1
19462,2
19463,28
19464,130
19465,2
19467,5
19469,2557
19470,6
19472,112
19473,1
19474,1
19479,12
19480,1
19481,22
19483,4
19484,377
19485,12
19486,11
19487,2
19488,25
19490,16
19491,39
19494,1
19496,1
19497,1
19498,1
19499,1
19500,34
19502,2
19507,26
19508,257
19509,1
19515,2
19519,4
19520,1
19524,4
19525,19
19528,4
19529,2
19530,1
19533,4
19534,5
19535,1
19536,98
19542,1
19544,1
19546,1
19548,31
19549,72
19550,12
19553,1
19554,1
19556,1
19558,6
19561,1
19562,60
19563,8
19564,19
19567,5
19569,17
19570,106
19571,4
19573,2
19574,2
19575,1
19578,7
19581,84
19582,24
19587,52
19590,1
19591,2
19592,2
19596,3
19597,3
19601,1
19602,1
19606,6
19607,2
19611,8
19612,4
19615,6
19616,5
19617,22
19619,2
19620,21
19621,10
19622,26
19625,19
19626,71
19627,331
19628,3
19629,7
19632,1
19634,49
19636,84
19637,1
19638,22
19642,1
19643,1
19647,2
19648,8
19652,95
19655,9
19658,2
19661,64
19665,7
19668,8
19671,1
19674,1
19677,2
19679,21
19680,3
19681,1
19683,11
19684,3
19686,1
19688,2
19690,14
19691,11
19693,147
19694,34
19697,21
19699,3
19700,9
19701,43
19702,1
19703,5
19704,22
19706,99
19707,115
19709,2
19712,2
19713,35
19717,17
19719,3
19721,19
19722,3
19723,3
19724,6
19725,19
19726,6
19734,34
19735,11
19737,129
19738,39
19740,11
19741,11
19742,4
19745,17
19750,56
19751,93
19752,1
19753,3
19754,19
19756,190
19757,72
19762,10
19768,5
19769,14
19770,23
19771,20
19773,22
19774,55
19775,2
19776,10
19778,53
19779,100
19782,3
19783,19
19784,19
19786,1
19787,12
19791,33
19793,144
19797,30
19799,4
19804,5
19806,43
19809,400
19810,7
19813,1
19814,7
19815,16
19817,30
19819,528
19820,4
19822,2
19823,1
19824,9
19826,1
19833,1
19834,14
19840,16
19842,19
19843,16
19844,6
19845,11
19846,2
19852,1
19855,98
19856,1
19861,1
19862,8
19863,5
19864,51
19865,102
19866,170
19867,241
19868,79
19869,50
19870,76
19872,26
19873,3
19874,3
19878,1
19880,20
19883,41
19884,4
19887,1
19889,4
19893,36
19895,34
19896,199
19897,14
19899,86
19900,35
19903,6
19904,202
19906,28
19909,82
19910,48
19911,5
19912,3
19914,1
19915,82
19918,5
19919,19
19922,36
19932,19
19934,16
19935,2
19936,138
19937,1
19938,10
19942,1
19944,1
19946,7
19947,1
19951,2
19952,19
19956,4
19957,2
19959,149
19960,22
19961,22
19964,7
19967,46
19968,21
19969,34
19970,76
19971,1
19976,117
19977,1
19982,19
19984,1
19988,9
19989,21
19990,14
19992,39
19993,67
19996,9
19997,2
19998,25
19999,33
20001,20
20004,6
20005,19
20008,84
20009,19
20012,1
20013,19
20014,1
20016,23
20018,105
20019,19
20020,3
20021,17
20022,7
20023,3
20025,9
20026,12
20028,23
20030,287
20031,30
20032,4
20033,146
20034,1
20035,7
20036,26
20037,2
20038,29
20040,4
20042,2
20043,37
20045,2
20048,1
20050,187
20051,7
20053,3
20055,1
20057,5
20059,4
20060,8
20064,12
20065,5
20070,5
20072,1
20075,18
20078,9
20081,1
20089,1
20090,6
20091,1
20092,2
20093,18
20094,4
20097,725
20098,35
20099,5
20100,1
20107,64
20109,3
20111,846
20114,51
20117,1
20121,1
20122,5
20123,1
20130,25
20132,45
20133,79
20136,1
20137,11
20138,5
20140,1
20145,47
20146,1
20148,3
20149,19
20154,3
20157,7
20160,48
20162,23
20163,2
20164,55
20166,10
20167,1
20168,3
20170,1
20172,6
20178,5
20184,1
20185,21
20190,37
20193,15
20197,4
20199,4
20200,148
20202,117
20203,19
20204,21
20205,1
20209,1
20212,240
20217,24
20218,1
20223,3
20227,82
20228,17
20229,174
20232,84
20234,5
20236,115
20237,81
20239,17
20240,39
20242,30
20243,2
20249,3
20250,15
20251,1
20252,36
20253,76
20254,19
20258,1
20259,1
20261,464
20262,31
20263,23
20264,2
20266,1
20267,66
20268,71
20269,7
20270,15
20274,1
20275,2
20276,24
20277,20
20280,46
20282,3
20283,2
20285,21
20288,1
20289,1
20292,25
20295,121
20297,250
20298,1
20300,3
20301,29
20302,16
20303,3
20305,2
20306,1
20307,2
20308,5
20309,2
20312,9
20317,19
20321,78
20327,96
20328,5
20329,17
20333,3
20337,13
20338,9
20339,1
20344,27
20345,262
20348,19
20349,24
20353,3
20354,2
20356,37
20357,31
20358,7
20360,11
20361,3
20362,54
20363,114
20365,17
20370,11
20372,1
20374,2
20377,1
20379,7
20380,20
20385,6
20386,33
20389,59
20393,4
20395,15
20398,1
20403,1
20405,1
20406,3
20408,19
20410,2
20411,16
20412,25
20415,23
20417,1
20420,4
20422,3
20423,7
20424,28
20425,1
20427,19
20429,2
20430,1
20431,11
20433,5
20434,1
20436,36
20438,104
20439,19
20440,219
20441,11
20445,21
20448,38
20451,19
20452,6
20454,20
20455,25
20456,14
20457,7
20458,1
20459,6
20462,35
20463,1
20466,5
20467,3
20468,43
20469,80
20471,42
20475,1
20476,22
20480,12
20481,28
20483,1
20484,2
20486,1
20490,2
20493,5
20494,1
20496,6
20498,5
20500,17
20502,3
20503,15
20505,2
20506,9
20511,6
20512,2
20513,1
20514,10
20517,1
20520,10
20522,8
20523,1
20527,19
20528,22
20530,4
20532,2
20534,37
20535,3
20540,2
20541,4
20543,10
20545,2
20546,2
20550,4
20551,145
20554,19
20555,1
20563,175
20564,9
20565,1
20566,34
20569,1
20570,1
20571,3
20578,8
20579,2
20580,11
20581,3
20582,291
20583,1
20584,1
20586,8
20588,5
20589,3
20594,1
20595,2
20597,9
20600,38
20601,39
20606,18
20608,4
20609,3
20612,3
20613,1
20614,12
20615,7
20617,82
20618,1
20620,92
20622,57
20626,26
20628,1
20629,187
20631,19
20632,2
20635,4
20636,1
20638,17
20640,20
20644,35
20646,39
20647,26
20649,5
20650,20
20651,7
20652,5
20653,19
20663,18
20666,1
20669,28
20671,1
20674,13
20676,9
20678,29
20679,1
20680,20
20684,64
20685,2
20687,183
20689,20
20690,8
20691,19
20693,22
20697,7
20698,6
20699,1
20705,1
20707,1
20708,1
20709,25
20710,5
20711,51
20713,76
20714,16
20715,1
20720,7
20723,23
20725,14
20726,30
20728,19
20732,36
20734,74
20735,23
20736,1
20739,19
20740,66
20741,8
20742,1
20747,7
20748,3
20750,2
20752,2
20754,2
20755,25
20758,3
20760,36
20762,19
20763,1
20766,2
20767,1
20769,5
20770,40
20771,1
20773,28
20776,4
20777,3
20778,27
20781,2
20784,58
20785,8
20786,58
20794,2
20795,22
20797,6
20798,1
20800,12
20802,4
20803,15
20804,4
20807,10
20815,14
20818,19
20821,31
20824,19
20826,5
20827,21
20829,9
20830,1
20831,21
20833,3
20834,1
20836,2
20837,10
20839,1
20842,1
20843,3
20846,1
20847,1
20848,1
20849,2
20850,3
20851,1
20853,9
20854,4
20855,4
20856,35
20858,10
20866,5
20867,14
20869,1
20870,2
20877,1
20880,87
20883,6
20885,1
20889,1
20893,2
20894,3
20896,3
20898,4
20900,1
20901,1
20903,4
20908,1
20910,4
20912,2
20914,4
20915,2
20916,1
20919,25
20921,2
20923,3
20924,1
20925,1
20926,2
20928,39
20931,3
20937,19
20938,2
20942,1
20944,1
20948,19
20949,4
20952,40
20953,4
20955,2
20960,39
20961,1
20962,1
20963,19
20964,29
20966,3
20967,1
20971,48
20972,2
20973,19
20974,14
20975,1
20976,67
20977,11
20978,15
20979,1
20983,21
20984,8
20985,19
20987,1
20988,3
20990,1
20991,26
20992,40
20994,5
20995,140
20996,21
21002,3
21003,14
21005,40
21007,1
21008,47
21011,3
21013,44
21016,1
21017,3
21018,10
21020,6
21022,7
21025,38
21026,19
21032,1
21034,6
21036,52
21037,5
21044,47
21045,14
21046,16
21047,81
21050,3
21051,19
21052,1
21053,51
21054,1
21056,37
21057,19
21058,17
21060,1
21066,11
21069,107
21071,18
21073,5
21074,1
21075,7
21076,1
21077,4
21078,1
21079,235
21081,51
21083,2
21084,3
21089,22
21090,9
21092,4
21093,4
21101,4
21102,54
21103,3
21104,97
21107,232
21108,1
21109,83
21110,5
21111,2
21112,8
21113,27
21114,3
21115,2
21119,251
21120,4
21122,1
21124,46
21127,3
21129,36
21130,3
21131,69
21134,60
21136,1
21138,2
21143,2
21145,1
21146,59
21149,1
21152,21
21153,16
21154,16
21156,4
21160,1
21162,1
21163,76
21164,25
21165,4
21167,28
21169,18
21170,42
21171,50
21174,2
21176,1
21177,20
21178,1
21179,3
21180,9
21181,19
21184,35
21185,3
21187,57
21189,3
21194,10
21195,3
21196,20
21198,5
21199,4
21200,2
21204,18
21211,1
21215,1
21217,1
21220,59
21222,1
21223,21
21224,38
21225,1
21226,1
21227,12
21228,3
21230,11
21231,25
21232,5
21233,10
21235,38
21237,4
21239,94
21245,1
21246,2
21247,1
21249,19
21251,29
21256,2
21257,49
21258,3
21259,29
21260,5
21262,11
21264,29
21265,5
21268,19
21269,2
21270,1
21271,14
21272,14
21274,12
21275,31
21277,1
21280,1
21282,4
21283,29
21289,1
21290,53
21291,1
21292,19
21293,16
21294,12
21296,19
21297,1
21298,3
21299,1
21300,10
21304,3
21306,1
21308,1
21310,2
21312,2
21315,1
21318,5
21319,2
21323,4
21324,10
21325,4
21326,2
21332,1
21334,1
21337,87
21338,2
21343,1
21345,9
21348,1
21350,19
21351,209
21353,4
21354,3
21355,6
21356,2
21357,2
21358,4
21360,3
21361,31
21363,60
21365,23
21367,1
21368,3
21369,1
21370,11
21374,5
21375,1
21376,2
21381,4
21383,1
21385,9
21386,27
21388,24
21394,5
21396,2
21397,19
21398,3
21404,18
21405,1
21406,1
21408,21
21409,1
21412,24
21413,1
21415,1
21417,9
21419,1
21420,5
21421,17
21424,2
21428,40
21431,1
21435,3
21436,1
21438,11
21439,9
21440,9
21445,1
21446,11
21448,215
21451,5
21455,2
21457,2
21459,5
21460,6
21461,23
21463,96
21466,137
21472,84
21474,4
21475,19
21478,1
21479,3
21481,10
21482,1
21483,1
21486,10
21487,1
21489,31
21492,4
21496,6
21498,18
21499,11
21500,1
21501,18
21504,23
21506,41
21507,44
21508,2
21509,2
21510,2
21514,2
21515,5
21518,4
21519,20
21520,2
21521,15
21523,2
21525,3
21526,2
21528,1
21529,2
21531,4
21532,73
21533,24
21535,1
21542,28
21544,2
21548,3
21554,8
21558,2
21566,3
21567,10
21572,5
21577,172
21578,1
21579,1
21580,2
21581,1
21583,5
21585,22
21586,1
21591,1
21592,7
21593,6
21594,11
21597,2
21598,1
21601,11
21602,3
21605,31
21607,10
21612,3
21613,12
21614,2
21615,12
21617,5
21622,10
21624,1
21625,3
21627,5
21628,1
21630,27
21634,6
21638,20
21640,1
21641,18
21643,6
21644,13
21645,1
21647,1
21648,6
21649,1
21655,6
21659,1
21661,5
21662,196
21664,7
21666,2
21668,18
21669,10
21670,1
21671,15
21675,4
21676,26
21677,8
21678,8
21680,3
21681,252
21682,16
21687,4
21688,4
21689,43
21690,4
21692,9
21695,4
21696,69
21697,1
21698,1
21699,33
21704,10
21707,1
21708,5
21709,3
21710,1
21712,2
21714,2
21716,10
21718,8
21719,2
21720,25
21721,5
21722,12
21724,14
21729,2
21731,2
21733,10
21734,2
21737,8
21739,10
21740,3
21747,1
21748,27
21749,27
21750,2
21755,2
21759,3
21760,13
21761,1
21762,6
21763,6
21764,31
21767,8
21768,1
21769,2
21770,2
21772,1
21773,1
21774,2
21776,1
21778,4
21779,13
21785,1
21788,11
21789,19
21790,72
21792,7
21800,10
21801,10
21802,22
21803,19
21804,1
21806,2
21807,3
21808,1
21809,22
21811,5
21812,22
21813,59
21814,3
21815,18
21816,4
21818,1
21819,2
21820,1
21823,1
21824,22
21826,11
21827,12
21829,1
21830,4
21832,9
21838,15
21842,28
21843,2
21844,8
21845,8
21847,1
21848,8
21849,14
21854,1
21863,8
21865,27
21872,20
21875,3
21878,8
21880,4
21883,5
21887,14
21889,4
21890,16
21894,30
21898,9
21902,3
21903,1
21904,7
21905,1
21906,12
21911,2
21912,72
21913,1
21914,5
21915,9
21916,14
21921,2
21922,26
21923,7
21927,4
21928,29
21929,10
21932,1
21933,19
21934,6
21936,1
21937,11
21939,12
21941,3
21943,1
21945,7
21946,1
21947,27
21948,10
21950,9
21954,21
21957,1
21958,1
21962,2
21967,2
21969,1
21970,11
21976,5
21980,1
21981,2
21989,2
21990,2
21992,4
21993,20
21995,5
21998,20
22002,10
22003,4
22006,1
22008,5
22009,1
22010,1
22011,20
22013,5
22014,1
22020,18
22021,1
22022,11
22023,2
22026,2
22027,15
22030,4
22031,4
22034,1
22035,2
22036,3
22040,4
22041,1
22047,1
22052,1
22053,9
22054,3
22055,6
22056,10
22058,10
22060,3
22061,1
22063,11
22068,1
22069,3
22072,3
22074,6
22079,11
22081,4
22083,1
22084,3
22086,12
22088,5
22089,7
22092,2
22093,4
22094,11
22095,13
22099,1
22101,19
22103,5
22104,1
22109,2
22110,6
22111,1
22112,1
22113,13
22115,60
22117,3
22121,1
22124,2
22126,2
22128,2
22133,7
22134,10
22136,1
22138,10
22139,4
22141,1
22142,3
22144,1
22145,1
22147,1
22148,10
22152,1
22155,3
22158,1
22166,4
22173,2
22175,4
22176,1
22178,3
22179,10
22180,1
22183,1
22184,9
22190,5
22195,3
22200,5
22204,7
22208,10
22209,13
22212,1
22215,7
22217,3
22223,3
22225,1
22230,2
22232,2
22235,5
22237,10
22238,1
22239,5
22240,1
22241,1
22243,1
22244,2
22245,6
22247,4
22250,2
22251,1
22253,3
22257,1
22258,1
22261,3
22265,2
22267,10
22268,9
22270,10
22272,9
22283,4
22284,10
22286,2
22290,1
22294,1
22300,2
22304,1
22305,2
22308,3
22309,10
