uid,answer_count
1,283
2,431
3,72
4,41
5,4
8,203
9,14
11,358
14,25
15,4490
17,78
18,7
29,2
32,2
35,17
37,3
42,4
52,4
54,1
62,3
64,3
70,1
74,1
80,74
81,2
85,9
86,3
88,3
92,9
94,1
95,36
99,11
103,1
108,3
111,35
112,12
113,7
114,29
117,15
121,7
123,185
127,5
133,76
136,8
148,6
152,1
153,1
154,32
155,12
156,19
159,28
161,4
165,343
167,42
169,1
172,18
173,54
176,457
179,1
180,5
184,1
189,14
191,2
193,7
194,2
196,53
200,31
202,5
203,1
204,8
207,2
209,5
210,188
212,73
214,24
216,297
219,17
222,5
226,3
229,42
232,22
238,1
245,19
250,7
252,53
255,1
259,7
260,1
263,1
264,1
266,5
268,4
271,162
272,1
275,297
276,1
279,21
281,1
287,8
290,4
291,144
298,7
299,63
300,3
303,3
307,4
313,2
321,1
323,3
327,20
334,14
342,1
344,14
345,1
347,3
349,1
357,44
359,1
369,12
377,12
380,82
393,57
395,1
399,43
405,37
407,8
410,2
414,60
416,1
418,345
419,271
420,1
422,7
424,9
425,7
426,1
427,110
428,1
430,4
437,31
438,1
440,5
443,7
448,1
449,369
450,2
451,1
455,14
456,4
457,12
461,27
464,1
466,4
467,1
469,77
471,4
472,7
475,3
481,3
482,1
484,77
485,27
486,20
489,14
490,16
495,3
505,7
507,3
508,1
515,4
516,59
518,253
519,1
521,10
524,99
528,17
529,2
535,2
536,1
539,14
540,4
542,1
544,3
549,5
551,2
555,51
558,51
560,20
564,2
565,28
566,2
568,9
569,201
570,31
572,5
573,38
574,6
578,5
579,11
581,8
583,8
584,35
587,157
588,1
589,3
593,332
594,1
595,83
599,4
607,14
612,2
616,1
617,1
618,62
619,1
626,1
628,12
632,3
638,1
645,2
646,5
647,1
653,66
655,3
657,1
660,2
662,2
665,4
668,2
671,1
678,6
681,1
685,1
693,16
695,27
696,1
697,7
698,2
700,1
702,7
704,7
705,1
706,1
708,2
716,41
720,1
723,17
728,214
730,1
733,2
734,6
736,1
744,141
746,1
747,21
748,13
749,328
754,199
755,3
760,3
763,3
766,37
769,2
772,3
776,27
793,38
798,492
799,49
801,16
815,2
817,1
819,3
821,2
824,31
826,5
832,79
835,2
836,131
838,10
840,11
845,1
849,2
855,1
858,1
859,2
863,1
883,1
884,17
888,16
889,79
893,8
894,117
897,1
900,1
910,295
911,26
915,5
918,1
920,20
923,1
924,3
927,8
928,3
933,22
934,2
936,2
940,21
945,4
946,2
951,56
953,4
955,3
956,26
958,2
961,2
974,2
975,4
981,20
986,2
987,21
991,4
994,29
996,3
1001,84
1002,1
1005,1
1006,138
1014,1
1016,297
1018,2
1020,81
1021,175
1024,9
1028,10
1030,3
1034,8
1042,1
1043,9
1050,105
1052,5
1055,5
1061,14
1063,15
1066,133
1069,9
1073,342
1077,130
1078,30
1080,4
1082,2
1086,7
1090,1
1091,3
1097,41
1098,6
1105,36
1108,167
1110,7
1111,1
1117,1
1118,1
1120,4
1122,12
1123,1
1124,191
1126,1
1132,219
1133,1
1138,1
1146,1
1148,9
1160,5
1162,1
1170,1
1172,1
1173,5
1174,19
1175,1
1179,291
1181,7
1184,2
1185,3
1189,58
1191,106
1193,3
1197,32
1199,6
1201,2
1203,66
1210,173
1213,5
1214,1
1216,1
1217,8
1218,1
1221,7
1222,2
1223,22
1225,1
1226,52
1228,5
1229,3
1234,4
1236,2
1237,2
1238,42
1239,8
1240,1
1242,1
1245,4
1247,2
1250,1
1253,2
1254,24
1256,5
1257,1
1258,2
1261,20
1263,136
1267,2
1268,2
1270,8
1272,6
1274,5
1275,39
1279,18
1280,2
1282,15
1283,192
1290,1
1296,28
1298,3
1299,26
1300,34
1307,1
1309,9
1312,2
1319,42
1323,2
1324,20
1326,18
1328,32
1329,68
1334,2
1336,47
1337,1
1338,20
1339,38
1341,3
1342,3
1344,20
1347,15
1348,39
1350,11
1351,20
1353,1
1361,119
1363,17
1364,24
1367,1
1368,1
1369,4
1371,6
1373,2
1376,30
1380,6
1385,1
1387,9
1389,129
1391,3
1392,41
1394,1
1395,3
1403,16
1404,3
1405,5
1409,1
1414,2
1416,36
1421,19
1433,12
1434,13
1439,10
1441,2
1442,28
1443,2
1445,4
1447,2
1448,1
1450,286
1451,11
1453,1
1458,2
1465,8
1469,3
1470,121
1472,15
1478,18
1479,3
1484,71
1486,11
1487,1
1492,2
1493,9
1494,1
1495,1
1499,41
1502,1
1503,1
1506,4
1515,1
1517,4
1519,4
1528,18
1530,71
1534,2
1535,99
1536,11
1537,1
1538,29
1539,4
1541,3
1545,1
1547,4
1549,77
1550,1
1552,59
1553,42
1557,2
1559,16
1561,39
1564,12
1567,16
1568,1
1569,6
1570,10
1571,437
1574,1
1575,2
1578,3
1582,95
1584,1
1585,46
1587,22
1591,1
1593,1
1595,1
1597,1
1598,1
1601,2
1602,3
1613,2
1615,4
1618,4
1620,7
1621,2
1625,9
1626,22
1637,312
1638,54
1640,4
1643,2
1644,39
1648,9
1653,11
1654,20
1655,54
1658,1
1661,6
1662,6
1666,122
1669,4
1674,134
1676,2
1677,2
1678,9
1680,1
1685,8
1686,17
1687,6
1692,2
1698,1
1702,8
1703,31
1705,1
1706,18
1707,5
1708,2
1710,28
1714,28
1719,4
1721,1
1722,95
1723,1
1729,67
1730,1
1734,34
1736,25
1738,1
1741,8
1745,1
1750,2
1756,3
1762,4
1765,23
1766,255
1770,2
1771,5
1772,1
1777,122
1779,120
1782,2
1783,7
1784,62
1786,8
1789,74
1801,1
1803,4
1805,38
1815,48
1816,14
1817,2
1820,372
1821,1
1829,17
1832,3
1835,2
1836,3
1839,1
1842,7
1847,6
1848,13
1853,1
1854,5
1855,11
1858,4
1861,1
1862,1
1879,2
1881,6
1884,1
1887,2
1891,3
1893,1
1896,4
1900,2
1902,28
1907,37
1908,2
1909,1
1919,42
1925,1
1927,242
1931,2
1938,3
1940,29
1945,2
1946,105
1949,2
1951,8
1958,1
1961,4
1962,19
1964,3
1967,59
1969,2
1971,7
1974,3
1975,7
1979,32
1984,1
1986,174
1988,1
1994,1
2002,9
2003,4
2013,1
2016,1
2019,2
2020,1
2021,1
2033,1
2035,1
2036,1
2039,6
2045,1
2046,1
2048,17
2053,15
2054,155
2055,13
2057,6
2058,155
2064,3
2065,38
2066,1
2067,43
2069,1
2070,7
2074,2
2075,9
2086,2
2090,1
2096,2
2097,2
2101,134
2105,2
2107,2
2110,3
2112,1
2121,24
2122,2
2123,6
2124,3
2125,2
2129,3
2131,3
2132,5
2133,4
2144,11
2145,27
2147,64
2151,2
2152,2
2159,1
2164,8
2166,4
2167,69
2171,2
2173,2
2174,1
2175,2
2181,2
2189,11
2192,1
2206,22
2207,3
2209,4
2223,2
2225,27
2226,25
2228,1
2230,1
2231,13
2241,1
2243,22
2247,12
2248,1
2251,1
2253,2
2256,13
2257,1
2260,1
2265,1
2266,1
2268,44
2273,4
2275,3
2284,4
2285,1
2296,314
2299,2
2303,1
2305,23
2307,3
2309,277
2311,1
2312,31
2314,26
2315,1
2317,7
2319,1
2323,2
2327,1
2329,100
2333,99
2334,1
2335,7
2336,1
2341,9
2348,1
2349,16
2351,3
2353,1
2355,4
2360,88
2377,2
2380,1
2381,13
2382,2
2394,13
2397,1
2398,1
2403,1
2406,1
2407,1
2409,81
2410,101
2417,1
2427,6
2428,3
2429,1
2430,1
2431,1
2438,1
2440,1
2454,1
2457,1
2464,2
2467,11
2468,4
2477,5
2478,2
2481,10
2482,40
2488,1
2490,4
2494,1
2495,1
2502,7
2508,1
2512,2
2515,6
2524,5
2528,5
2532,270
2533,79
2543,1
2544,1
2545,1
2549,1
2552,24
2553,18
2555,23
2557,7
2560,5
2561,16
2562,1
2565,1
2612,1
2613,41
2616,4
2635,1
2640,1
2642,1
2644,2
2647,1
2648,1
2649,1
2651,10
2652,1
2655,1
2657,6
2662,12
2663,2
2666,1
2669,2
2673,8
2675,1
2679,1
2681,8
2686,16
2688,1
2691,1
2694,6
2697,1
2701,1
2705,2
2706,1
2707,1
2710,32
2713,4
2718,1
2722,19
2723,1
2727,1
2728,2
2730,4
2735,22
2744,4
2747,5
2759,1
2765,10
2771,66
2777,4
2782,2
2784,5
2785,2
2786,1
2791,29
2795,3
2796,1
2804,22
2806,7
2808,1
2809,3
2813,4
2814,139
2818,1
2828,12
2829,1
2832,1
2835,2
2836,29
2841,3
2842,1
2843,1
2846,15
2852,16
2853,1
2857,1
2858,350
2859,6
2862,8
2865,1
2871,11
2874,6
2876,2
2881,3
2895,1
2898,42
2900,2
2901,23
2911,1
2912,1
2914,2
2915,1
2918,7
2921,1
2927,1
2930,42
2932,2
2937,1
2938,20
2939,6
2940,1
2944,4
2948,1
2949,3
2958,1
2959,3
2960,8
2961,15
2962,47
2964,3
2965,2
2972,1
2975,1
2978,1
2979,2
2983,13
2984,182
2985,8
2988,5
2992,22
2995,8
2997,1
3000,1
3007,1
3009,6
3010,1
3012,414
3013,1
3014,1
3015,1
3018,1
3020,20
3022,51
3023,1
3024,1
3026,1
3027,9
3028,4
3030,1
3031,1
3034,1
3035,1
3039,3
3041,36
3042,43
3043,3
3044,1
3048,2
3053,6
3062,1
3063,3
3065,21
3068,2
3069,1
3071,1
3072,2
3074,1
3075,9
3080,1
3081,1
3093,1
3094,1
3105,20
3106,1
3107,1
3122,1
3123,7
3125,6
3128,20
3129,1
3132,1
3140,2
3144,6
3151,15
3155,6
3162,9
3164,2
3166,1
3170,2
3172,1
3174,2
3176,1
3179,1
3180,1
3181,1
3182,1
3186,1
3192,5
3195,1
3196,7
3197,7
3198,3
3201,10
3202,3
3205,18
3212,95
3213,8
3214,19
3216,39
3218,1
3219,3
3224,18
3225,4
3229,2
3237,16
3238,1
3240,22
3250,1
3262,1
3263,1
3269,25
3270,1
3271,4
3273,1
3274,1
3275,1
3279,1
3294,2
3295,2
3297,1
3300,2
3302,5
3305,7
3308,69
3311,16
3317,123
3319,21
3320,27
3323,1
3324,89
3325,1
3335,1
3338,64
3339,3
3343,1
3344,13
3345,1
3359,1
3361,2
3362,15
3365,1
3366,3
3368,1
3371,1
3373,15
3375,1
3376,1
3378,1
3384,1
3385,1
3386,5
3388,5
3401,1
3403,2
3409,5
3410,5
3411,1
3412,2
3457,2
3458,1
3471,1
3474,1
3480,2
3481,1
3482,11
3483,1
3484,49
3486,1
3487,270
3497,28
3498,1
3500,2
3501,30
3504,38
3508,1
3512,1
3516,7
3523,2
3532,95
3537,9
3540,2
3541,102
3543,1
3544,3
3558,1
3559,2
3561,3
3565,1
3569,3
3570,23
3583,2
3586,1
3590,1
3591,6
3592,484
3596,1
3597,2
3602,3
3603,2
3604,1
3608,1
3613,1
3614,5
3615,22
3616,53
3618,4
3619,9
3620,2
3622,1
3623,1
3627,97
3629,6
3630,1
3633,1
3635,4
3636,1
3638,1
3641,3
3642,2
3643,1
3644,3
3645,8
3647,4
3648,5
3650,1
3652,1
3654,1
3656,4
3657,3
3658,11
3659,2
3662,3
3663,60
3668,1
3670,1
3671,2
3672,1
3673,1
3678,2
3682,3
3683,7
3684,9
3685,449
3693,25
3695,1
3699,5
3700,459
3706,2
3707,5
3708,1
3709,50
3711,1
3712,5
3718,11
3723,1
3729,11
3730,9
3731,2
3732,1
3740,3
3744,57
3747,3
3748,6
3750,2
3751,1
3755,3
3757,49
3762,1
3765,2
3769,1
3917,2
4025,1
4029,1
4033,2
4035,1
4039,1
4040,2
4042,1
4044,1
4048,3
4049,1
4052,4
4053,10
4055,3
4058,5
4060,5
4061,3
4062,2
4063,3
4064,1
4065,2
4069,1
4071,5
4072,5
4083,1
4100,4
4101,2
4106,1
4109,1
4111,2
4118,30
4123,1
4126,2
4131,2
4134,4
4139,1
4148,3
4152,1
4161,1
4199,1
4209,1
4210,5
4211,2
4218,1
4222,111
4231,1
4232,1
4234,3
4235,5
4239,1
4244,2
4245,1
4248,1
4257,5
4295,1
4296,76
4299,1
4313,1
4318,7
4319,1
4321,2
4324,1
4329,59
4330,1
4331,1
4332,6
4333,1
4334,44
4337,1
4339,1
4346,60
4351,9
4363,2
4366,1
4368,1
4369,89
4371,1
4372,1
4373,1
4379,2
4382,1
4386,2
4391,3
4397,2
4400,1
4410,154
4413,10
4415,1
4421,1
4429,2
4434,1
4436,14
4437,1
4439,19
4440,1
4443,3
4447,1
4449,1
4451,2
4452,1
4453,1
4454,1
4455,6
4456,51
4457,2
4467,2
4474,10
4482,2
4486,1
4487,8
4488,4
4489,3
4491,4
4498,5
4499,176
4514,1
4518,1
4520,28
4521,1
4523,1
4524,4
4525,497
4532,1
4537,1
4546,8
4554,1
4557,1
4560,2
4563,40
4564,2
4566,1
4570,23
4591,4
4612,1
4615,10
4643,14
4676,4
4679,2
4691,65
4693,23
4697,2
4702,1
4707,1
4718,1
4724,480
4730,3
4731,20
4732,1
4733,4
4734,1
4736,1
4739,1
4748,2
4749,1
4761,1
4765,13
4766,29
4773,1
4775,1
4779,1
4783,10
4797,1
4799,5
4803,66
4806,2
4808,2
4813,1
4818,5
4819,1
4820,6
4822,1
4824,1
4826,1
4830,1
4831,1
4836,1
4841,33
4843,1
4856,9
4857,1
4860,1
4867,22
4874,2
4875,2
4877,1
4886,1
4887,390
4889,1
4893,1
4896,14
4898,2
4899,5
4903,1
4905,1
4906,37
4930,1
4931,3
4932,121
4949,1
4953,1
4959,9
4961,1
4965,1
4966,3
4971,12
4977,3
4983,1
4984,67
4985,1
4987,1
4989,2
4990,1
4991,1
4992,2
4995,2
4996,1
4998,4
5000,152
5002,1
5007,1
5008,10
5012,1
5013,1
5016,7
5030,8
5035,2
5038,1
5045,103
5046,2
5047,1
5049,1
5054,1
5057,1
5069,1
5071,3
5074,2
5076,2
5077,4
5083,2
5084,1
5085,3
5111,2
5119,1
5121,6
5122,1
5125,21
5126,6
5127,7
5133,1
5135,2
5144,1
5149,15
5150,2
5151,1
5156,1
5158,1
5159,1
5160,2
5165,2
5166,1
5167,36
5170,2
5173,1
5175,2
5176,1
5178,17
5182,9
5186,13
5187,1
5188,1
5189,1
5191,1
5192,8
5197,1
5204,1
5208,2
5210,1
5211,4
5212,1
5214,1
5225,2
5233,1
5240,12
5241,1
5248,9
5252,4
5257,3
5259,1
5267,1
5272,2
5277,1
5278,2
5279,1
5283,1
5285,1
5289,1
5291,4
5297,2
5302,1
5304,3
5306,2
5310,21
5313,1
5315,1
5317,3
5319,1
5324,1
5325,1
5333,5
5335,1
5336,9
5338,9
5339,8
5342,6
5344,1
5345,6
5346,3
5348,1
5352,1
5354,1
5356,2
5357,2
5359,1
5361,1
5362,7
5364,1
5365,6
5372,1
5373,3
5376,1
5382,85
5383,2
5390,247
5391,1
5393,18
5395,1
5403,2
5406,6
5407,5
5408,4
5428,7
5431,70
5438,105
5439,7
5440,1
5452,3
5460,6
5468,54
5473,28
5476,1
5477,1
5488,8
5493,1
5499,1
5502,2
5505,1
5509,6
5511,174
5513,46
5514,1
5515,5
5517,1
5520,8
5521,9
5527,1
5529,1
5537,19
5541,1
5542,2
5544,12
5551,3
5558,5
5572,43
5575,1
5580,1
5589,2
5591,1
5594,2
5596,1
5597,1
5598,1
5604,1
5606,46
5611,4
5614,1
5615,112
5617,1
5618,1
5620,5
5628,16
5632,4
5634,1
5635,2
5636,5
5640,9
5641,1
5643,4
5652,1
5654,10
5658,6
5660,18
5664,4
5665,4
5666,4
5676,15
5680,8
5682,2
5686,4
5687,7
5690,5
5699,12
5706,1
5707,54
5709,4
5711,2
5714,1
5715,1
5721,18
5722,50
5728,1
5729,5
5736,11
5740,1
5760,30
5764,1
5770,28
5773,1
5780,3
5784,7
5786,1
5791,2
5800,3
5805,39
5806,38
5812,36
5820,1
5824,1
5825,1
5827,24
5838,4
5843,11
5847,4
5851,51
5852,70
5861,57
5864,2
5868,1
5874,2
5878,1
5890,2
5891,1
5892,11
5896,1
5898,4
5900,2
5902,1
5907,4
5908,4
5913,2
5919,1
5924,34
5928,2
5935,2
5942,4
5947,39
5958,1
5965,26
5970,1
5971,24
5976,93
5999,16
6001,1
6002,1
6003,47
6005,1
6012,10
6016,60
6020,1
6021,14
6023,4
6024,6
6025,1
6029,3
6035,35
6038,2
6048,1
6052,3
6053,1
6056,123
6064,10
6066,2
6075,76
6076,50
6078,42
6079,1
6083,1
6085,3
6090,1
6092,114
6094,1
6097,3
6098,1
6099,1
6105,1
6106,1
6107,2
6108,6
6112,14
6115,1
6119,1
6126,4
6127,1
6136,1
6147,1
6148,2
6151,3
6152,2
6153,4
6157,2
6159,1
6160,1
6165,1
6166,4
6168,4
6171,300
6179,5
6181,2
6186,10
6187,1
6190,145
6191,1
6193,10
6194,73
6198,1
6203,23
6204,22
6207,9
6208,7
6212,2
6218,8
6220,1
6225,3
6231,6
6232,5
6233,1
6234,1
6235,3
6236,3
6237,1
6238,3
6240,13
6241,10
6242,3
6243,2
6246,11
6258,1
6259,1
6261,6
6265,2
6269,1
6271,1
6275,209
6276,9
6279,10
6288,30
6292,1
6293,36
6295,2
6297,1
6298,5
6299,1
6301,3
6309,7
6310,1
6311,1
6312,1
6313,15
6314,6
6316,1
6317,1
6319,45
6320,30
6321,1
6326,16
6328,1
6330,4
6331,1
6333,18
6336,7
6338,6
6341,16
6345,27
6347,2
6349,1
6350,1
6351,1
6352,20
6353,2
6358,125
6363,1
6368,5
6369,1
6380,37
6388,11
6389,18
6399,1
6401,1
6405,38
6414,1
6420,1
6425,2
6427,10
6434,2
6437,1
6446,4
6449,6
6450,31
6453,2
6457,6
6462,1
6466,7
6469,1
6480,11
6481,2
6483,16
6488,2
6489,80
6493,14
6494,32
6496,3
6498,1
6499,7
6504,2
6508,30
6511,1
6516,6
6523,1
6525,71
6527,3
6528,1
6534,3
6535,1
6537,14
6539,20
6540,22
6541,2
6544,8
6545,19
6547,3
6549,47
6555,6
6556,4
6558,29
6562,11
6567,1
6570,2
6571,9
6573,262
6575,3
6576,30
6579,1
6580,1
6586,42
6590,1
6591,33
6594,3
6596,59
6598,26
6602,3
6603,3
6605,1
6606,156
6607,1
6608,1
6609,35
6613,3
6614,1
6615,3
6616,50
6618,34
6622,14
6623,1
6634,29
6638,3
6640,8
6642,46
6645,4
6646,1
6648,1
6649,41
6655,4
6656,1
6664,1
6667,269
6668,2
6671,287
6672,22
6673,29
6681,6
6682,2
6683,1
6685,1
6690,31
6692,1
6694,1
6698,4
6699,1
6700,17
6703,1
6704,1
6705,14
6706,17
6708,52
6711,1
6714,2
6715,4
6720,1
6721,1
6723,1
6725,6
6727,15
6728,18
6730,3
6731,5
6732,19
6737,14
6741,1
6742,1
6744,3
6745,13
6748,1
6749,6
6750,2
6751,2
6753,1
6754,5
6756,1
6757,1
6758,1
6763,122
6764,2
6765,3
6767,16
6771,1
6772,1
6773,7
6774,3
6775,1
6777,1
6778,4
6780,3
6781,2
6782,5
6786,6
6788,1
6791,1
6793,11
6794,35
6796,3
6802,2
6803,3
6807,2
6811,1
6812,5
6814,2
6816,1
6819,1
6824,12
6830,1
6835,1
6838,31
6840,1
6844,3
6845,2
6847,3
6856,60
6860,18
6863,32
6865,1
6868,222
6870,1
6871,29
6874,113
6875,27
6876,1
6879,1
6881,1
6882,1
6884,1
6886,3
6888,1
6890,7
6891,1
6894,1
6903,10
6904,1
6905,1
6906,1
6908,1
6909,2
6910,9
6913,3
6915,2
6917,2
6923,1
6924,9
6925,1
6928,3
6929,1
6931,1
6933,1
6934,11
6936,1
6938,5
6940,3
6942,7
6946,33
6951,1
6952,46
6954,12
6957,3
6958,1
6965,1
6967,82
6972,4
6974,10
6979,1
6980,11
6983,1
6984,15
6988,1
6992,1
6993,25
7003,5
7006,1
7008,6
7010,2
7011,1
7017,11
7018,2
7026,4
7032,1
7043,1
7044,3
7047,3
7048,4
7054,1
7055,5
7057,1
7060,1
7066,3
7067,8
7068,4
7072,3
7077,1
7078,1
7079,1
7085,9
7086,5
7087,2
7088,1
7091,5
7092,1
7093,8
7095,8
7097,7
7098,50
7100,1
7103,1
7104,6
7105,1
7106,19
7107,1
7110,1
7111,1
7113,37
7114,5
7115,10
7116,5
7118,2
7120,2
7121,192
7126,4
7133,1
7135,1
7136,2
7142,117
7143,2
7146,5
7147,1
7150,1
7156,1
7157,4
7160,1
7162,4
7163,3
7164,1
7165,4
7170,3
7171,1
7175,1
7177,1
7178,1
7183,25
7186,3
7187,5
7188,2
7194,1
7195,2
7196,26
7201,2
7202,1
7204,2
7216,3
7218,9
7219,1
7221,3
7225,80
7232,1
7234,14
7235,1
7236,8
7241,4
7242,4
7243,13
7244,1
7246,5
7247,24
7249,63
7253,1
7254,1
7255,20
7256,23
7257,2
7258,2
7260,1
7264,2
7268,1
7269,3
7270,9
7272,12
7276,20
7278,1
7281,77
7283,1
7285,1
7286,4
7290,1
7291,5
7293,1
7294,1
7295,31
7297,1
7299,1
7302,54
7303,3
7307,1
7314,1
7322,23
7324,1
7325,5
7327,1
7330,48
7336,6
7337,10
7340,1
7345,1
7346,1
7351,1
7353,4
7355,3
7356,4
7357,5
7358,1
7361,1
7363,4
7365,8
7370,8
7374,1
7375,167
7379,17
7380,1
7382,2
7383,2
7384,14
7388,1
7390,11
7392,1
7394,1
7399,1
7401,1
7406,1
7408,1
7409,1
7410,1
7411,1
7412,28
7413,20
7414,4
7416,1
7418,8
7419,1
7420,1
7423,1
7426,2
7427,15
7429,9
7430,3
7432,1
7433,24
7434,1
7437,74
7438,4
7439,3
7442,5
7449,6
7454,2
7457,7
7458,3
7460,1
7461,10
7464,1
7467,2
7470,59
7471,1
7472,35
7479,1
7481,3
7483,2
7485,473
7490,200
7491,3
7493,3
7494,31
7495,3
7496,105
7507,5
7509,4
7510,24
7511,5
7515,1
7516,100
7517,1
7518,14
7519,1
7520,5
7521,28
7522,3
7526,18
7528,134
7529,6
7531,1
7532,1
7533,2
7534,1
7539,1
7540,22
7541,3
7543,41
7546,2
7550,20
7551,116
7553,362
7554,3
7555,3
7557,3
7560,1
7563,1
7566,3
7568,5
7571,6
7573,1
7574,6
7575,1
7576,3
7578,5
7579,3
7581,1
7582,1
7583,3
7584,2
7591,1
7592,19
7593,2
7599,21
7601,154
7602,24
7606,1
7608,5
7609,12
7610,1
7612,1
7613,1
7615,1
7616,1
7619,1
7620,2
7622,1
7623,1
7625,5
7627,4
7628,1
7630,14
7631,1
7633,1
7634,1
7637,3
7640,1
7643,1
7646,5
7650,1
7651,1
7652,1
7653,2
7654,7
7656,4
7662,63
7665,3
7666,2
7668,2
7669,1
7670,3
7671,1
7673,1
7681,2
7683,7
7684,1
7689,14
7691,10
7694,1
7700,1
7702,1
7708,1
7710,1
7715,1
7722,1
7724,1
7725,26
7727,1
7728,2
7731,1
7732,2
7736,9
7743,1
7744,1
7745,4
7749,2
7751,6
7753,2
7754,2
7761,6
7763,1
7766,2
7767,1
7769,3
7771,1
7772,1
7773,14
7776,2
7777,1
7779,1
7785,18
7786,1
7788,2
7793,1
7794,147
7798,18
7801,2
7802,3
7808,19
7810,1
7815,56
7816,3
7817,2
7820,1
7822,1
7824,3
7826,8
7827,23
7829,181
7831,2
7832,5
7834,47
7835,1
7838,2
7839,1
7844,3
7846,2
7848,20
7850,1
7853,4
7854,1
7856,1
7857,16
7859,3
7863,8
7864,1
7867,34
7868,3
7869,14
7870,6
7878,48
7880,3
7881,1
7887,66
7890,52
7894,41
7897,19
7899,1
7907,1
7915,1
7920,1
7921,2
7922,5
7923,9
7927,1
7929,1
7931,10
7933,8
7934,129
7936,2
7938,1
7946,1
7949,1
7950,12
7953,1
7954,2
7960,1
7964,310
7965,8
7966,14
7969,125
7980,13
7982,1
7986,4
7988,8
7996,2
7997,161
7998,1
8007,1
8009,1
8013,1
8016,2
8020,1
8021,2
8022,24
8023,131
8027,4
8028,3
8029,7
8030,1
8034,23
8036,1
8039,83
8041,1
8049,1
8050,5
8052,1
8053,1
8054,3
8055,6
8061,3
8066,32
8068,1
8070,7
8072,2
8077,2
8080,5
8083,2
8085,1
8086,5
8087,7
8090,3
8091,2
8099,1
8103,2
8106,1
8107,2
8108,2
8110,5
8113,9
8115,1
8116,4
8117,3
8124,1
8125,11
8133,1
8142,1
8150,28
8154,21
8155,5
8156,4
8157,12
8160,17
8165,6
8166,64
8177,1
8182,1
8186,3
8192,1
8195,1
8197,68
8200,1
8201,11
8203,38
8205,3
8207,1
8209,27
8216,1
8217,1
8221,2
8225,6
8229,5
8234,1
8235,18
8240,5
8244,14
8247,11
8249,2
8256,43
8257,16
8260,1
8262,6
8264,13
8268,1
8269,4
8271,3
8272,7
8275,85
8277,3
8285,2
8289,1
8290,4
8299,1
8304,32
8305,2
8306,1
8308,10
8310,13
8312,14
8315,1
8319,2
8320,4
8321,132
8327,3
8328,13
8329,1
8332,1
8333,2
8337,1
8343,1
8346,9
8348,1
8350,1
8352,6
8354,12
8358,3
8362,1
8364,1
8365,1
8366,2
8374,3
8376,3
8380,14
8382,23
8386,19
8389,6
8391,1
8392,6
8394,14
8395,5
8397,3
8398,2
8399,6
8400,2
8410,6
8411,2
8413,1
8414,2
8416,2
8420,1
8422,4
8423,33
8426,5
8431,2
8438,30
8439,2
8446,1
8450,6
8457,5
8461,11
8468,12
8476,2
8479,6
8480,37
8483,325
8484,12
8488,3
8498,1
8500,17
8506,4
8507,73
8512,25
8518,4
8522,105
8526,3
8528,1
8529,1
8533,8
8536,5
8539,3
8542,33
8550,5
8553,1
8558,1
8560,1
8563,1
8570,1
8576,64
8577,2
8578,1
8581,1
8584,2
8585,4
8586,6
8587,13
8589,7
8593,1
8594,2
8598,1
8600,72
8603,14
8604,95
8606,40
8607,1
8610,2
8614,16
8616,51
8623,27
8625,3
8630,10
8632,1
8633,543
8635,4
8636,24
8637,9
8638,15
8640,28
8645,87
8647,1
8648,28
8652,1
8655,10
8658,1
8662,1
8663,3
8669,2
8672,1
8674,1
8677,1
8678,2
8681,2
8683,1
8684,1
8685,46
8688,2
8689,1
8694,11
8699,10
8702,14
8704,20
8705,20
8706,2
8707,2
8708,7
8709,16
8713,3
8716,1
8720,2
8725,1
8733,4
8742,19
8743,4
8746,3
8748,5
8751,6
8754,2
8757,3
8766,2
8769,16
8775,5
8777,2
8785,81
8786,2
8790,1
8792,202
8794,1
8795,4
8801,2
8807,3
8819,3
8828,1
8830,2
8834,10
8836,1
8841,54
8847,41
8849,7
8850,23
8852,1
8858,5
8864,2
8865,2
8870,14
8872,68
8873,1
8877,2
8884,3
8885,1
8886,6
8889,8
8891,13
8893,9
8896,1
8897,37
8898,3
8899,7
8900,1
8906,11
8916,29
8918,1
8919,11
8922,3
8926,2
8929,1
8933,1
8935,25
8937,2
8946,41
8948,1
8954,17
8956,13
8960,2
8965,8
8969,19
8970,1
8973,1
8978,76
8982,16
8986,18
8987,57
8988,90
8990,1
8992,69
8998,3
9000,2
9009,14
9013,10
9014,53
9019,1
9022,5
9024,4
9026,8
9043,1
9046,2
9051,2
9052,1
9054,26
9055,1
9062,1
9063,105
9065,5
9066,1
9073,48
9080,7
9082,15
9093,1
9095,11
9100,2
9104,1
9106,1
9109,17
9110,4
9116,92
9117,1
9125,2
9126,4
9137,27
9142,1
9143,4
9148,6
9159,4
9164,10
9166,1
9171,17
9182,2
9185,2
9186,2
9187,1
9190,1
9195,2
9204,1
9207,2
9208,3
9213,2
9217,6
9221,1
9224,7
9225,1
9231,1
9233,7
9235,2
9236,13
9241,2
9242,3
9244,1
9250,1
9251,11
9253,16
9256,1
9259,2
9260,2
9262,2
9279,6
9280,1
9284,1
9289,2
9297,200
9301,12
9302,1
9304,223
9305,3
9308,3
9313,25
9319,1
9321,1
9322,1
9325,1
9332,1
9334,1
9336,17
9338,3
9342,1
9344,3
9346,1
9348,106
9349,5
9350,2
9352,8
9360,2
9364,4
9365,1
9367,3
9374,1
9378,1
9380,2
9382,24
9384,21
9387,4
9388,7
9389,1
9391,1
9394,4
9397,49
9398,5
9400,4
9404,1
9407,2
9409,1
9413,2
9424,4
9426,1
9431,11
9432,9
9434,4
9438,1
9442,1
9445,7
9450,2
9454,12
9455,45
9456,2
9460,27
9464,1
9466,1
9468,4
9474,2
9475,2
9480,3
9482,1
9484,1
9489,2
9499,11
9501,1
9504,1
9508,112
9511,1
9515,4
9518,3
9522,44
9526,4
9536,1
9538,2
9542,1
9543,1
9544,4
9546,1
9547,1
9548,8
9550,3
9552,2
9553,3
9554,80
9555,105
9556,6
9559,4
9563,1
9568,2
9569,1
9570,15
9571,1
9574,2
9580,20
9590,1
9592,1
9593,2
9595,1
9596,18
9597,2
9599,54
9600,66
9602,1
9606,12
9607,2
9614,1
9621,1
9622,1
9637,43
9639,1
9642,1
9644,2
9647,1
9649,2
9655,20
9656,3
9661,2
9664,1
9670,1
9673,156
9677,112
9680,1
9681,22
9683,9
9684,3
9686,17
9688,11
9692,1
9693,1
9694,1
9701,3
9704,1
9706,43
9707,8
9709,26
9715,3
9716,5
9721,1
9724,17
9730,1
9733,1
9740,5
9750,1
9753,10
9757,1
9763,1
9765,7
9768,1
9769,6
9774,1
9780,3
9781,12
9783,1
9784,1
9787,174
9788,1
9790,9
9792,2
9793,1
9796,26
9808,1
9811,1
9818,26
9819,13
9820,1
9821,32
9826,9
9828,1
9831,2
9833,5
9839,1
9840,1
9844,1
9846,132
9849,4
9851,14
9858,3
9861,16
9862,115
9868,10
9871,1
9877,5
9878,2
9879,1
9880,1
9881,1
9885,30
9886,1
9889,2
9893,1
9895,2
9896,1
9897,1
9901,8
9903,7
9908,8
9910,8
9914,1
9918,1
9919,27
9921,5
9922,7
9923,3
9925,5
9932,37
9936,1
9943,1
9945,1
9946,1
9949,9
9950,1
9953,1
9957,11
9964,1
9968,1
9969,15
9971,2
9975,2
9977,5
9981,2
9982,2
9989,1
9992,4
9999,6
10005,1
10008,2
10010,3
10013,55
10015,8
10033,1
10035,5
10036,1
10040,3
10042,1
10045,1
10059,16
10060,113
10069,2
10074,2
10076,1
10080,1
10084,2
10086,11
10097,2
10099,1
10101,1
10102,2
10104,1
10110,1
10111,1
10114,12
10122,1
10123,3
10128,1
10135,1
10137,1
10139,3
10140,5
10144,1
10149,2
10152,6
10153,7
10159,19
10161,2
10163,1
10169,19
10182,1
10183,3
10189,3
10190,1
10193,3
10204,1
10208,4
10210,1
10212,2
10216,3
10218,80
10219,1
10224,1
10225,1
10227,3
10228,1
10232,1
10239,2
10249,2
10255,1
10258,1
10259,1
10260,1
10264,1
10267,1
10284,3
10285,1
10290,5
10292,1
10304,2
10305,1
10314,16
10318,17
10320,2
10324,46
10332,9
10334,1
10345,2
10351,6
10362,5
10372,183
10376,1
10377,1
10381,3
10382,2
10386,7
10387,1
10390,1
10394,2
10397,7
10398,1
10399,1
10403,2
10405,4
10407,1
10409,19
10411,15
10421,23
10428,50
10430,1
10431,1
10434,1
10435,4
10436,10
10440,5
10447,10
10448,32
10449,1
10451,4
10462,1
10475,3
10479,1
10481,25
10483,15
10497,1
10500,1
10503,5
10504,1
10505,3
10506,1
10510,6
10512,4
10520,2
10522,3
10524,5
10525,2
10528,31
10531,2
10532,2
10535,4
10537,8
10545,1
10552,2
10554,1
10561,1
10562,1
10565,2
10566,1
10568,25
10572,13
10575,3
10576,2
10578,1
10579,1
10581,2
10582,1
10584,1
10585,2
10589,2
10592,1
10595,2
10596,1
10597,2
10599,1
10608,1
10609,1
10615,2
10616,3
10617,2
10622,1
10626,3
10627,1
10628,1
10632,1
10636,2
10637,1
10638,1
10640,4
10643,1
10648,1
10649,4
10653,2
10657,2
10659,1
10660,4
10664,1
10665,1
10669,1
10674,1
10677,23
10678,2
10680,1
10684,1
10685,68
10686,2
10687,3
10688,1
10689,1
10690,4
10693,2
10694,1
10698,1
10699,1
10700,1
10702,2
10703,1
10704,10
10711,1
10712,120
10713,2
10716,1
10718,4
10721,2
10723,1
10724,1
10726,1
10728,1
10729,1
10732,1
10735,2
10736,1
10743,1
10744,2
10749,1
10750,2
10751,1
10756,14
10763,1
10765,2
10770,2
10773,1
10775,11
10778,4
10779,2
10785,1
10790,1
10792,2
10793,2
10801,10
10803,1
10804,1
10805,17
10806,1
10811,10
10815,1
10821,4
10827,2
10837,15
10840,1
10845,3
10853,15
10856,11
10862,13
10864,8
10865,87
10868,58
10871,1
10872,1
10874,5
10875,5
10883,1
10893,2
10895,3
10896,10
10904,1
10910,9
10917,62
10918,67
10921,1
10923,1
10932,2
10936,17
10940,1
10942,1
10943,3
10945,1
10952,4
10958,2
10961,1
10966,4
10967,12
10981,2
10988,1
10990,1
10992,13
11077,1
11078,3
11079,5
11080,85
11082,15
11084,1
11085,2
11086,2
11087,1
11095,2
11096,7
11097,1
11098,2
11099,21
11100,28
11101,2
11104,2
11108,1
11113,18
11114,1
11115,15
11117,2
11130,38
11132,2
11134,2
11143,25
11152,5
11154,20
11155,1
11157,3
11159,1
11160,239
11166,6
11170,16
11177,1
11178,4
11179,6
11182,5
11185,1
11192,1
11193,1
11196,7
11197,1
11198,3
11199,1
11200,1
11201,5
11202,133
11203,1
11204,2
11208,3
11210,1
11211,11
11212,1
11213,10
11216,4
11217,17
11218,1
11221,35
11227,2
11232,1
11233,4
11237,38
11238,1
11239,8
11241,1
11242,6
11245,5
11247,1
11248,76
11251,2
11252,2
11254,3
11257,4
11271,2
11273,1
11275,3
11276,1
11281,1
11284,2
11286,1
11292,2
11293,1
11296,1
11297,2
11300,1
11309,6
11319,21
11321,3
11330,7
11335,9
11336,6
11340,20
11341,3
11342,7
11344,13
11345,5
11347,1
11350,2
11357,4
11358,7
11360,10
11362,9
11364,5
11367,9
11368,14
11369,7
11370,3
11371,1
11376,1
11377,1
11378,1
11379,1
11380,102
11381,4
11385,9
11389,1
11390,1
11393,3
11395,2
11396,3
11420,33
11424,6
11426,4
11428,5
11430,5
11439,1
11440,1
11442,3
11443,2
11446,2
11447,12
11448,1
11449,1
11454,1
11456,44
11461,1
11467,2
11471,9
11475,2
11480,1
11482,4
11486,2
11487,5
11488,3
11489,28
11491,6
11492,1
11497,16
11498,41
11499,1
11502,2
11504,3
11505,8
11506,4
11507,2
11509,1
11512,46
11514,1
11515,1
11518,15
11519,4
11526,1
11527,2
11529,3
11530,27
11531,6
11534,10
11535,1
11536,1
11540,3
11543,2
11545,3
11550,1
11554,9
11555,64
11556,3
11557,5
11565,1
11567,2
11568,1
11571,2
11572,2
11574,1
11575,3
11576,1
11579,7
11589,27
11590,1
11592,47
11601,219
11610,1
11612,1
11613,12
11616,1
11618,3
11625,1
11631,1
11635,1
11658,6
11662,10
11673,1
11684,1
11685,1
11686,5
11687,1
11689,1
11692,3
11710,25
11713,1
11715,46
11718,59
11722,21
11725,49
11726,1
11728,4
11730,29
11735,5
11739,9
11748,1
11753,2
11755,11
11758,10
11759,19
11767,16
11774,6
11776,3
11777,3
11784,2
11785,1
11787,18
11789,5
11791,1
11792,16
11795,3
11796,14
11797,5
11799,1
11800,2
11804,101
11820,86
11821,3
11822,2
11823,5
11825,5
11834,1
11835,5
11838,1
11839,14
11846,51
11853,2
11857,11
11858,1
11860,8
11868,1
11869,1
11876,10
11881,2
11884,3
11898,1
11904,2
11917,5
11920,22
11921,1
11928,83
11933,30
11934,8
11935,1
11936,1
11937,2
11938,1
11939,1
11943,6
11945,1
11946,33
11948,3
11949,1
11950,6
11951,1
11953,1
11954,11
11956,5
11962,32
11963,3
11967,2
11974,1
11976,7
11977,1
11979,4
11980,1
11981,4
11982,25
11984,1
11986,9
11988,1
11998,25
12000,1
12002,1
12004,1
12011,5
12016,13
12017,1
12021,11
12025,3
12026,2
12029,2
12033,3
12035,17
12037,24
12041,68
12050,2
12052,4
12053,5
12056,6
12062,1
12063,2
12066,2
12067,38
12068,1
12070,1
12071,16
12078,1
12080,79
12082,1
12085,2
12086,19
12094,1
12097,1
12098,1
12104,3
12105,2
12111,1
12113,1
12114,1
12115,1
12116,1
12117,5
12118,1
12122,1
12126,1
12128,5
12130,1
12132,1
12134,1
12135,1
12137,2
12143,2
12144,1
12146,1
12147,24
12149,5
12157,2
12158,2
12160,6
12161,12
12163,9
12171,3
12183,6
12184,9
12186,4
12188,1
12189,95
12191,2
12192,12
12195,1
12197,1
12205,1
12206,1
12208,1
12211,148
12212,1
12213,1
12215,1
12216,60
12217,6
12222,44
12223,2
12225,4
12226,1
12229,1
12230,6
12231,1
12238,4
12242,5
12243,6
12244,7
12254,1
12256,3
12258,3
12259,1
12260,25
12263,1
12266,2
12267,81
12268,1
12269,3
12274,32
12276,47
12277,2
12280,2
12281,1
12282,2
12283,3
12286,1
12288,1
12290,1
12291,4
12295,1
12296,1
12297,123
12299,3
12305,1
12306,1
12310,16
12311,37
12312,1
12313,8
12314,1
12318,1
12319,4
12320,2
12324,39
12329,1
12332,25
12334,1
12340,1
12342,2
12343,23
12348,1
12349,5
12350,1
12356,2
12362,1
12381,13
12385,2
12386,3
12387,1
12392,4
12398,1
12399,2
12401,1
12405,12
12408,1
12410,2
12411,2
12413,24
12418,1
12421,5
12428,1
12431,1
12434,2
12435,1
12438,48
12445,61
12446,11
12449,1
12450,1
12465,4
12466,2
12475,2
12478,3
12480,2
12485,5
12488,1
12489,1
12490,1
12491,2
12493,22
12494,1
12495,3
12504,3
12505,2
12507,3
12508,1
12509,3
12510,1
12514,19
12515,1
12518,1
12523,2
12528,4
12529,1
12531,6
12532,8
12533,39
12534,10
12535,3
12536,1
12537,6
12539,3
12542,7
12543,38
12546,1
12550,5
12552,3
12559,10
12560,1
12562,1
12564,1
12570,2
12571,4
12573,45
12574,1
12576,11
12579,5
12581,1
12584,2
12586,4
12588,2
12592,13
12595,7
12597,5
12598,5
12599,5
12600,1
12601,5
12602,4
12603,5
12604,5
12605,5
12606,4
12607,5
12608,5
12614,5
12615,1
12617,4
12618,3
12620,5
12621,5
12622,5
12623,2
12624,5
12625,1
12626,5
12627,5
12630,5
12631,1
12632,5
12635,5
12636,4
12637,1
12638,1
12642,6
12646,7
12652,10
12653,69
12654,16
12658,9
12661,25
12662,3
12669,1
12674,2
12679,1
12680,5
12690,4
12693,2
12696,4
12697,12
12698,15
12700,101
12701,3
12706,3
12707,1
12709,17
12711,1
12713,3
12714,2
12716,1
12718,2
12722,31
12723,1
12727,3
12728,1
12729,57
12734,1
12738,47
12739,1
12747,1
12748,4
12750,1
12751,1
12753,9
12755,1
12761,1
12764,1
12768,2
12769,6
12771,3
12773,10
12774,38
12775,22
12778,1
12779,1
12780,2
12781,13
12782,6
12783,1
12787,2
12788,11
12792,3
12796,1
12797,1
12803,2
12807,5
12808,1
12811,3
12813,8
12815,2
12818,3
12819,10
12824,5
12826,1
12829,27
12831,4
12843,24
12844,10
12846,9
12847,1
12850,3
12851,1
12852,1
12854,2
12855,5
12857,7
12858,1
12861,1
12863,5
12864,6
12868,1
12870,24
12871,1
12872,34
12873,3
12875,12
12876,2
12877,6
12880,2
12883,1
12884,2
12885,1
12886,1
12887,2
12895,3
12896,2
12903,1
12904,244
12909,5
12910,1
12918,3
12919,2
12920,3
12923,3
12926,9
12933,18
12935,5
12940,6
12945,1
12950,8
12951,4
12953,1
12955,2
12962,1
12963,1
12964,5
12967,4
12968,16
12969,2
12971,6
12973,5
12974,2
12975,164
12977,8
12979,5
12983,5
12986,1
12987,14
12990,3
12991,1
12993,1
12994,33
12995,14
12996,1
13002,1
13006,2
13007,2
13008,1
13009,111
13016,4
13017,4
13019,7
13021,3
13036,1
13038,107
13041,7
13054,7
13056,2
13059,129
13063,182
13065,6
13066,1
13067,12
13068,32
13069,4
13074,5
13075,1
13076,1
13077,1
13078,3
13079,5
13081,5
13082,9
13084,5
13086,5
13087,1
13088,5
13090,14
13091,5
13093,16
13094,7
13095,1
13097,5
13098,8
13099,3
13103,2
13109,1
13110,1
13111,1
13113,1
13114,2
13117,7
13118,8
13128,1
13133,7
13135,2
13138,17
13140,6
13142,1
13144,3
13148,2
13149,36
13151,27
13153,2
13162,3
13166,2
13169,1
13174,1
13177,1
13178,1
13179,2
13180,1
13181,14
13183,4
13185,15
13187,1
13192,12
13195,1
13197,1
13199,3
13202,1
13208,4
13215,1
13217,75
13220,2
13224,6
13226,1
13233,2
13240,5
13241,7
13248,4
13256,1
13258,2
13262,6
13266,5
13275,2
13278,43
13279,5
13282,1
13289,5
13290,45
13291,17
13295,5
13298,1
13299,3
13300,2
13302,1
13304,1
13305,1
13309,1
13310,1
13311,13
13315,86
13316,1
13318,104
13320,1
13325,1
13328,125
13329,32
13330,1
13333,7
13336,13
13342,2
13345,1
13349,4
13353,1
13360,9
13363,1
13373,1
13377,3
13380,3
13386,1
13397,8
13400,5
13403,102
13413,1
13414,1
13423,1
13424,74
13426,7
13428,2
13431,1
13432,1
13435,1
13438,2
13442,2
13443,5
13444,1
13446,2
13447,24
13449,4
13454,3
13456,6
13457,2
13461,1
13476,5
13477,3
13485,3
13492,3
13494,1
13497,1
13499,3
13503,9
13506,8
13509,12
13512,1
13516,6
13519,2
13522,2
13523,3
13524,30
13526,1
13535,1
13536,2
13537,1
13538,1
13539,1
13540,2
13541,1
13547,7
13549,14
13551,2
13552,12
13556,1
13557,1
13564,7
13569,6
13572,4
13575,1
13577,6
13580,1
13582,2
13584,1
13585,29
13587,19
13592,2
13594,2
13602,38
13605,2
13608,12
13610,1
13612,4
13614,14
13615,7
13616,1
13617,1
13619,3
13630,55
13631,20
13632,9
13634,16
13640,1
13641,5
13648,5
13651,3
13652,2
13653,2
13655,1
13660,2
13671,1
13674,7
13675,1
13676,3
13687,3
13691,3
13693,3
13695,2
13696,34
13697,1
13700,3
13703,1
13704,2
13706,2
13710,181
13713,1
13714,1
13715,12
13717,14
13718,11
13721,1
13722,1
13726,1
13727,4
13728,36
13737,2
13738,5
13739,12
13740,7
13741,3
13742,2
13744,1
13745,2
13746,48
13748,1
13751,14
13756,1
13757,10
13760,6
13762,2
13763,6
13770,5
13771,2
13781,1
13782,34
13783,1
13784,1
13785,122
13786,106
13788,1
13789,6
13797,2
13798,2
13800,1
13801,6
13802,291
13805,43
13806,1
13807,1
13808,1
13809,7
13810,1
13812,3
13817,1
13818,1
13820,1
13829,9
13837,1
13842,1
13844,1
13845,1
13848,2
13849,3
13850,9
13851,1
13852,1
13853,34
13854,11
13855,1
13857,1
13860,1
13863,2
13864,1
13866,18
13867,27
13869,5
13870,1
13871,12
13873,3
13879,2
13881,8
13885,2
13891,6
13897,45
13898,1
13901,10
13904,1
13905,2
13906,9
13909,18
13911,1
13912,1
13913,7
13919,2
13922,1
13929,2
13931,8
13936,2
13937,5
13939,1
13945,1
13946,13
13949,1
13955,1
13956,1
13958,44
13959,7
13960,40
13961,2
13963,9
13964,2
13969,5
13975,40
13979,184
13981,16
13982,10
13983,3
13987,1
13988,15
13989,1
13998,3
14000,1
14002,2
14005,2
14008,3
14012,3
14018,16
14022,2
14023,4
14025,25
14026,22
14029,1
14031,36
14035,25
14036,5
14040,31
14043,2
14049,3
14054,1
14055,5
14056,1
14059,47
14060,6
14061,3
14064,1
14066,3
14067,1
14072,1
14073,2
14074,1
14076,1
14081,46
14082,7
14092,1
14093,1
14096,1
14102,1
14105,1
14108,3
14111,19
14118,7
14119,12
14122,1
14125,5
14128,9
14131,2
14133,42
14134,3
14137,9
14138,1
14139,9
14141,2
14147,3
14157,34
14160,4
14164,1
14168,2
14170,1
14174,4
14175,1
14176,106
14180,1
14185,3
14188,1
14190,1
14195,2
14201,1
14203,1
14206,5
14216,4
14220,12
14225,25
14227,4
14229,36
14230,3
14231,7
14233,1
14241,3
14242,5
14243,2
14244,5
14245,199
14247,2
14250,2
14253,5
14254,1
14259,1
14263,9
14264,9
14270,46
14271,2
14275,1
14276,8
14278,3
14284,1
14285,2
14287,1
14289,1
14291,27
14292,1
14294,2
14295,3
14296,1
14298,32
14299,2
14300,1
14303,2
14305,1
14307,1
14309,1
14310,1
14311,4
14312,1
14314,62
14318,81
14321,5
14323,4
14324,1
14330,20
14331,1
14332,8
14334,2
14335,1
14338,1
14339,2
14342,2
14347,1
14350,6
14351,2
14356,1
14357,4
14358,3
14359,3
14366,1
14367,9
14368,2
14370,2
14371,10
14378,3
14383,12
14384,6
14385,17
14390,2
14394,93
14395,7
14396,1
14401,11
14403,1
14406,2
14407,3
14409,35
14410,6
14412,23
14417,4
14418,2
14421,1
14423,1
14424,41
14427,1
14430,3
14439,3
14441,1
14442,22
14444,32
14453,3
14454,2
14455,13
14457,2
14458,1
14460,104
14463,13
14464,2
14467,1
14474,8
14476,4
14477,17
14479,11
14480,14
14482,67
14485,3
14486,3
14488,2
14490,1
14492,1
14494,1
14497,1
14500,7
14501,3
14504,2
14505,1
14506,3
14509,1
14510,1
14513,56
14515,1
14516,19
14520,4
14522,7
14524,2
14525,21
14528,1
14529,3
14532,4
14533,1
14534,2
14537,1
14539,1
14541,1
14542,46
14546,16
14547,7
14549,1
14554,1
14556,8
14560,4
14564,14
14567,1
14572,5
14575,52
14590,1
14593,1
14595,1
14597,3
14598,9
14599,6
14600,3
14605,1
14610,8
14616,3
14617,7
14620,2
14624,1
14630,1
14631,2
14633,1
14635,1
14642,1
14643,25
14645,1
14646,1
14648,3
14649,2
14650,71
14653,2
14659,1
14664,3
14675,4
14680,1
14683,1
14684,23
14685,1
14688,1
14689,1
14691,1
14692,34
14693,16
14696,38
14697,3
14699,14
14702,1
14705,2
14706,2
14707,35
14713,2
14715,5
14719,2
14720,3
14721,1
14722,95
14725,1
14732,5
14734,32
14735,2
14737,1
14738,5
14739,2
14740,1
14742,1
14743,1
14744,2
14745,1
14749,1
14752,3
14757,21
14762,4
14765,8
14769,3
14770,12
14772,10
14782,1
14783,1
14784,67
14787,23
14793,1
14795,1
14797,1
14800,6
14802,1
14803,1
14806,4
14807,10
14809,10
14812,14
14815,1
14829,4
14831,1
14832,20
14833,1
14836,1
14838,21
14840,1
14841,1
14844,2
14846,11
14850,1
14851,1
14852,2
14855,1
14856,8
14860,1
14861,5
14865,1
14867,1
14868,5
14872,2
14874,1
14876,1
14879,1
14880,4
14885,2
14889,1
14891,1
14895,1
14897,1
14900,2
14902,1
14904,2
14905,59
14914,10
14917,1
14920,10
14922,1
14925,1
14927,1
14933,4
14934,67
14935,1
14939,7
14941,2
14942,2
14943,7
14946,1
14953,5
14954,9
14960,1
14961,4
14962,3
14970,5
14972,2
14973,2
14974,1
14975,1
14977,19
14979,3
14980,220
14981,2
14992,1
14996,1
14997,13
14998,2
15002,1
15009,4
15011,11
15012,4
15015,2
15016,2
15020,1
15023,1
15031,4
15033,1
15043,5
15044,2
15045,8
15046,2
15050,1
15051,25
15053,1
15054,5
15055,22
15058,2
15059,21
15061,1
15063,4
15066,6
15069,1
15074,7
15080,1
15084,2
15089,1
15090,69
15091,13
15093,1
15094,1
15096,1
15099,14
15101,1
15106,2
15110,5
15112,1
15118,2
15119,1
15120,3
15121,5
15122,4
15123,1
15124,1
15125,1
15128,2
15131,17
15137,3
15140,36
15141,1
15147,1
15155,13
15156,1
15168,2
15175,2
15176,16
15177,5
15179,13
15180,1
15183,3
15189,1
15190,1
15191,2
15196,1
15197,1
15199,4
15208,1
15210,2
15212,2
15213,1
15214,5
15220,1
15223,1
15228,7
15229,1
15231,5
15232,1
15234,6
15235,7
15243,16
15245,3
15246,24
15248,1
15255,1
15257,1
15259,3
15267,2
15270,1
15271,8
15274,66
15276,3
15278,7
15279,3
15281,2
15283,4
15286,1
15289,1
15291,1
15297,1
15299,5
15300,29
15304,1
15307,1
15308,11
15313,1
15314,1
15317,4
15320,3
15321,2
15328,2
15336,1
15337,10
15339,2
15340,1
15349,6
15353,24
15354,1
15355,1
15361,5
15368,1
15370,28
15371,1
15380,20
15383,1
15384,3
15390,3
15393,2
15394,1
15396,7
15399,1
15401,6
15405,3
15411,8
15412,5
15415,34
15416,4
15422,2
15424,1
15429,6
15433,2
15435,2
15436,1
15438,2
15441,11
15445,2
15461,9
15462,7
15465,1
15472,7
15475,1
15476,1
15479,3
15483,12
15486,1
15500,16
15502,1
15505,1
15508,3
15511,12
15521,1
15530,3
15531,2
15537,1
15539,5
15541,1
15545,4
15554,22
15555,5
15567,3
15570,2
15573,3
15575,3
15576,1
15577,6
15581,1
15583,4
15585,1
15586,2
15590,2
15591,1
15599,1
15600,3
15601,5
15603,75
15608,4
15611,2
15614,1
15617,19
15621,1
15623,19
15625,6
15631,3
15639,4
15641,4
15642,3
15644,3
15653,29
15665,1
15671,7
15673,9
15675,3
15676,5
15677,2
15678,3
15680,1
15683,4
15685,1
15693,1
15696,1
15709,22
15710,1
15719,2
15720,1
15721,1
15722,2
15724,8
15728,1
15729,14
15730,1
15731,6
15737,1
15738,2
15743,51
15744,3
15745,19
15746,4
15747,1
15748,1
15749,7
15750,2
15752,2
15755,1
15757,1
15761,4
15765,2
15768,4
15770,5
15772,1
15776,3
15778,7
15779,1
15780,17
15782,130
15784,38
15785,18
15789,7
15791,5
15793,5
15798,3
15801,3
15802,11
15804,1
15807,1
15808,2
15812,2
15813,2
15814,6
15818,2
15819,1
15821,2
15822,1
15823,3
15827,6
15829,1
15831,1
15833,1
15835,3
15836,1
15838,4
15847,2
15858,1
15870,5
15889,12
15891,1
15901,1
15905,5
15910,2
15922,14
15930,1
15932,1
15935,1
15936,3
15940,2
15944,4
15947,1
15954,6
15956,12
15959,2
15966,1
15967,1
15970,4
15972,1
15973,83
15975,1
15976,1
15977,6
15978,1
15979,4
15981,1
15983,2
15984,5
15991,1
15992,1
15993,1
15996,13
15998,3
16011,1
16013,1
16014,1
16015,1
16019,1
16020,48
16021,1
16022,1
16023,7
16025,3
16026,13
16028,4
16031,2
16035,1
16036,13
16041,1
16042,1
16045,2
16048,1
16049,1
16052,1
16054,8
16059,1
16060,1
16062,1
16064,1
16065,1
16066,1
16068,1
16069,1
16071,1
16076,1
16081,1
16084,1
16100,34
16101,2
16102,3
16109,3
16111,15
16114,2
16117,26
16121,2
16122,2
16126,1
16128,1
16129,1
16131,5
16137,10
16141,14
16142,1
16143,1
16144,1
16147,24
16152,6
16154,1
16157,1
16164,1
16165,3
16168,1
16171,1
16172,1
16174,1
16176,1
16179,5
16180,18
16182,1
16186,1
16187,4
16189,6
16199,198
16208,16
16210,1
16211,95
16214,1
16216,2
16218,4
16219,3
16220,3
16222,5
16224,2
16231,6
16235,3
16241,2
16242,1
16243,1
16250,2
16253,2
16254,69
16255,3
16265,1
16269,8
16273,2
16279,1
16288,4
16290,2
16291,2
16303,3
16304,3
16306,30
16310,3
16311,7
16323,1
16324,16
16326,10
16330,28
16331,4
16333,3
16335,3
16338,20
16340,6
16343,4
16349,13
16351,18
16352,1
16353,17
16354,18
16360,47
16365,2
16367,1
16373,4
16374,27
16376,54
16380,1
16381,4
16382,1
16383,13
16388,1
16390,3
16396,3
16397,58
16399,2
16401,1
16405,1
16407,2
16408,1
16410,8
16413,2
16414,1
16431,30
16435,1
16437,4
16440,2
16442,1
16450,1
16454,4
16459,4
16462,29
16464,5
16468,8
16471,1
16473,1
16477,1
16478,1
16487,1
16495,1
16497,1
16500,2
16504,13
16505,1
16508,1
16511,18
16512,6
16516,6
16517,1
16519,4
16527,25
16528,1
16539,1
16541,2
16542,4
16545,10
16547,1
16550,30
16558,3
16559,3
16563,1
16568,1
16572,3
16575,3
16577,3
16579,4
16580,2
16582,1
16583,26
16587,1
16589,3
16590,60
16598,18
16600,2
16603,1
16605,1
16606,48
16609,1
16617,1
16627,2
16628,1
16630,1
16632,16
16639,1
16641,1
16642,2
16643,75
16645,3
16647,9
16653,1
16654,2
16655,1
16656,1
16658,1
16659,13
16666,1
16667,1
16668,2
16672,21
16674,1
16676,1
16679,1
16680,1
16681,20
16685,1
16688,1
16689,1
16693,1
16694,1
16695,2
16696,18
16698,2
16700,1
16703,1
16706,6
16707,50
16713,1
16716,21
16717,1
16720,1
16722,11
16723,14
16727,6
16736,7
16749,2
16753,1
16754,1
16757,4
16759,3
16765,1
16769,3
16776,1
16777,7
16778,5
16780,16
16785,1
16789,4
16790,14
16792,3
16797,2
16798,5
16799,1
16800,19
16801,1
16802,8
16804,1
16805,6
16806,18
16811,4
16813,1
16815,1
16817,3
16818,5
16820,5
16821,3
16823,36
16826,4
16827,1
16828,2
16832,1
16835,1
16838,1
16843,15
16847,1
16849,13
16852,21
16854,1
16856,10
16858,22
16866,29
16869,2
16871,1
16872,116
16873,9
16875,1
16879,1
16880,1
16883,2
16884,5
16887,2
16888,3
16891,17
16898,1
16899,4
16906,4
16909,15
16915,14
16919,14
16922,25
16925,1
16929,10
16930,1
16933,3
16934,1
16937,2
16939,5
16950,30
16952,1
16955,30
16958,6
16960,1
16962,2
16964,54
16966,4
16970,33
16971,4
16974,41
16976,5
16977,6
16980,3
16982,2
16983,4
16985,1
16987,4
16991,34
16994,1
16995,2
16996,6
16997,1
16998,1
17000,3
17001,27
17004,1
17009,2
17010,200
17013,1
17014,25
17016,66
17018,1
17022,1
17023,1
17027,1
17029,1
17030,9
17031,4
17033,4
17035,1
17041,1
17043,1
17044,5
17048,1
17049,14
17051,1
17055,80
17057,2
17059,7
17060,34
17061,66
17063,38
17064,28
17066,1
17067,1
17071,1
17072,19
17073,11
17074,1
17075,2
17077,1
17078,7
17079,1
17081,7
17085,5
17086,345
17089,78
17090,2
17093,5
17096,1
17097,2
17098,29
17099,1
17101,1
17102,1
17103,2
17106,20
17107,1
17110,2
17112,1
17118,3
17121,1
17123,1
17125,8
17127,3
17128,1
17138,4
17139,1
17143,28
17145,19
17149,5
17152,6
17153,14
17157,7
17159,4
17160,1
17162,1
17164,1
17169,1
17174,1
17175,4
17178,1
17180,3
17182,1
17187,2
17188,2
17189,1
17191,1
17200,3
17201,6
17203,1
17206,1
17208,3
17211,4
17214,1
17217,1
17218,1
17219,23
17220,1
17222,1
17225,3
17227,4
17228,1
17229,6
17231,25
17232,41
17241,43
17243,4
17245,24
17250,2
17251,1
17254,9
17255,3
17258,1
17260,3
17268,1
17271,1
17273,1
17274,1
17280,3
17288,8
17289,8
17292,3
17293,1
17294,1
17298,7
17299,2
17303,1
17305,6
17309,2
17311,18
17312,24
17313,17
17314,1
17315,1
17316,1
17318,1
17321,1
17322,3
17325,1
17326,1
17327,3
17331,5
17332,1
17333,2
17338,10
17339,8
17340,1
17342,1
17343,3
17345,1
17347,3
17348,3
17349,1
17350,2
17351,1
17354,1
17356,5
17357,1
17358,1
17360,2
17362,1
17365,1
17367,1
17370,1
17372,4
17374,1
17375,1
17377,2
17381,1
17383,1
17384,1
17389,3
17393,1
17397,10
17402,1
17403,5
17407,1
17416,3
17423,17
17424,1
17425,1
17429,3
17430,1
17436,72
17443,5
17447,1
17449,3
17461,16
17464,1
17467,1
17469,4
17470,11
17472,4
17479,9
17483,3
17485,1
17486,7
17491,1
17492,22
17496,1
17502,2
17504,2
17509,1
17513,60
17518,1
17519,5
17520,3
17525,3
17528,20
17532,77
17534,2
17542,1
17543,2
17552,8
17553,10
17555,68
17556,16
17560,4
17561,12
17563,2
17566,12
17574,2
17576,2
17577,1
17579,1
17581,1
17582,12
17583,4
17586,1
17587,1
17589,3
17590,1
17593,2
17596,4
17601,1
17605,38
17606,1
17607,1
17613,1
17614,1
17616,1
17618,1
17624,2
17628,1
17629,3
17633,14
17634,3
17635,38
17640,2
17642,3
17645,1
17653,2
17658,6
17659,5
17661,1
17665,3
17667,4
17668,3
17669,1
17670,2
17673,7
17675,1
17676,1
17683,5
17684,1
17689,1
17690,22
17691,26
17693,2
17695,1
17700,1
17702,2
17705,24
17707,1
17708,8
17709,2
17712,2
17718,2
17719,2
17720,1
17722,12
17723,1
17726,1
17728,7
17730,1
17731,1
17733,8
17735,3
17739,5
17742,1
17743,1
17745,1
17751,1
17752,12
17753,5
17754,2
17756,2
17757,4
17764,2
17767,41
17768,5
17771,1
17772,2
17775,1
17779,2
17782,1
17784,33
17786,1
17791,1
17792,3
17793,57
17796,10
17797,1
17800,12
17802,2
17805,2
17808,1
17811,1
17813,1
17814,3
17815,1
17819,9
17829,1
17830,4
17834,1
17835,7
17839,1
17843,5
17845,22
17847,1
17858,1
17862,1
17863,2
17864,8
17867,3
17869,1
17874,2
17876,3
17880,5
17881,1
17883,2
17884,68
17886,1
17888,1
17889,1
17890,2
17894,30
17896,1
17898,8
17900,1
17908,2
17909,29
17918,14
17921,18
17923,3
17924,2
17926,20
17927,1
17933,3
17937,2
17938,7
17940,1
17944,1
17946,21
17950,2
17951,1
17960,3
17963,7
17968,32
17969,87
17971,1
17975,4
17978,2
17979,6
17980,5
17987,6
17988,1
17991,5
17992,25
17993,24
17996,1
17998,29
18003,2
18004,36
18009,1
18011,3
18017,3
18018,1
18020,1
18022,1
18023,5
18024,1
18025,3
18027,27
18028,2
18031,1
18034,1
18035,60
18039,1
18041,16
18049,1
18052,1
18053,5
18058,2
18059,1
18061,27
18063,1
18068,4
18070,2
18071,1
18081,1
18088,11
18096,4
18097,50
18103,1
18108,1
18109,1
18117,2
18121,5
18122,1
18124,1
18125,1
18130,2
18134,1
18136,2
18142,53
18143,6
18149,2
18150,2
18155,37
18157,3
18159,1
18160,28
18162,1
18165,4
18166,3
18168,4
18169,4
18171,4
18172,1
18175,4
18179,2
18189,4
18191,4
18195,1
18196,2
18198,1
18200,5
18204,5
18213,2
18214,20
18216,3
18217,1
18218,4
18219,1
18220,1
18222,1
18227,17
18228,1
18232,1
18242,7
18243,23
18245,1
18247,6
18248,3
18252,14
18253,1
18258,1
18262,10
18264,1
18268,8
18269,2
18271,1
18272,2
18274,6
18275,1
18277,6
18280,3
18282,1
18287,8
18288,12
18291,3
18295,3
18299,42
18302,14
18306,3
18307,6
18309,1
18310,9
18311,1
18313,10
18314,3
18316,5
18317,3
18322,5
18323,1
18326,11
18328,1
18331,1
18334,3
18335,7
18339,1
18342,1
18343,1
18346,1
18355,1
18360,7
18361,2
18364,2
18365,4
18367,5
18368,4
18371,1
18377,6
18379,1
18383,4
18386,4
18390,1
18391,3
18393,10
18395,2
18396,3
18401,1
18405,2
18411,1
18412,2
18416,6
18419,1
18437,6
18440,6
18441,1
18442,1
18444,1
18445,4
18447,6
18456,1
18457,3
18460,1
18463,2
18464,1
18467,30
18468,1
18472,11
18473,4
18478,1
18481,2
18482,4
18483,8
18485,7
18486,1
18487,2
18488,1
18489,2
18491,5
18496,1
18498,1
18501,5
18503,2
18504,2
18509,2
18516,2
18523,4
18525,3
18527,1
18529,4
18543,9
18544,5
18546,2
18552,2
18556,1
18557,10
18558,7
18561,1
18563,2
18569,1
18570,2
18572,2
18576,1
18579,2
18582,1
18589,1
18590,1
18591,3
18592,2
18594,11
18595,3
18596,2
18598,19
18600,3
18603,5
18604,1
18605,1
18608,1
18611,2
18612,3
18613,5
18614,2
18616,1
18618,3
18623,4
18624,6
18625,8
18626,2
18627,4
18629,3
18631,1
18638,1
18639,3
18642,1
18645,1
18649,14
18650,2
18653,1
18658,3
18660,27
18664,3
18665,2
18668,1
18670,5
18676,1
18680,1
18682,2
18683,3
18684,1
18689,1
18691,21
18699,1
18702,3
18706,1
18707,5
18710,3
18712,24
18713,6
18719,1
18729,1
18732,10
18736,1
18739,3
18741,6
18743,1
18746,1
18752,1
18756,17
18760,6
18761,1
18768,2
18769,2
18770,14
18775,1
18779,41
18782,2
18783,1
18786,1
18793,1
18794,3
18800,9
18802,10
18806,3
18810,1
18817,4
18818,1
18819,1
18820,1
18821,3
18822,1
18823,4
18831,1
18833,6
18834,1
18839,1
18840,6
18841,13
18842,1
18843,1
18854,7
18856,2
18857,1
18860,1
18864,22
18867,12
18868,2
18869,2
18870,1
18872,1
18873,1
18874,30
18875,1
18877,1
18878,1
18881,20
18884,1
18886,3
18887,32
18890,4
18892,13
18895,2
18897,4
18898,1
18899,4
18904,1
18907,5
18911,35
18912,1
18918,26
18919,12
18920,3
18921,1
18929,3
18930,2
18931,3
18934,3
18937,10
18939,11
18940,8
18942,70
18944,1
18946,5
18947,2
18948,2
18950,2
18952,1
18955,9
18957,6
18958,1
18959,2
18962,2
18965,2
18967,1
18970,1
18971,1
18972,6
18974,9
18977,1
18980,29
18981,5
18984,30
18987,2
18991,1
18995,1
18997,7
18999,1
19000,10
19002,2
19007,1
19009,2
19011,4
19013,1
19017,3
19023,4
19025,3
19029,24
19032,2
19062,6
19066,5
19068,1
19069,1
19071,2
19072,19
19073,1
19074,6
19075,4
19082,1
19086,1
19087,1
19089,1
19091,1
19092,9
19093,2
19095,1
19098,1
19108,1
19109,4
19113,2
19120,2
19121,1
19127,2
19128,1
19131,1
19136,1
19139,1
19145,2
19150,2
19153,2
19156,1
19158,4
19161,1
19163,1
19164,1
19168,2
19170,9
19172,1
19175,28
19179,9
19183,1
19186,1
19187,4
19190,1
19193,32
19197,1
19204,1
19209,7
19215,1
19216,4
19217,3
19220,1
19221,1
19231,2
19234,3
19239,1
19243,1
19244,1
19250,1
19255,5
19257,3
19258,1
19260,6
19265,2
19268,13
19270,5
19272,1
19275,1
19276,1
19278,1
19281,1
19288,1
19291,1
19294,4
19306,1
19308,3
19309,4
19311,1
19319,107
19322,2
19326,2
19333,10
19340,1
19349,1
19354,1
19355,1
19357,2
19360,1
19361,3
19362,7
19363,2
19364,52
19365,1
19369,3
19370,1
19372,1
19374,53
19384,2
19387,8
19389,1
19396,1
19398,1
19401,6
19403,5
19406,1
19411,1
19413,6
19415,5
19417,3
19418,1
19426,4
19430,3
19433,6
19437,1
19439,1
19441,2
19442,2
19444,4
19445,1
19449,1
19454,1
19457,1
19463,2
19464,4
19469,62
19471,1
19479,5
19480,1
19481,1
19484,2
19488,6
19498,2
19500,8
19502,2
19507,9
19508,17
19513,1
19515,1
19524,1
19526,2
19530,4
19537,1
19544,49
19551,1
19553,1
19561,1
19570,2
19575,1
19581,2
19582,3
19586,1
19587,8
19595,1
19601,1
19612,2
19613,1
19615,5
19616,2
19617,2
19620,1
19622,1
19626,2
19627,21
19629,4
19631,1
19632,1
19634,4
19643,1
19646,2
19651,1
19653,1
19658,1
19661,7
19666,2
19670,1
19671,1
19674,1
19679,1
19683,3
19684,10
19687,1
19688,6
19691,9
19693,40
19694,2
19697,2
19700,1
19704,1
19707,1
19712,1
19713,5
19714,1
19715,3
19717,2
19719,5
19723,2
19730,1
19731,2
19732,1
19733,1
19734,7
19735,17
19736,2
19738,5
19745,2
19746,1
19750,1
19751,1
19756,16
19757,1
19768,15
19770,6
19771,5
19773,1
19774,1
19778,1
19779,8
19780,1
19782,2
19783,4
19787,9
19791,8
19793,23
19799,2
19806,18
19809,42
19811,1
19814,1
19815,3
19819,30
19821,1
19824,3
19830,1
19831,1
19837,1
19841,1
19842,1
19843,4
19845,2
19850,1
19855,7
19859,1
19862,1
19864,7
19865,6
19866,50
19867,9
19869,1
19870,33
19882,1
19883,6
19884,5
19885,1
19886,1
19889,34
19893,2
19895,26
19896,5
19899,1
19900,8
19906,2
19909,28
19910,7
19915,1
19918,1
19919,1
19923,1
19934,4
19938,2
19944,3
19946,1
19947,2
19948,1
19949,2
19956,1
19957,1
19959,3
19964,15
19966,1
19968,3
19969,3
19976,3
19991,2
19992,1
19993,6
19995,1
19996,1
19997,3
19999,2
20002,1
20005,2
20006,1
20008,5
20016,5
20018,3
20019,1
20021,3
20025,2
20027,3
20030,11
20031,2
20033,16
20034,2
20035,1
20036,35
20038,28
20042,5
20043,3
20045,3
20046,1
20050,3
20054,1
20055,1
20057,9
20059,1
20061,3
20062,2
20064,8
20065,2
20069,1
20070,1
20071,1
20075,3
20078,5
20087,3
20094,1
20096,1
20097,18
20098,7
20099,4
20107,2
20109,8
20111,4
20114,2
20120,1
20122,2
20123,1
20130,6
20132,18
20133,3
20136,1
20137,6
20138,5
20139,5
20140,1
20159,1
20160,2
20162,4
20164,1
20166,11
20167,1
20172,6
20181,2
20185,1
20189,1
20194,1
20199,2
20200,16
20201,2
20202,49
20205,15
20212,6
20218,1
20227,2
20229,9
20232,45
20234,4
20236,4
20237,9
20239,3
20240,2
20242,2
20244,5
20249,2
20250,16
20251,1
20252,1
20253,9
20254,2
20259,1
20261,53
20262,2
20263,13
20269,1
20270,1
20275,2
20276,1
20280,3
20282,1
20283,2
20286,5
20292,5
20295,30
20297,16
20298,3
20300,3
20301,15
20302,2
20304,1
20307,1
20315,5
20321,4
20326,1
20327,16
20335,1
20337,2
20338,2
20341,6
20345,10
20346,1
20349,5
20350,3
20356,1
20357,12
20360,15
20361,4
20362,6
20363,9
20369,1
20386,5
20389,2
20393,1
20395,12
20403,1
20408,3
20412,13
20420,2
20422,1
20423,17
20424,1
20425,2
20427,4
20430,3
20431,1
20440,5
20441,9
20445,6
20448,22
20449,1
20450,1
20452,4
20455,1
20457,25
20463,2
20466,2
20467,4
20468,11
20469,17
20471,56
20476,6
20477,4
20481,1
20484,2
20490,2
20500,1
20503,1
20510,1
20511,1
20513,1
20514,2
20516,3
20517,6
20518,1
20520,8
20523,13
20524,1
20525,3
20528,6
20532,1
20534,7
20540,1
20541,4
20542,1
20547,1
20549,1
20550,5
20551,11
20560,3
20563,5
20566,16
20575,1
20581,1
20582,20
20593,2
20597,14
20600,1
20601,2
20602,2
20608,1
20613,5
20614,1
20615,12
20617,8
20622,9
20624,1
20629,47
20631,3
20637,1
20640,1
20643,6
20646,2
20647,2
20649,1
20651,1
20653,5
20668,1
20669,1
20680,1
20684,7
20687,69
20689,2
20690,3
20691,1
20698,1
20700,4
20709,3
20711,1
20713,8
20715,1
20718,6
20720,1
20723,7
20724,2
20726,1
20728,5
20732,2
20734,12
20737,1
20742,1
20745,1
20747,6
20748,1
20749,1
20755,2
20758,1
20766,1
20769,2
20770,1
20780,1
20781,2
20783,1
20785,12
20786,40
20794,1
20795,9
20796,1
20802,1
20803,8
20805,1
20815,2
20817,2
20818,5
20820,1
20821,3
20833,12
20836,3
20837,2
20838,3
20839,1
20847,3
20853,1
20859,1
20865,4
20866,6
20867,1
20872,1
20880,31
20890,3
20896,3
20898,3
20901,1
20904,1
20908,1
20912,1
20914,4
20917,4
20919,17
20923,2
20926,4
20927,1
20928,11
20931,7
20934,1
20936,1
20937,3
20938,7
20939,1
20941,1
20946,6
20948,1
20952,2
20953,1
20955,1
20956,8
20960,18
20963,11
20964,5
20966,1
20967,2
20969,6
20971,1
20972,1
20973,2
20974,1
20976,2
20978,5
20981,1
20983,3
20986,2
20990,1
20992,5
20995,14
20996,3
21003,3
21005,1
21007,1
21008,1
21020,3
21021,1
21026,4
21027,1
21034,1
21036,2
21039,2
21046,1
21047,5
21048,2
21051,14
21053,11
21055,2
21057,1
21058,4
21060,1
21066,2
21069,11
21071,2
21075,2
21077,1
21079,1
21081,1
21082,1
21085,4
21089,1
21100,1
21102,14
21107,1
21109,10
21110,19
21113,5
21114,2
21115,1
21118,1
21119,12
21127,1
21129,3
21131,33
21134,2
21143,1
21146,1
21152,8
21156,1
21159,2
21163,13
21165,3
21168,1
21169,3
21184,8
21185,10
21186,1
21187,7
21190,1
21192,1
21196,5
21200,2
21202,1
21204,16
21214,1
21216,1
21217,1
21220,12
21222,1
21226,3
21227,15
21230,2
21231,5
21232,1
21233,1
21236,1
21239,7
21245,1
21246,3
21247,1
21249,1
21251,6
21257,4
21259,2
21260,1
21263,1
21265,2
21266,1
21269,1
21271,12
21272,3
21276,1
21278,1
21280,1
21281,2
21282,1
21283,11
21286,1
21287,1
21289,5
21290,5
21293,2
21295,1
21297,1
21298,1
21299,1
21300,1
21301,1
21302,2
21312,1
21315,2
21324,4
21325,1
21326,1
21327,3
21332,2
21337,6
21338,1
21340,1
21342,2
21347,1
21350,5
21351,34
21352,1
21353,10
21358,1
21361,4
21363,17
21364,6
21366,1
21368,1
21369,1
21370,3
21371,1
21374,7
21375,1
21384,1
21385,2
21386,3
21387,1
21392,1
21394,2
21397,1
21398,1
21399,1
21402,1
21403,1
21408,1
21409,1
21410,1
21412,1
21415,3
21416,1
21422,1
21428,9
21432,1
21436,1
21439,2
21443,1
21446,4
21448,25
21453,1
21455,2
21463,36
21466,5
21468,1
21471,1
21472,9
21473,1
21475,3
21476,1
21477,2
21479,1
21481,2
21482,2
21483,1
21486,2
21487,4
21489,11
21490,2
21497,1
21498,3
21499,3
21500,1
21504,1
21505,2
21506,3
21507,1
21513,2
21514,1
21515,1
21517,1
21518,1
21519,1
21520,1
21523,1
21524,1
21525,2
21526,3
21527,1
21529,1
21531,1
21532,4
21533,4
21535,2
21536,1
21541,1
21542,1
21554,1
21557,1
21558,4
21562,1
21563,1
21566,2
21567,5
21569,3
21571,2
21577,1
21581,2
21583,2
21584,2
21585,1
21586,1
21591,1
21592,2
21594,1
21597,2
21598,1
21601,2
21602,1
21605,1
21608,1
21609,3
21611,1
21613,7
21614,1
21615,1
21623,1
21624,1
21625,1
21626,1
21630,1
21631,1
21634,3
21636,1
21640,2
21641,2
21642,1
21644,1
21646,1
21647,1
21649,1
21652,1
21655,1
21657,1
21659,1
21660,3
21661,1
21662,14
21664,2
21667,1
21670,1
21671,2
21675,1
21676,2
21677,1
21678,1
21680,1
21682,3
21683,2
21689,4
21690,1
21693,1
21694,2
21695,1
21696,5
21697,1
21698,1
21699,4
21704,6
21705,1
21706,1
21707,4
21708,1
21709,1
21712,2
21713,1
21715,1
21716,2
21722,2
21724,1
21729,2
21731,1
21733,1
21734,1
21735,1
21737,4
21740,4
21741,1
21742,1
21743,1
21744,1
21747,1
21748,8
21749,1
21750,4
21753,4
21760,1
21762,2
21763,1
21764,4
21767,1
21768,1
21769,1
21770,1
21773,3
21774,2
21775,4
21778,1
21779,9
21782,1
21783,1
21788,6
21789,1
21790,5
21791,1
21792,1
21796,1
21797,2
21800,5
21801,1
21802,3
21803,4
21804,1
21805,1
21806,2
21807,3
21808,1
21809,1
21811,1
21812,6
21813,12
21815,2
21816,1
21817,3
21819,2
21820,1
21824,3
21826,4
21827,4
21828,1
21832,3
21834,1
21836,1
21837,1
21838,1
21839,1
21840,1
21841,1
21842,5
21843,2
21844,8
21845,1
21846,1
21847,1
21848,1
21849,6
21856,1
21857,1
21858,1
21863,1
21866,1
21868,1
21871,1
21874,1
21875,4
21878,3
21880,2
21881,1
21882,1
21883,4
21884,1
21887,7
21889,2
21891,1
21894,1
21895,1
21898,5
21902,1
21903,2
21904,1
21909,1
21910,1
21912,14
21914,1
21915,1
21916,5
21917,2
21921,5
21922,1
21926,1
21928,9
21929,1
21932,1
21933,5
21934,1
21936,1
21938,1
21939,4
21940,2
21943,4
21945,5
21947,1
21954,1
21956,1
21957,2
21958,3
21959,1
21971,1
21976,4
21980,1
21984,1
21989,1
21993,4
21997,2
21999,1
22003,2
22009,1
22011,1
22013,3
22014,3
22017,1
22019,1
22020,2
22022,2
22024,4
22026,2
22027,4
22029,1
22030,3
22031,1
22032,1
22035,2
22036,3
22038,1
22044,1
22048,1
22049,1
22053,1
22055,1
22056,1
22060,1
22061,1
22063,3
22066,2
22068,2
22079,1
22081,1
22083,2
22086,1
22089,1
22091,1
22092,1
22094,1
22095,1
22100,2
22103,3
22106,1
22109,3
22113,2
22114,1
22115,1
22121,1
22124,1
22126,1
22128,1
22129,6
22131,1
22132,1
22138,1
22141,1
22142,1
22143,1
22144,1
22145,2
22147,2
22149,1
22151,1
22154,1
22155,2
22156,1
22161,1
22166,2
22169,1
22172,1
22173,1
22174,1
22176,1
22178,1
22179,2
22181,2
22182,1
22184,5
22186,2
22187,1
22189,1
22190,1
22191,2
22192,1
22193,1
22195,2
22196,1
22197,1
22198,1
22200,1
22204,3
22205,1
22207,1
22209,1
22213,1
22215,1
22217,2
22218,1
22219,2
22220,3
22224,1
22232,1
22233,1
22235,1
22237,3
22239,2
22245,3
22248,1
22249,1
22251,1
22252,1
22253,1
22257,2
22258,3
22261,3
22268,2
22269,1
22270,2
22273,1
22275,1
22277,1
22283,2
22285,1
22290,2
22291,1
22293,2
22294,1
22296,1
22297,1
22298,2
22300,1
22301,1
22304,3
22308,1
22309,3
22314,1
