uid,article_comment_count
1,1604
2,194
3,54
4,43
5,2
8,102
9,8
11,589
14,25
15,3658
17,128
18,1
21,1
29,11
32,9
35,12
37,3
42,7
54,1
62,5
64,3
80,21
85,1
86,4
92,7
95,6
99,18
108,4
111,14
112,3
113,4
114,51
117,8
120,1
123,162
126,1
133,788
135,1
136,12
141,4
148,16
154,30
155,5
156,29
159,8
163,7
164,2
165,1911
167,10
168,1
169,1
172,12
173,42
176,408
180,4
189,10
191,1
193,17
194,2
196,54
200,25
202,3
209,1
210,361
211,1
212,24
214,16
215,2
216,1186
219,1
222,1
229,58
232,17
245,66
250,30
251,4
252,14
255,2
259,7
266,2
271,579
275,47
276,1
278,2
279,7
287,95
290,24
291,70
299,32
303,1
307,10
323,2
327,6
334,10
340,1
344,10
347,4
349,1
357,23
369,14
377,3
380,84
393,39
400,2
405,23
407,13
414,14
418,1589
419,218
421,1
422,10
424,2
425,2
427,136
428,1
437,5
440,8
441,2
443,5
449,105
450,15
455,1
456,2
457,17
461,23
466,5
467,2
469,295
471,2
472,1
479,1
484,83
485,10
486,2
490,12
495,2
505,6
507,2
515,6
516,176
518,186
521,14
524,348
528,31
529,1
539,4
549,15
551,7
555,62
558,75
560,11
565,48
568,5
569,156
570,28
573,13
574,7
577,1
579,5
581,2
583,50
584,20
587,124
593,183
595,55
599,1
607,3
609,1
614,1
618,47
628,6
645,1
653,109
657,1
665,1
668,1
678,1
679,1
685,1
695,28
697,4
702,1
716,21
723,22
728,69
733,1
734,2
741,2
744,70
747,4
748,1
749,299
754,270
766,63
772,1
776,21
787,8
793,89
798,542
799,90
801,12
815,8
819,4
823,1
824,7
826,1
831,2
832,55
835,3
836,112
838,17
840,1
849,1
879,2
884,12
888,2
889,24
893,6
894,92
897,1
910,210
911,24
920,49
927,1
933,14
936,6
940,11
945,23
946,3
951,58
953,3
956,4
969,1
974,3
981,1
986,4
987,25
991,2
994,20
996,3
1001,36
1006,61
1016,95
1020,194
1021,136
1028,9
1030,1
1034,5
1043,1
1050,77
1055,2
1061,2
1063,1
1066,74
1069,4
1073,182
1077,65
1078,3
1086,6
1090,1
1091,2
1097,40
1098,5
1105,30
1108,173
1115,3
1122,8
1124,51
1132,193
1133,1
1136,1
1148,15
1160,1
1162,1
1174,5
1179,451
1185,1
1189,92
1191,230
1197,93
1199,2
1203,62
1210,284
1213,1
1214,1
1217,14
1219,1
1221,1
1223,10
1224,1
1226,80
1237,1
1238,31
1239,9
1240,3
1245,1
1247,8
1248,1
1250,8
1254,22
1256,1
1261,20
1263,175
1270,11
1272,14
1274,4
1275,52
1279,1
1280,1
1282,63
1283,248
1290,1
1294,2
1296,15
1299,11
1300,78
1307,5
1309,1
1312,2
1319,31
1324,1
1326,10
1328,23
1329,125
1336,1
1337,1
1338,2
1339,48
1341,4
1342,12
1344,16
1347,12
1348,38
1350,2
1351,2
1361,29
1362,2
1363,20
1364,2
1368,1
1369,5
1372,3
1373,1
1376,37
1380,9
1385,2
1387,6
1389,93
1391,1
1392,21
1393,3
1395,2
1398,1
1401,1
1403,4
1404,3
1405,7
1408,1
1416,21
1421,93
1433,13
1434,35
1439,1
1441,3
1442,7
1450,238
1451,14
1465,4
1470,251
1472,13
1478,6
1479,4
1484,55
1486,6
1487,6
1493,8
1499,14
1503,3
1506,16
1517,1
1524,2
1528,3
1530,38
1535,102
1536,4
1538,37
1539,2
1547,1
1549,68
1552,80
1553,6
1559,5
1561,22
1564,5
1567,14
1569,1
1571,512
1574,1
1578,4
1581,1
1582,138
1585,56
1587,18
1593,1
1601,1
1602,1
1620,16
1621,2
1625,1
1626,53
1629,1
1632,1
1637,908
1638,6
1643,1
1644,14
1648,11
1652,1
1653,6
1654,34
1655,15
1661,8
1662,3
1666,27
1669,8
1674,68
1677,3
1678,10
1686,4
1687,1
1698,1
1700,6
1702,7
1703,4
1706,4
1708,1
1710,24
1714,39
1719,18
1722,55
1729,17
1734,19
1736,3
1741,2
1745,1
1756,2
1762,5
1765,96
1766,290
1771,1
1772,1
1777,100
1779,121
1783,7
1784,68
1786,14
1789,108
1790,1
1803,2
1805,36
1815,48
1816,2
1817,1
1820,99
1821,2
1829,7
1835,6
1836,2
1839,1
1841,3
1842,10
1844,1
1847,24
1848,110
1849,8
1854,5
1855,10
1858,1
1872,1
1874,3
1879,1
1881,9
1896,1
1900,2
1902,8
1907,9
1919,52
1927,455
1939,2
1940,14
1946,61
1951,16
1952,1
1955,1
1961,1
1962,16
1967,80
1979,13
1986,110
1988,2
1994,1
2002,6
2003,2
2019,3
2020,1
2039,1
2040,1
2047,1
2048,31
2053,24
2054,193
2055,1
2057,3
2058,138
2064,2
2065,19
2067,16
2070,7
2075,4
2076,2
2078,6
2086,2
2089,1
2091,1
2096,1
2097,2
2101,95
2107,14
2110,68
2111,1
2112,1
2121,58
2123,1
2124,1
2127,1
2128,1
2129,10
2131,3
2132,1
2133,11
2134,4
2142,3
2144,4
2145,50
2147,57
2152,1
2164,11
2166,9
2167,205
2170,2
2171,1
2172,2
2174,3
2189,21
2206,9
2225,11
2226,16
2228,3
2230,2
2231,13
2243,5
2247,3
2256,9
2259,2
2263,1
2268,21
2271,1
2273,26
2275,9
2284,1
2285,4
2296,756
2298,1
2299,1
2305,17
2307,2
2309,197
2312,18
2314,57
2315,1
2317,4
2329,24
2333,50
2335,4
2336,1
2339,1
2341,5
2350,1
2351,6
2352,1
2355,2
2360,222
2369,1
2373,1
2375,1
2381,5
2383,1
2386,1
2394,9
2400,1
2406,1
2409,143
2410,107
2427,8
2428,5
2430,2
2438,3
2467,6
2468,1
2475,1
2477,1
2481,1
2482,116
2487,1
2488,1
2490,1
2502,2
2503,3
2508,1
2515,2
2524,7
2532,197
2533,54
2534,1
2545,1
2548,2
2549,7
2552,18
2553,12
2555,28
2557,1
2558,6
2560,17
2561,14
2565,1
2602,1
2613,47
2616,9
2625,4
2631,2
2637,3
2647,1
2651,8
2656,2
2657,4
2667,1
2668,1
2673,70
2681,7
2686,37
2691,2
2694,9
2701,1
2705,2
2710,17
2713,13
2717,3
2722,4
2723,1
2728,1
2729,1
2730,1
2735,27
2744,1
2764,4
2765,2
2769,1
2771,243
2777,4
2778,1
2782,2
2784,2
2785,2
2791,65
2795,2
2804,12
2809,2
2813,1
2814,49
2819,12
2828,4
2833,3
2836,20
2841,2
2844,2
2846,12
2852,2
2858,418
2859,13
2862,4
2865,2
2871,12
2874,2
2890,1
2895,2
2898,16
2900,2
2901,38
2906,3
2907,2
2910,1
2918,32
2930,125
2931,1
2932,2
2937,1
2938,14
2944,27
2958,1
2961,31
2962,65
2963,1
2965,1
2969,1
2975,2
2977,3
2983,2
2984,89
2985,7
2992,5
2995,4
3003,1
3009,2
3012,1285
3013,11
3014,1
3015,2
3018,1
3020,6
3021,1
3022,10
3024,1
3027,1
3028,1
3039,2
3041,48
3042,55
3044,6
3047,3
3048,1
3053,40
3059,2
3061,2
3063,3
3065,35
3066,4
3074,1
3075,9
3079,1
3089,1
3094,3
3099,1
3104,3
3105,27
3109,21
3121,1
3122,1
3123,24
3125,17
3128,18
3140,4
3144,3
3149,3
3151,13
3152,2
3155,1
3162,3
3171,4
3179,1
3186,1
3195,2
3196,20
3198,1
3201,5
3202,15
3205,7
3212,177
3213,4
3214,10
3216,72
3219,1
3224,6
3225,11
3228,1
3229,1
3237,10
3240,6
3269,24
3292,1
3297,1
3302,4
3305,2
3308,71
3311,4
3317,172
3319,3
3320,30
3324,47
3333,1
3335,1
3338,73
3339,3
3344,21
3358,1
3361,2
3362,6
3366,1
3367,1
3368,1
3372,1
3373,15
3381,1
3382,1
3387,1
3401,1
3409,1
3410,1
3414,1
3452,1
3453,1
3454,2
3458,1
3460,1
3461,1
3462,1
3472,1
3480,45
3482,5
3484,37
3487,1135
3492,4
3497,13
3498,8
3501,65
3504,34
3507,1
3510,1
3512,1
3516,5
3523,5
3524,1
3526,1
3532,118
3533,1
3535,1
3537,6
3541,118
3543,9
3544,2
3546,3
3547,1
3550,2
3552,2
3553,1
3554,1
3556,1
3558,1
3559,3
3562,1
3568,2
3569,1
3570,17
3582,1
3585,2
3588,1
3591,5
3592,352
3596,1
3602,5
3603,6
3604,1
3607,1
3614,5
3615,7
3616,49
3618,3
3619,4
3620,3
3621,2
3626,1
3627,58
3629,9
3635,2
3641,1
3644,2
3645,20
3647,3
3654,1
3656,4
3657,2
3658,3
3663,63
3671,3
3680,1
3683,9
3684,9
3685,1171
3686,1
3693,3
3699,1
3700,597
3704,1
3706,1
3707,1
3709,52
3710,1
3711,1
3712,1
3718,5
3719,1
3720,1
3722,1
3729,15
3730,13
3732,1
3733,1
3744,117
3747,2
3748,9
3749,1
3750,1
3751,1
3757,99
4029,1
4033,1
4040,1
4042,1
4047,1
4053,4
4058,4
4061,1
4062,1
4063,5
4065,1
4067,1
4068,2
4071,2
4072,1
4083,1
4109,2
4110,1
4118,12
4124,1
4126,1
4134,2
4148,2
4149,1
4152,1
4157,1
4160,3
4161,2
4163,1
4200,1
4208,1
4209,3
4210,5
4211,2
4212,1
4217,1
4222,171
4231,5
4233,1
4234,4
4235,12
4236,1
4248,1
4265,2
4267,2
4296,71
4313,1
4318,3
4319,2
4320,1
4322,1
4324,1
4326,1
4329,24
4331,3
4332,1
4334,58
4336,1
4338,2
4339,2
4341,4
4346,74
4350,1
4351,7
4352,2
4357,1
4361,1
4362,1
4366,2
4368,1
4369,212
4370,1
4371,1
4372,2
4374,1
4376,2
4381,1
4384,2
4385,2
4386,1
4391,7
4400,2
4402,1
4410,210
4413,1
4415,1
4423,1
4429,1
4436,7
4439,15
4440,1
4443,5
4449,2
4455,5
4456,22
4469,1
4474,4
4477,1
4484,2
4487,4
4488,3
4489,2
4491,3
4497,1
4498,4
4499,152
4512,1
4514,2
4517,3
4518,1
4520,13
4523,2
4524,1
4525,387
4527,5
4528,4
4529,1
4537,1
4544,1
4546,1
4554,3
4560,1
4563,48
4564,2
4566,2
4570,13
4580,1
4582,2
4585,1
4591,14
4592,1
4606,1
4610,1
4613,11
4614,4
4615,42
4617,2
4618,1
4619,1
4620,4
4621,5
4622,5
4623,5
4624,5
4625,1
4626,2
4627,6
4633,1
4634,7
4640,3
4641,1
4643,42
4645,2
4646,5
4651,5
4656,5
4660,5
4661,5
4662,4
4676,14
4679,4
4681,4
4682,1
4683,1
4685,1
4691,19
4692,5
4693,7
4696,2
4698,1
4701,5
4703,2
4704,2
4705,3
4714,1
4716,2
4718,1
4719,4
4720,1
4724,777
4725,2
4727,2
4729,4
4731,11
4732,2
4735,1
4739,1
4740,1
4741,1
4744,2
4745,2
4746,5
4748,5
4749,4
4750,3
4751,5
4754,1
4755,2
4756,3
4757,1
4758,1
4759,5
4760,2
4761,16
4765,30
4766,126
4773,1
4779,3
4783,11
4784,1
4785,3
4788,5
4789,4
4797,7
4798,2
4799,1
4800,4
4803,62
4806,1
4811,2
4814,1
4815,1
4818,3
4820,3
4824,1
4825,3
4828,1
4831,3
4833,1
4838,1
4840,2
4841,38
4856,5
4867,52
4877,1
4887,888
4889,3
4896,41
4898,2
4899,1
4906,20
4908,2
4918,1
4931,2
4932,100
4935,3
4937,1
4938,1
4944,1
4949,5
4959,1
4962,2
4965,3
4969,1
4971,13
4977,4
4984,92
4987,1
4989,1
4993,11
4994,1
4995,4
4998,6
5000,218
5008,4
5012,3
5013,2
5016,1
5019,5
5020,1
5023,1
5030,4
5038,1
5045,56
5046,1
5047,2
5048,2
5049,2
5057,1
5064,1
5066,2
5069,1
5071,8
5074,1
5076,2
5077,6
5083,3
5119,1
5121,2
5122,3
5123,1
5125,28
5126,2
5127,9
5135,5
5136,1
5137,1
5140,1
5144,1
5147,1
5149,27
5150,1
5151,1
5152,1
5155,3
5156,1
5157,1
5164,2
5165,2
5166,1
5167,9
5170,2
5175,1
5177,1
5178,11
5182,10
5183,2
5186,3
5188,1
5192,9
5197,2
5204,2
5208,1
5211,8
5213,1
5234,2
5240,2
5246,1
5248,2
5252,12
5254,1
5257,3
5261,2
5270,21
5277,1
5278,1
5281,1
5290,1
5291,2
5297,2
5306,2
5308,4
5310,10
5315,1
5317,2
5318,2
5321,3
5324,1
5331,1
5333,2
5336,2
5338,1
5339,14
5340,1
5342,1
5345,9
5346,6
5348,5
5356,12
5359,1
5361,1
5362,4
5365,1
5373,4
5377,2
5379,1
5381,1
5382,55
5383,4
5389,1
5390,257
5391,5
5393,23
5397,2
5403,1
5406,3
5407,2
5411,2
5428,7
5431,46
5432,5
5438,54
5439,2
5460,4
5466,7
5468,29
5473,20
5476,3
5483,1
5486,1
5488,2
5502,1
5505,1
5509,7
5511,486
5513,63
5515,5
5520,7
5521,29
5527,2
5531,1
5535,1
5537,43
5543,1
5544,14
5545,2
5558,2
5572,62
5578,2
5589,1
5606,33
5608,1
5611,4
5615,67
5620,5
5628,15
5630,1
5632,2
5634,2
5636,1
5640,1
5643,6
5653,3
5654,14
5658,2
5660,27
5664,2
5666,6
5671,1
5676,16
5680,42
5685,1
5686,2
5687,3
5689,1
5690,6
5696,5
5699,9
5706,1
5707,37
5708,1
5709,6
5711,2
5714,1
5715,2
5719,1
5721,13
5722,60
5728,1
5729,3
5736,5
5746,1
5754,1
5759,12
5760,65
5770,11
5773,1
5774,1
5784,5
5789,7
5791,1
5805,24
5806,33
5812,31
5815,1
5816,2
5818,1
5819,1
5827,5
5834,2
5836,3
5838,2
5839,2
5841,2
5843,46
5847,6
5851,76
5852,120
5861,88
5868,9
5874,2
5890,1
5892,6
5894,1
5898,1
5907,3
5908,13
5912,2
5919,2
5924,66
5928,2
5942,3
5947,86
5953,1
5956,2
5965,9
5971,12
5976,82
5978,1
5999,7
6001,2
6003,148
6005,11
6012,1
6013,9
6016,52
6021,11
6023,1
6024,4
6029,7
6035,28
6038,9
6052,6
6056,284
6060,1
6064,7
6069,16
6070,1
6074,1
6075,184
6076,87
6078,87
6079,1
6091,2
6092,133
6097,2
6105,1
6106,1
6107,2
6108,3
6112,13
6121,1
6126,1
6127,1
6129,1
6136,2
6147,3
6148,1
6152,14
6153,8
6154,1
6157,1
6159,2
6166,2
6168,4
6171,1479
6173,1
6178,1
6179,2
6186,4
6190,379
6192,1
6193,15
6194,52
6198,10
6203,6
6204,6
6207,12
6208,2
6218,1
6227,1
6231,6
6232,2
6233,4
6234,15
6238,1
6240,11
6241,4
6242,3
6243,17
6246,6
6261,5
6265,3
6269,2
6271,1
6275,757
6276,22
6279,24
6288,9
6293,64
6301,4
6305,1
6306,2
6309,5
6311,2
6313,22
6314,7
6316,1
6317,5
6318,2
6319,36
6320,4
6325,2
6326,16
6328,1
6333,37
6335,2
6336,9
6341,34
6345,95
6347,4
6352,23
6356,1
6358,81
6359,1
6367,1
6368,4
6380,98
6388,7
6389,22
6401,2
6404,2
6405,117
6414,4
6427,5
6435,2
6446,5
6448,1
6449,2
6450,44
6453,7
6461,1
6466,1
6472,1
6473,1
6480,8
6483,44
6484,5
6488,2
6489,277
6491,1
6492,1
6493,20
6494,16
6496,1
6506,1
6508,26
6516,4
6519,2
6523,2
6525,97
6527,3
6534,5
6537,12
6539,20
6540,49
6544,6
6545,15
6547,7
6549,84
6553,6
6555,15
6556,2
6558,117
6562,7
6565,5
6570,1
6571,1
6573,831
6575,1
6576,26
6581,1
6585,10
6586,99
6587,1
6591,44
6594,1
6596,19
6597,1
6598,127
6602,1
6604,1
6605,6
6606,143
6609,28
6613,17
6614,2
6615,2
6616,46
6618,22
6622,20
6634,33
6638,2
6640,11
6642,55
6643,1
6645,5
6646,1
6649,64
6655,8
6656,1
6658,1
6661,2
6662,2
6665,1
6667,273
6668,8
6671,397
6672,28
6673,33
6676,3
6677,1
6678,1
6679,1
6681,7
6682,2
6690,34
6694,1
6698,24
6699,1
6700,11
6703,2
6705,11
6706,4
6708,55
6721,3
6727,6
6728,3
6730,8
6731,1
6732,11
6737,3
6738,3
6744,20
6745,11
6748,1
6749,6
6752,1
6754,4
6757,2
6763,244
6765,1
6766,2
6767,16
6773,1
6775,1
6778,3
6780,2
6782,1
6786,8
6788,23
6793,4
6794,21
6796,1
6803,2
6807,3
6808,1
6812,11
6814,1
6822,1
6824,4
6826,3
6830,1
6835,1
6838,29
6844,4
6846,2
6848,3
6851,2
6856,66
6859,2
6860,20
6862,1
6863,35
6865,1
6868,474
6871,99
6874,127
6875,20
6877,6
6886,15
6890,2
6891,3
6902,1
6903,6
6906,5
6910,7
6913,3
6924,7
6925,6
6934,6
6942,5
6946,66
6951,2
6952,35
6954,6
6955,1
6961,1
6964,1
6967,150
6972,1
6974,23
6979,2
6980,3
6984,20
6985,1
6986,3
6993,14
6998,1
7003,2
7005,1
7007,3
7008,5
7017,38
7018,1
7019,2
7020,1
7026,3
7030,3
7031,2
7032,1
7034,1
7044,17
7047,1
7048,2
7051,9
7052,4
7054,1
7055,2
7057,1
7061,1
7062,3
7066,8
7072,3
7075,1
7085,22
7086,5
7087,2
7088,1
7091,19
7093,6
7094,1
7095,3
7097,4
7098,120
7100,1
7104,49
7105,2
7106,14
7107,4
7110,2
7112,1
7113,29
7114,4
7115,5
7116,1
7118,15
7120,2
7121,297
7126,3
7129,2
7133,10
7136,1
7142,331
7146,2
7151,3
7157,9
7160,5
7161,1
7162,1
7163,2
7164,3
7165,4
7167,3
7173,10
7178,2
7179,1
7182,1
7183,4
7186,2
7187,2
7195,1
7196,23
7208,3
7214,11
7216,6
7218,14
7220,1
7225,208
7231,1
7232,1
7233,1
7234,30
7236,8
7237,2
7241,1
7242,13
7243,10
7244,1
7246,12
7247,6
7249,68
7253,2
7255,21
7256,37
7258,3
7260,1
7264,6
7268,1
7269,2
7270,3
7272,5
7275,4
7276,15
7281,111
7288,2
7289,3
7290,2
7291,1
7294,1
7295,35
7297,3
7301,1
7302,149
7303,15
7307,4
7312,15
7314,1
7315,1
7319,1
7322,130
7324,2
7325,2
7327,6
7330,57
7336,19
7337,22
7340,7
7345,1
7346,17
7351,4
7355,4
7356,3
7357,4
7358,5
7359,10
7361,1
7363,2
7364,1
7365,9
7366,1
7369,1
7370,3
7375,690
7379,6
7382,1
7384,24
7388,2
7390,25
7399,2
7412,39
7413,47
7414,1
7417,1
7418,23
7425,1
7427,40
7428,1
7429,41
7430,7
7433,7
7437,175
7438,14
7442,18
7449,10
7457,4
7458,1
7460,2
7461,22
7463,1
7467,4
7469,1
7470,90
7472,89
7479,1
7481,3
7483,6
7485,948
7487,3
7490,336
7493,12
7494,83
7495,3
7496,82
7499,3
7507,4
7509,2
7510,88
7514,2
7515,1
7516,273
7518,11
7519,12
7521,46
7522,7
7526,25
7528,281
7529,6
7531,1
7535,1
7536,4
7539,3
7540,14
7541,1
7542,1
7543,71
7550,33
7551,73
7553,362
7554,2
7555,5
7556,1
7558,1
7560,3
7568,5
7569,9
7571,9
7572,1
7574,4
7575,3
7578,1
7579,6
7584,1
7586,3
7589,1
7591,2
7592,56
7593,1
7599,21
7600,1
7601,452
7602,28
7604,3
7606,1
7608,4
7609,14
7614,1
7615,1
7616,1
7619,1
7620,1
7627,4
7630,37
7633,7
7635,1
7641,3
7646,41
7649,2
7652,1
7653,2
7654,3
7655,1
7656,9
7660,3
7662,164
7665,1
7667,1
7668,1
7669,1
7670,9
7672,3
7673,2
7675,14
7678,2
7679,1
7680,2
7681,11
7682,1
7683,1
7684,1
7689,9
7691,10
7696,1
7701,1
7724,1
7725,27
7728,10
7731,1
7732,3
7733,1
7736,4
7744,1
7745,1
7749,1
7750,1
7751,2
7752,4
7753,8
7754,2
7756,1
7758,4
7759,1
7761,14
7763,1
7766,1
7768,1
7769,5
7772,1
7773,12
7777,1
7785,26
7788,2
7789,2
7794,341
7798,16
7801,1
7802,3
7804,1
7808,9
7815,60
7816,6
7822,4
7824,8
7826,9
7827,21
7828,2
7829,384
7831,2
7832,4
7834,40
7836,1
7838,9
7840,1
7844,7
7845,1
7846,2
7848,26
7850,2
7851,12
7853,2
7855,4
7856,4
7857,8
7863,13
7867,39
7869,15
7870,1
7875,1
7878,78
7880,1
7881,1
7882,1
7883,1
7884,2
7885,1
7887,134
7890,47
7894,80
7897,39
7912,1
7920,3
7922,7
7923,9
7928,1
7929,1
7930,1
7931,18
7933,6
7934,282
7937,1
7939,1
7943,1
7950,6
7953,6
7954,2
7960,2
7963,1
7964,263
7965,6
7966,14
7967,1
7969,166
7980,20
7982,2
7983,5
7986,5
7988,3
7991,1
7994,10
7996,1
7997,594
7998,3
8000,1
8004,1
8007,1
8019,4
8022,3
8023,176
8027,4
8028,1
8029,8
8034,42
8039,86
8040,2
8043,1
8050,1
8052,3
8054,1
8055,21
8057,1
8061,1
8065,1
8066,38
8068,1
8070,10
8072,7
8079,3
8080,8
8085,3
8086,16
8087,6
8088,2
8090,2
8091,2
8099,2
8103,4
8105,1
8106,1
8107,4
8109,3
8110,7
8111,2
8112,1
8113,15
8114,2
8115,2
8116,5
8117,4
8118,1
8119,1
8120,1
8121,1
8123,5
8125,26
8126,2
8127,2
8132,1
8136,5
8137,8
8138,2
8141,4
8142,1
8147,1
8148,3
8149,2
8150,53
8154,30
8155,8
8156,2
8157,7
8160,23
8161,7
8165,13
8166,146
8167,1
8170,1
8174,1
8182,4
8183,4
8186,5
8192,1
8197,32
8198,1
8199,1
8201,23
8203,45
8204,3
8209,61
8211,1
8212,1
8217,11
8221,6
8225,8
8229,2
8234,1
8235,105
8238,3
8240,11
8243,4
8244,30
8247,18
8249,7
8256,369
8257,18
8261,1
8262,6
8263,1
8264,20
8269,2
8271,1
8272,20
8275,182
8277,1
8280,3
8285,3
8286,1
8288,1
8290,4
8293,1
8296,1
8300,3
8302,7
8304,64
8308,4
8310,15
8311,3
8312,19
8313,1
8315,1
8319,1
8320,7
8321,265
8327,4
8328,21
8329,1
8333,1
8339,3
8343,2
8346,12
8350,2
8352,6
8354,80
8358,5
8364,1
8365,4
8374,3
8377,2
8380,23
8381,1
8382,22
8386,11
8389,12
8392,4
8394,32
8395,9
8397,3
8399,5
8400,1
8402,2
8404,2
8405,1
8410,37
8411,1
8415,1
8420,1
8422,14
8423,100
8425,6
8426,4
8428,2
8429,1
8432,2
8436,9
8438,24
8440,1
8443,1
8446,4
8449,2
8450,11
8454,2
8457,13
8460,2
8461,15
8468,10
8471,3
8476,2
8479,27
8480,22
8481,1
8483,536
8484,7
8488,10
8494,2
8500,58
8502,1
8506,4
8507,207
8509,1
8512,66
8513,2
8516,1
8517,1
8518,2
8521,1
8522,146
8525,1
8526,1
8533,19
8534,1
8536,9
8539,5
8540,1
8541,1
8542,62
8549,1
8550,5
8556,1
8560,1
8563,2
8576,81
8577,3
8584,3
8585,9
8586,16
8587,28
8589,11
8593,2
8594,1
8595,1
8600,150
8602,1
8603,23
8604,113
8605,1
8606,53
8613,1
8614,13
8616,28
8619,1
8623,24
8626,2
8628,1
8630,12
8633,364
8636,16
8637,18
8638,14
8640,41
8642,2
8643,1
8644,1
8645,162
8647,2
8648,12
8649,1
8655,17
8657,1
8658,6
8663,2
8672,1
8674,5
8679,4
8682,2
8683,13
8685,140
8687,1
8694,6
8695,1
8699,16
8702,20
8704,47
8705,19
8706,2
8707,2
8708,15
8709,17
8713,2
8716,1
8717,1
8720,3
8721,1
8724,1
8733,2
8736,1
8742,11
8743,5
8744,1
8746,2
8748,5
8751,12
8754,3
8764,1
8766,3
8768,1
8769,68
8773,1
8775,3
8777,10
8785,64
8792,844
8801,6
8807,11
8811,2
8814,5
8815,1
8819,14
8826,1
8827,1
8834,8
8841,48
8847,146
8849,11
8850,58
8852,6
8858,4
8865,1
8869,2
8870,15
8872,76
8873,1
8886,11
8889,10
8891,8
8893,8
8896,6
8897,38
8898,8
8899,6
8906,13
8910,1
8915,1
8916,71
8919,47
8922,1
8926,2
8933,2
8935,20
8937,1
8945,2
8946,79
8948,2
8953,1
8954,13
8956,19
8960,3
8965,66
8969,15
8970,4
8973,4
8977,3
8978,162
8982,29
8985,1
8986,61
8987,127
8988,118
8992,150
8996,2
8998,7
9003,1
9004,5
9005,2
9009,15
9012,2
9013,8
9014,127
9015,9
9019,2
9022,14
9023,1
9024,3
9025,1
9026,2
9037,1
9046,6
9049,1
9050,1
9051,1
9052,1
9053,1
9054,46
9055,2
9062,1
9063,182
9065,8
9073,42
9077,2
9080,8
9081,1
9082,20
9086,1
9095,8
9100,1
9103,2
9107,1
9109,34
9110,10
9111,1
9116,96
9125,2
9126,1
9137,92
9143,2
9147,1
9148,4
9159,3
9162,1
9164,7
9171,23
9172,2
9179,1
9180,1
9182,2
9185,12
9186,8
9187,2
9190,2
9192,1
9194,1
9195,2
9200,1
9207,1
9213,12
9215,1
9217,7
9218,1
9221,2
9224,14
9229,1
9231,1
9233,13
9235,1
9236,8
9237,1
9240,1
9242,1
9244,4
9247,1
9251,32
9253,10
9259,1
9260,2
9262,1
9263,1
9279,5
9280,5
9283,1
9284,1
9289,1
9297,110
9299,2
9301,18
9304,555
9306,1
9311,2
9313,35
9314,1
9315,1
9319,6
9321,4
9322,2
9325,12
9326,2
9332,1
9334,2
9336,27
9342,1
9344,6
9346,1
9348,125
9349,6
9350,5
9352,3
9353,1
9360,10
9367,3
9377,5
9378,2
9380,4
9382,84
9384,56
9387,8
9388,6
9389,2
9391,1
9394,7
9397,87
9398,11
9400,19
9407,5
9413,6
9423,1
9424,15
9431,19
9432,29
9433,1
9434,1
9438,1
9439,1
9442,3
9445,1
9450,1
9454,22
9455,30
9456,3
9458,1
9460,43
9461,2
9464,2
9468,3
9474,1
9475,1
9478,3
9480,34
9482,1
9484,6
9489,2
9497,1
9498,1
9499,18
9501,10
9508,151
9511,1
9512,2
9515,1
9520,1
9522,55
9526,7
9538,1
9540,1
9544,4
9546,1
9547,2
9548,11
9550,1
9552,8
9553,9
9554,331
9555,211
9556,8
9559,6
9568,1
9569,1
9570,16
9571,16
9574,2
9580,59
9584,2
9586,1
9590,2
9591,1
9592,1
9595,7
9596,21
9597,1
9599,45
9600,118
9602,16
9606,44
9607,1
9611,1
9614,1
9622,4
9623,2
9624,1
9625,1
9626,1
9627,2
9628,1
9630,1
9632,1
9633,1
9637,85
9643,2
9644,1
9645,1
9649,8
9655,29
9656,2
9657,6
9659,2
9660,1
9663,1
9669,1
9671,1
9673,245
9676,2
9677,267
9680,1
9681,13
9683,22
9686,23
9688,18
9692,7
9701,12
9706,71
9707,9
9709,44
9714,1
9715,3
9716,5
9722,2
9724,27
9726,1
9730,1
9734,2
9740,6
9750,1
9752,1
9753,18
9760,1
9763,1
9764,2
9765,32
9769,1
9780,7
9781,5
9787,165
9788,1
9789,5
9790,9
9792,19
9796,48
9818,42
9819,16
9821,85
9822,2
9826,9
9827,2
9831,1
9833,4
9838,6
9839,2
9840,4
9844,1
9846,352
9849,1
9851,46
9858,7
9861,29
9862,328
9865,1
9868,23
9871,2
9877,9
9881,1
9883,1
9885,21
9886,1
9889,5
9895,2
9897,3
9901,14
9902,1
9903,5
9908,21
9910,15
9913,2
9914,2
9919,42
9921,7
9922,15
9923,1
9925,4
9930,1
9932,40
9936,1
9946,1
9947,10
9948,1
9949,12
9957,64
9960,1
9963,2
9966,1
9969,20
9971,4
9977,2
9979,2
9981,2
9982,3
9999,13
10001,4
10006,1
10008,1
10010,19
10013,141
10014,6
10015,27
10033,2
10035,7
10040,1
10045,2
10050,1
10056,2
10059,19
10060,88
10065,1
10066,1
10069,16
10074,17
10075,1
10077,2
10086,25
10089,1
10090,4
10094,1
10097,3
10099,1
10102,2
10111,1
10114,5
10122,3
10135,8
10139,8
10140,20
10149,1
10150,2
10152,3
10153,5
10159,15
10161,13
10166,1
10169,46
10177,12
10178,1
10182,2
10183,26
10189,1
10190,3
10193,2
10200,4
10204,4
10207,1
10208,4
10210,2
10212,1
10216,13
10218,130
10219,3
10221,4
10225,2
10226,2
10227,3
10228,3
10237,1
10239,2
10240,15
10244,2
10247,3
10249,10
10252,2
10256,3
10259,2
10260,3
10261,1
10264,3
10278,1
10279,1
10286,1
10288,1
10290,31
10292,12
10304,11
10306,1
10314,32
10315,10
10318,62
10324,100
10326,1
10332,5
10334,5
10335,4
10342,1
10345,1
10351,9
10353,2
10354,1
10372,472
10373,5
10375,6
10376,3
10380,1
10381,5
10382,2
10383,4
10384,2
10385,4
10386,5
10390,7
10397,13
10399,1
10403,3
10405,12
10409,37
10410,1
10411,9
10417,4
10421,48
10428,57
10430,1
10433,2
10434,1
10435,1
10436,16
10440,7
10446,1
10447,22
10448,49
10449,1
10451,4
10457,1
10462,5
10470,1
10475,2
10479,1
10480,1
10481,18
10483,32
10490,1
10491,4
10497,3
10500,1
10502,3
10503,5
10505,9
10510,8
10512,6
10516,2
10518,19
10520,5
10522,7
10524,12
10525,2
10528,130
10531,1
10532,1
10535,3
10537,14
10542,1
10545,20
10546,2
10551,1
10552,4
10553,1
10555,2
10556,2
10557,2
10560,5
10561,2
10562,3
10563,1
10564,1
10565,1
10566,1
10568,19
10570,2
10571,1
10572,21
10574,1
10575,1
10576,5
10577,1
10578,1
10579,1
10580,1
10582,2
10586,1
10587,1
10589,2
10590,1
10592,1
10594,1
10595,1
10597,3
10598,1
10599,2
10600,3
10603,1
10605,1
10609,1
10610,1
10613,1
10614,3
10615,4
10616,2
10617,2
10618,1
10619,1
10620,3
10621,1
10622,1
10623,2
10624,2
10625,1
10626,1
10628,5
10631,1
10632,6
10634,1
10635,1
10637,1
10640,3
10647,2
10648,1
10649,2
10650,1
10652,1
10653,1
10654,1
10655,1
10656,1
10657,4
10659,1
10662,1
10665,1
10668,3
10671,2
10674,1
10675,1
10676,2
10677,21
10679,1
10684,1
10685,41
10686,1
10696,1
10697,1
10698,1
10699,1
10700,1
10701,3
10703,1
10704,3
10706,2
10710,1
10712,58
10713,1
10714,2
10719,2
10721,1
10726,1
10727,1
10730,1
10734,1
10737,1
10738,1
10742,1
10744,1
10747,2
10750,1
10751,1
10753,1
10756,17
10759,1
10760,1
10761,1
10763,13
10765,1
10769,1
10770,2
10773,1
10774,5
10775,19
10778,3
10790,1
10792,3
10794,1
10795,2
10801,14
10803,1
10805,140
10811,14
10813,1
10815,2
10817,1
10819,1
10821,8
10822,1
10825,5
10827,1
10831,2
10837,22
10839,2
10840,6
10845,9
10850,1
10853,26
10855,1
10856,13
10857,1
10860,1
10862,15
10863,2
10864,9
10865,166
10868,63
10871,8
10874,8
10875,3
10877,1
10880,2
10883,3
10891,10
10892,1
10893,2
10895,1
10896,13
10901,2
10903,1
10910,18
10917,145
10918,275
10923,5
10929,3
10936,42
10940,4
10942,3
10943,3
10948,1
10951,1
10952,6
10958,7
10966,3
10967,45
10981,1
10990,1
10992,25
11041,1
11077,4
11078,8
11079,4
11080,149
11081,1
11082,19
11084,5
11085,2
11086,1
11087,1
11089,2
11092,1
11096,11
11097,3
11098,5
11099,111
11100,38
11104,4
11108,1
11110,1
11113,22
11115,61
11117,2
11126,1
11130,66
11132,1
11143,52
11146,1
11152,4
11154,31
11157,2
11160,343
11161,3
11164,1
11166,11
11169,1
11170,35
11178,5
11179,15
11182,17
11192,2
11196,41
11198,26
11201,6
11202,188
11204,3
11208,1
11210,2
11211,56
11213,23
11216,3
11217,61
11219,1
11221,40
11222,2
11226,5
11227,10
11228,2
11233,6
11237,68
11245,2
11247,6
11248,79
11249,1
11251,1
11254,2
11255,1
11258,1
11259,1
11261,1
11273,1
11275,2
11286,1
11309,1
11316,2
11318,1
11319,32
11321,2
11330,13
11336,4
11339,1
11340,38
11341,2
11342,6
11344,17
11347,3
11349,10
11350,12
11353,4
11355,3
11358,6
11360,3
11364,1
11367,9
11368,7
11369,3
11370,4
11371,3
11372,1
11376,2
11377,1
11378,1
11379,1
11380,131
11385,7
11387,1
11388,2
11392,1
11393,2
11395,2
11396,1
11397,1
11401,2
11412,2
11413,1
11416,6
11417,1
11420,60
11424,4
11426,3
11427,2
11428,6
11430,7
11436,1
11440,3
11442,2
11447,8
11448,1
11449,3
11453,2
11456,66
11460,1
11461,1
11471,8
11475,7
11479,1
11480,4
11482,5
11486,22
11487,9
11488,1
11489,38
11491,4
11492,3
11497,32
11498,123
11499,3
11504,9
11505,10
11506,9
11507,5
11509,1
11512,192
11514,2
11515,7
11518,43
11519,10
11525,2
11526,2
11527,1
11528,1
11529,6
11530,53
11531,13
11534,5
11536,2
11540,25
11543,3
11545,6
11547,2
11548,4
11549,4
11551,2
11553,3
11554,27
11555,144
11556,14
11557,16
11562,2
11565,3
11566,10
11567,1
11568,2
11569,1
11570,2
11572,1
11574,1
11575,17
11579,82
11583,1
11585,11
11589,40
11592,66
11593,2
11601,487
11607,1
11610,14
11613,20
11615,5
11618,2
11620,1
11621,1
11623,1
11625,3
11635,1
11641,1
11644,1
11648,1
11650,1
11658,7
11662,29
11670,1
11671,1
11673,3
11679,3
11686,3
11688,1
11692,2
11705,3
11710,30
11715,49
11718,67
11720,2
11722,16
11725,60
11726,1
11727,4
11730,33
11731,5
11735,1
11739,21
11748,1
11753,1
11755,35
11757,1
11758,13
11759,56
11760,2
11767,20
11768,1
11772,1
11773,1
11774,10
11775,6
11777,1
11783,6
11785,1
11787,31
11789,4
11791,2
11792,32
11795,6
11796,10
11797,3
11799,12
11804,121
11806,1
11811,1
11820,239
11821,4
11822,4
11823,1
11825,10
11834,1
11835,83
11838,1
11839,18
11842,1
11845,7
11846,50
11848,2
11852,1
11853,8
11856,1
11857,9
11860,35
11866,7
11868,1
11869,1
11876,11
11881,7
11884,3
11890,2
11898,3
11904,7
11917,19
11920,11
11921,3
11922,3
11927,1
11928,106
11933,24
11934,6
11935,1
11936,1
11939,2
11940,31
11942,1
11943,5
11945,2
11946,70
11948,3
11950,1
11952,2
11953,5
11954,7
11956,3
11962,74
11963,1
11967,2
11974,3
11976,6
11977,6
11979,11
11980,2
11981,5
11982,36
11984,1
11986,4
11988,5
11989,2
11990,4
11996,3
11998,28
11999,5
12000,1
12002,2
12011,1
12014,2
12016,9
12021,4
12025,8
12026,1
12031,2
12033,4
12035,19
12037,58
12038,1
12041,166
12042,1
12044,1
12047,1
12048,1
12049,1
12050,4
12052,1
12053,1
12056,8
12057,1
12059,1
12062,1
12066,5
12067,62
12068,8
12071,15
12072,16
12074,1
12078,6
12080,273
12082,1
12083,1
12086,10
12089,3
12094,4
12097,3
12098,2
12099,1
12100,7
12101,2
12104,2
12105,2
12114,1
12116,4
12117,10
12118,5
12119,1
12120,2
12122,2
12123,1
12125,6
12126,20
12128,5
12131,1
12132,1
12133,1
12134,1
12137,1
12144,6
12147,37
12149,5
12157,1
12158,5
12160,2
12161,14
12163,3
12167,1
12170,2
12171,13
12174,1
12178,1
12179,1
12183,1
12184,9
12186,1
12188,1
12189,129
12190,6
12191,9
12192,21
12194,2
12195,1
12196,2
12197,2
12204,1
12208,6
12211,185
12212,3
12216,158
12217,3
12218,1
12222,49
12223,2
12225,1
12226,7
12228,1
12230,4
12232,1
12233,1
12234,2
12235,3
12237,4
12238,3
12242,16
12243,6
12244,4
12251,3
12256,3
12257,1
12258,1
12259,1
12260,71
12263,6
12264,5
12265,1
12266,2
12267,317
12269,7
12272,1
12274,44
12276,46
12277,1
12280,4
12281,12
12282,3
12283,3
12286,1
12288,3
12290,1
12291,7
12297,358
12299,1
12302,5
12303,1
12304,1
12310,63
12311,25
12312,1
12313,6
12316,1
12318,2
12319,8
12320,8
12323,1
12324,61
12326,1
12329,1
12332,44
12333,3
12334,2
12335,7
12337,1
12339,3
12342,3
12343,23
12344,4
12349,5
12350,13
12356,1
12362,3
12363,1
12372,1
12375,1
12377,3
12378,1
12379,12
12381,26
12383,1
12385,1
12386,8
12387,2
12389,1
12390,5
12392,7
12393,3
12398,3
12399,1
12401,1
12403,2
12405,3
12407,4
12409,2
12410,3
12411,15
12413,28
12416,2
12417,3
12418,8
12419,1
12421,13
12428,3
12430,1
12431,1
12434,13
12435,1
12438,108
12441,1
12445,39
12446,5
12449,1
12461,1
12465,2
12475,3
12478,3
12479,1
12485,14
12489,1
12491,4
12493,69
12495,1
12501,2
12502,1
12503,3
12504,4
12505,1
12507,5
12508,1
12510,2
12514,34
12522,14
12524,1
12525,1
12528,7
12529,4
12531,13
12532,4
12533,195
12534,23
12535,12
12537,1
12538,3
12539,2
12541,1
12542,14
12543,61
12546,6
12550,7
12552,3
12559,30
12561,1
12564,1
12566,3
12569,1
12570,10
12573,286
12574,1
12575,5
12576,23
12579,2
12584,2
12586,3
12588,2
12589,1
12592,26
12595,1
12600,5
12601,3
12602,5
12605,2
12606,3
12607,2
12608,3
12609,5
12610,5
12611,5
12612,5
12613,5
12615,5
12617,6
12618,5
12623,2
12629,8
12631,1
12636,1
12637,2
12642,10
12646,7
12648,1
12650,1
12652,6
12653,66
12654,38
12658,48
12661,33
12662,3
12665,1
12666,3
12669,2
12674,1
12677,1
12679,10
12680,10
12681,1
12690,4
12694,1
12696,7
12697,19
12698,12
12700,239
12703,4
12706,5
12707,1
12709,11
12712,1
12714,2
12718,3
12722,32
12723,1
12727,2
12728,1
12729,37
12738,84
12741,2
12742,3
12747,7
12748,8
12749,3
12755,1
12757,1
12758,2
12763,2
12764,2
12767,1
12769,4
12771,3
12772,1
12774,36
12775,29
12779,2
12780,2
12781,27
12783,4
12787,1
12788,12
12792,1
12793,4
12794,4
12796,1
12797,1
12799,1
12801,3
12802,1
12803,1
12808,2
12809,1
12810,1
12815,3
12818,15
12819,1
12828,2
12829,24
12830,1
12835,4
12843,38
12844,36
12846,13
12850,3
12852,2
12854,2
12855,5
12857,15
12858,1
12862,1
12863,2
12864,3
12865,1
12870,36
12871,1
12872,119
12873,2
12875,21
12878,1
12879,1
12880,1
12884,4
12889,1
12896,1
12904,492
12906,1
12909,17
12912,1
12918,5
12920,5
12921,6
12923,4
12926,8
12932,1
12933,17
12934,7
12935,1
12937,7
12940,5
12942,10
12947,1
12949,1
12950,6
12951,1
12953,1
12954,3
12955,2
12956,1
12957,1
12958,1
12961,3
12962,1
12963,1
12964,9
12967,2
12968,10
12969,16
12971,9
12973,4
12974,3
12975,173
12977,10
12986,1
12987,11
12990,2
12991,1
12994,19
12995,14
12999,1
13002,2
13006,1
13009,219
13013,2
13016,13
13018,1
13019,3
13020,3
13021,4
13036,1
13038,193
13041,49
13045,1
13049,6
13054,7
13059,264
13061,4
13063,380
13065,6
13067,10
13068,182
13069,1
13087,1
13090,35
13093,44
13094,11
13095,1
13097,2
13098,2
13103,3
13109,5
13110,1
13113,2
13117,3
13118,12
13119,3
13121,2
13124,1
13128,2
13129,1
13130,1
13131,9
13133,12
13135,5
13138,9
13140,7
13142,2
13143,5
13144,4
13147,2
13149,33
13151,61
13153,1
13162,3
13166,9
13177,5
13181,18
13183,7
13185,17
13190,1
13192,31
13193,5
13196,5
13197,2
13198,5
13199,6
13202,2
13203,5
13206,2
13207,3
13208,4
13217,131
13220,4
13224,9
13226,5
13231,5
13233,1
13234,4
13235,1
13237,1
13240,2
13241,16
13246,4
13248,5
13250,1
13254,1
13258,1
13262,11
13266,9
13275,2
13276,6
13278,162
13279,2
13284,1
13290,130
13291,42
13295,9
13298,1
13299,10
13300,9
13301,1
13302,5
13304,2
13305,19
13306,1
13311,11
13312,2
13315,149
13318,282
13320,1
13321,1
13325,3
13328,337
13329,23
13333,3
13335,1
13336,25
13338,1
13342,7
13345,9
13349,5
13353,4
13360,8
13370,1
13373,3
13374,1
13377,7
13380,2
13382,3
13383,5
13388,1
13392,1
13393,1
13394,1
13396,1
13397,5
13399,1
13400,18
13402,1
13403,244
13406,1
13417,2
13418,4
13423,2
13424,82
13426,5
13428,3
13432,2
13436,2
13438,1
13442,4
13443,4
13446,5
13447,5
13449,3
13451,2
13454,10
13456,4
13457,8
13476,11
13477,4
13479,2
13483,1
13485,7
13487,1
13492,1
13499,15
13503,3
13506,2
13509,19
13510,1
13516,4
13521,1
13522,5
13523,4
13524,75
13526,2
13528,2
13534,1
13536,5
13540,8
13541,4
13546,4
13547,8
13549,26
13550,3
13551,5
13552,7
13554,1
13557,7
13564,8
13568,2
13569,6
13572,1
13575,3
13577,11
13584,4
13585,45
13587,69
13597,2
13599,1
13602,27
13605,5
13608,48
13610,5
13611,1
13612,1
13613,1
13614,39
13615,16
13619,3
13628,4
13630,44
13631,18
13632,16
13634,31
13641,16
13648,5
13651,2
13658,1
13660,1
13663,1
13667,3
13671,10
13674,4
13676,3
13677,1
13678,3
13681,2
13687,5
13691,3
13693,5
13696,112
13697,9
13700,3
13701,2
13702,3
13704,1
13706,1
13710,192
13713,5
13715,7
13716,3
13717,22
13718,3
13721,5
13724,5
13727,6
13728,52
13729,1
13734,3
13735,2
13736,4
13737,2
13738,11
13739,11
13740,19
13741,8
13742,1
13744,2
13745,3
13746,245
13747,2
13748,17
13751,14
13756,1
13757,5
13760,5
13762,3
13763,1
13770,12
13771,12
13772,1
13780,2
13781,6
13782,116
13785,218
13786,233
13788,5
13789,26
13796,5
13797,1
13801,43
13802,444
13805,58
13809,13
13810,1
13812,10
13817,8
13820,17
13823,3
13827,1
13829,19
13837,3
13842,3
13845,1
13848,9
13849,4
13850,13
13851,3
13852,2
13853,48
13854,10
13857,3
13863,3
13864,10
13866,29
13867,29
13868,1
13869,13
13870,3
13871,19
13872,1
13873,5
13879,10
13881,3
13882,3
13885,2
13888,1
13890,1
13891,8
13895,1
13896,1
13897,83
13898,10
13901,9
13906,30
13907,1
13909,35
13912,2
13913,17
13914,3
13917,1
13919,1
13931,9
13936,3
13937,7
13942,1
13946,25
13958,35
13959,3
13960,155
13961,1
13963,5
13964,9
13969,3
13970,2
13973,1
13975,129
13979,495
13981,20
13982,10
13983,7
13988,36
13989,6
13998,9
14000,9
14002,37
14005,15
14008,6
14015,2
14018,10
14020,3
14022,3
14023,1
14025,73
14026,40
14029,3
14031,156
14035,40
14036,10
14040,99
14043,3
14044,1
14049,1
14054,2
14055,3
14056,1
14059,61
14060,3
14064,2
14066,3
14072,7
14073,6
14074,1
14080,1
14081,63
14082,7
14089,1
14092,5
14093,1
14096,1
14097,1
14099,2
14103,4
14105,3
14108,7
14111,14
14116,1
14118,33
14119,9
14122,10
14125,3
14128,23
14131,3
14132,1
14133,109
14134,5
14137,17
14139,15
14140,1
14146,1
14147,9
14149,1
14153,1
14157,101
14160,15
14168,4
14171,1
14174,3
14175,3
14176,118
14188,4
14195,15
14201,2
14206,3
14209,29
14213,3
14216,11
14217,1
14218,1
14220,33
14225,23
14227,6
14229,25
14230,3
14231,4
14233,6
14234,2
14235,1
14241,2
14242,2
14243,3
14244,3
14245,246
14246,1
14247,10
14253,3
14254,1
14259,4
14263,20
14264,3
14270,131
14273,2
14276,13
14278,14
14281,17
14282,1
14284,1
14285,5
14287,2
14288,4
14289,3
14291,32
14292,5
14294,8
14295,3
14296,1
14298,38
14299,38
14300,1
14309,1
14310,1
14311,1
14312,5
14314,243
14315,5
14318,140
14319,3
14321,10
14322,1
14323,1
14324,1
14329,5
14330,50
14332,14
14335,1
14338,1
14340,1
14342,3
14347,2
14350,15
14357,1
14358,9
14359,5
14363,3
14367,19
14368,1
14370,2
14371,9
14374,2
14375,2
14376,1
14378,2
14382,1
14383,24
14384,9
14385,16
14390,12
14391,1
14394,317
14395,13
14398,1
14401,43
14402,1
14403,2
14406,1
14407,2
14409,34
14410,15
14412,19
14417,12
14418,6
14424,30
14430,2
14431,1
14436,5
14437,2
14439,14
14441,4
14442,37
14444,52
14445,3
14446,1
14448,2
14449,1
14450,1
14451,3
14452,2
14453,35
14455,17
14457,4
14458,5
14459,2
14460,179
14461,9
14463,19
14464,1
14467,6
14468,2
14469,1
14470,1
14472,2
14474,16
14476,5
14477,12
14479,30
14480,16
14481,1
14482,143
14483,1
14485,10
14486,2
14488,2
14492,5
14493,7
14494,2
14497,1
14500,23
14501,1
14504,1
14505,2
14506,4
14507,5
14509,3
14513,168
14516,39
14520,11
14521,1
14522,8
14525,28
14532,5
14533,4
14534,5
14541,1
14542,108
14546,16
14547,13
14549,1
14556,4
14559,1
14560,9
14564,34
14570,2
14571,3
14575,90
14576,1
14578,1
14587,1
14588,2
14589,2
14595,1
14597,2
14598,17
14599,4
14600,2
14605,2
14607,1
14610,5
14614,1
14616,1
14617,9
14620,1
14630,3
14631,2
14641,1
14642,3
14643,22
14645,3
14648,2
14649,3
14650,159
14653,2
14654,1
14658,1
14663,1
14664,1
14671,1
14674,1
14675,1
14677,1
14678,1
14683,2
14684,39
14685,2
14692,80
14693,10
14696,31
14699,34
14700,3
14706,7
14707,37
14709,1
14715,2
14716,1
14717,1
14720,4
14721,2
14722,97
14725,4
14732,1
14734,18
14738,3
14739,2
14740,4
14743,1
14744,2
14745,2
14749,4
14754,3
14757,23
14758,1
14759,1
14760,3
14762,2
14765,12
14766,1
14769,1
14770,26
14771,4
14772,11
14778,2
14779,1
14784,100
14786,1
14787,34
14789,3
14792,1
14793,4
14794,5
14795,3
14797,13
14800,9
14803,1
14806,2
14807,27
14809,33
14812,59
14815,6
14824,1
14829,66
14832,23
14836,1
14838,49
14841,5
14846,4
14849,1
14850,1
14851,1
14852,4
14853,1
14855,4
14856,30
14860,2
14861,4
14865,2
14867,2
14868,5
14872,1
14879,1
14880,1
14884,1
14885,1
14889,2
14897,4
14900,6
14901,1
14903,3
14904,1
14905,100
14911,2
14914,11
14920,22
14922,15
14927,1
14928,5
14933,11
14934,717
14937,1
14939,16
14940,3
14941,2
14942,5
14943,3
14944,1
14953,6
14954,5
14956,5
14960,1
14961,1
14962,10
14968,1
14970,1
14971,1
14973,1
14974,1
14975,7
14977,16
14980,120
14981,1
14988,5
14990,1
14996,2
14997,4
14998,11
15007,3
15011,8
15012,1
15016,9
15017,2
15021,2
15023,2
15029,1
15031,2
15032,6
15033,6
15043,5
15044,4
15045,19
15046,2
15047,3
15048,8
15049,3
15051,63
15053,2
15054,4
15055,36
15058,1
15059,58
15060,1
15061,2
15062,1
15063,9
15066,5
15074,18
15077,1
15080,7
15084,2
15089,9
15090,74
15091,6
15093,7
15094,1
15096,9
15097,1
15099,10
15104,1
15105,1
15106,2
15107,1
15109,1
15110,4
15114,1
15120,5
15121,18
15122,6
15124,5
15127,1
15128,4
15131,23
15137,3
15138,1
15140,27
15141,3
15146,1
15148,1
15149,1
15155,13
15158,1
15163,1
15164,1
15168,10
15169,4
15176,40
15177,5
15178,1
15179,7
15183,2
15186,3
15192,1
15194,3
15200,1
15204,1
15205,1
15206,1
15208,1
15212,1
15213,4
15214,6
15220,20
15221,5
15223,9
15226,2
15227,1
15228,9
15229,2
15231,17
15234,11
15235,9
15243,43
15245,3
15246,70
15248,11
15253,2
15255,11
15257,2
15258,1
15259,2
15261,3
15264,1
15265,2
15267,5
15268,3
15269,1
15271,27
15274,475
15276,7
15278,9
15279,2
15281,6
15283,6
15285,2
15289,4
15290,4
15291,1
15294,1
15298,7
15299,4
15300,195
15301,1
15302,5
15303,1
15305,4
15306,2
15307,1
15308,36
15312,2
15314,1
15315,1
15317,5
15318,2
15321,2
15323,2
15326,6
15328,2
15337,16
15340,6
15345,3
15346,1
15347,1
15348,1
15349,2
15350,1
15353,62
15354,1
15356,6
15361,16
15362,6
15365,3
15366,1
15367,2
15368,2
15370,22
15371,2
15373,4
15377,2
15380,43
15384,1
15390,2
15391,1
15393,3
15396,10
15399,1
15400,2
15401,10
15404,2
15405,5
15411,13
15412,21
15413,1
15415,138
15416,5
15419,1
15421,1
15422,3
15424,1
15425,2
15428,1
15429,21
15433,1
15436,4
15438,2
15439,3
15441,17
15442,5
15443,1
15444,1
15445,13
15446,1
15450,4
15452,5
15454,1
15457,3
15458,4
15459,2
15460,1
15461,16
15462,12
15470,7
15472,6
15475,1
15479,3
15480,1
15483,27
15489,3
15490,1
15491,1
15492,10
15494,2
15496,4
15498,7
15499,1
15500,17
15505,1
15507,1
15508,1
15511,35
15518,1
15519,1
15520,7
15522,1
15531,4
15539,8
15541,3
15545,3
15554,15
15555,4
15566,1
15567,3
15570,7
15573,8
15575,1
15576,3
15577,5
15581,1
15583,3
15585,2
15586,1
15590,1
15595,2
15598,3
15599,2
15601,2
15603,603
15605,1
15606,3
15608,17
15614,1
15617,18
15621,1
15623,28
15625,5
15635,3
15636,2
15641,2
15642,3
15643,1
15644,2
15650,5
15651,1
15653,46
15658,2
15661,1
15662,3
15663,3
15669,7
15671,16
15673,5
15674,1
15675,1
15676,1
15677,7
15678,1
15684,1
15690,1
15701,2
15703,5
15707,3
15708,1
15709,16
15715,1
15718,3
15719,4
15720,1
15722,4
15724,13
15725,2
15729,21
15730,1
15732,3
15737,3
15739,1
15743,50
15744,1
15745,46
15746,6
15748,5
15749,7
15750,2
15752,3
15758,1
15759,1
15760,1
15761,8
15765,2
15768,11
15770,2
15772,3
15777,1
15778,24
15780,19
15782,282
15783,2
15784,96
15785,25
15788,2
15789,9
15791,3
15793,3
15794,5
15795,1
15801,2
15802,68
15804,6
15808,1
15812,1
15814,8
15816,2
15818,1
15819,3
15822,1
15823,6
15824,1
15825,2
15826,1
15827,12
15828,3
15829,1
15831,4
15833,2
15835,1
15838,5
15845,8
15848,1
15852,1
15854,1
15855,4
15862,1
15865,1
15870,3
15873,1
15885,1
15889,113
15891,1
15893,2
15894,2
15897,1
15900,1
15901,3
15905,5
15908,26
15910,8
15912,2
15916,1
15920,2
15922,11
15924,1
15928,1
15936,4
15940,4
15944,11
15949,1
15954,16
15956,23
15958,2
15959,1
15967,1
15969,5
15970,6
15972,2
15973,94
15975,2
15977,5
15978,1
15979,12
15980,1
15981,3
15983,1
15984,3
15986,1
15988,1
15989,1
15991,1
15992,1
15993,2
15995,1
15996,6
15997,1
15998,18
16005,1
16006,1
16007,6
16011,4
16014,2
16015,1
16016,1
16019,1
16020,57
16021,1
16023,15
16025,4
16026,6
16028,15
16031,4
16036,24
16037,1
16041,1
16042,11
16045,3
16049,1
16051,3
16054,4
16061,3
16066,1
16076,3
16077,1
16079,2
16090,1
16095,1
16097,1
16100,71
16102,2
16106,1
16111,114
16114,5
16117,55
16121,2
16122,12
16128,1
16131,8
16136,4
16137,27
16139,2
16141,11
16142,1
16143,4
16147,113
16150,1
16151,2
16152,7
16154,12
16157,3
16158,1
16162,1
16163,2
16164,1
16165,2
16168,1
16179,7
16180,73
16182,1
16185,1
16186,1
16187,4
16189,25
16199,245
16204,5
16205,19
16208,10
16210,1
16211,156
16212,1
16214,1
16216,4
16218,1
16219,27
16220,2
16222,6
16224,2
16227,2
16228,1
16231,3
16235,3
16236,3
16241,5
16242,1
16243,1
16245,2
16246,1
16250,1
16253,6
16254,92
16255,3
16257,1
16258,2
16265,2
16266,1
16268,2
16269,15
16273,2
16277,2
16279,1
16283,1
16288,2
16290,6
16291,1
16303,6
16304,32
16306,95
16310,6
16311,4
16314,1
16318,4
16323,3
16324,13
16326,4
16327,1
16330,66
16332,2
16333,3
16335,20
16338,47
16339,6
16340,10
16343,4
16349,13
16351,10
16353,82
16354,30
16360,50
16365,9
16367,14
16368,1
16373,13
16374,26
16376,62
16379,2
16381,6
16382,9
16383,20
16385,3
16390,10
16391,1
16392,1
16396,2
16397,482
16399,6
16404,1
16406,2
16407,3
16409,1
16410,6
16411,1
16413,4
16419,1
16428,2
16431,24
16437,2
16442,2
16446,1
16448,1
16451,1
16454,7
16459,4
16462,43
16463,3
16464,8
16468,5
16470,1
16471,2
16472,2
16487,8
16502,2
16504,27
16505,1
16510,1
16511,18
16512,5
16514,23
16516,4
16517,2
16519,4
16522,3
16527,35
16538,1
16541,1
16545,8
16549,1
16550,80
16551,4
16554,2
16555,2
16556,1
16557,1
16559,4
16565,15
16568,1
16570,1
16572,2
16575,3
16576,15
16577,4
16579,17
16583,39
16589,6
16590,74
16598,15
16600,3
16605,1
16606,56
16607,1
16617,1
16626,2
16627,17
16630,7
16631,1
16632,21
16638,2
16642,18
16643,43
16644,2
16647,30
16650,1
16655,1
16659,16
16661,1
16672,16
16676,1
16677,1
16681,16
16688,1
16690,1
16693,4
16696,54
16698,1
16699,1
16700,1
16702,1
16706,18
16707,17
16712,2
16716,29
16717,3
16722,17
16723,3
16727,20
16734,1
16736,2
16759,36
16766,3
16777,14
16780,21
16790,7
16792,1
16796,1
16797,1
16798,6
16800,18
16801,1
16802,2
16804,20
16805,16
16806,14
16807,1
16809,1
16811,5
16816,2
16817,1
16818,2
16820,1
16821,7
16823,65
16826,7
16831,1
16832,1
16834,1
16835,6
16836,1
16839,2
16841,2
16843,15
16849,9
16852,87
16854,1
16856,9
16857,1
16858,6
16865,3
16866,39
16871,3
16872,213
16873,3
16883,2
16885,1
16886,1
16887,1
16890,1
16891,14
16892,1
16895,1
16906,2
16907,1
16909,31
16914,1
16915,10
16919,10
16922,96
16924,1
16929,4
16930,4
16933,3
16934,1
16937,1
16940,2
16950,22
16951,1
16952,4
16955,135
16958,5
16960,1
16963,1
16964,89
16966,1
16970,47
16971,5
16974,55
16976,3
16977,3
16979,1
16980,1
16987,17
16991,21
16992,1
16995,1
16996,15
17001,39
17002,2
17009,3
17010,401
17011,2
17014,97
17016,41
17020,4
17025,3
17026,1
17029,2
17030,17
17031,1
17033,7
17034,2
17044,17
17046,6
17048,7
17049,33
17053,1
17055,235
17057,1
17059,12
17060,65
17061,80
17062,2
17063,69
17064,22
17072,46
17073,11
17075,2
17077,1
17078,4
17081,16
17082,1
17085,7
17086,1058
17089,126
17090,1
17091,3
17092,1
17093,3
17098,86
17103,1
17106,11
17111,1
17112,1
17117,1
17118,1
17119,3
17121,4
17123,1
17125,2
17127,4
17128,3
17133,1
17135,1
17138,3
17142,3
17143,55
17144,1
17145,45
17149,7
17151,3
17152,9
17153,17
17157,14
17158,2
17159,1
17160,1
17162,1
17163,1
17175,2
17180,8
17186,2
17188,5
17191,3
17192,1
17208,2
17211,1
17215,1
17216,3
17219,37
17225,6
17229,25
17230,1
17231,25
17232,84
17234,1
17235,3
17241,29
17243,3
17245,32
17249,1
17250,2
17254,7
17255,1
17258,9
17260,1
17271,1
17273,5
17280,2
17281,1
17284,1
17288,10
17289,13
17290,6
17291,2
17294,3
17298,5
17305,16
17309,1
17310,5
17311,28
17312,17
17313,35
17314,2
17322,3
17327,4
17331,11
17333,2
17335,1
17338,15
17339,4
17340,2
17343,2
17345,2
17347,2
17350,3
17355,2
17356,9
17360,4
17365,1
17366,5
17370,2
17372,4
17377,2
17381,1
17383,1
17389,6
17394,1
17395,1
17397,34
17403,20
17413,2
17416,12
17423,269
17429,4
17430,2
17431,1
17432,2
17434,2
17435,1
17436,79
17437,2
17438,1
17440,2
17442,1
17443,8
17448,7
17461,2
17464,7
17469,16
17470,4
17472,5
17475,1
17479,2
17481,2
17483,3
17486,5
17487,1
17489,1
17491,1
17492,17
17496,1
17501,1
17504,2
17511,6
17513,220
17519,5
17520,22
17522,4
17523,1
17524,6
17525,4
17528,52
17532,149
17538,3
17543,2
17547,4
17548,1
17551,2
17552,6
17553,13
17555,131
17556,6
17560,3
17561,13
17563,1
17566,19
17567,1
17570,1
17574,5
17576,2
17582,78
17583,1
17587,1
17589,10
17590,1
17592,1
17593,2
17601,1
17605,39
17606,1
17607,2
17608,1
17609,18
17616,5
17617,2
17619,6
17622,1
17624,3
17628,3
17629,1
17631,1
17632,2
17633,13
17634,7
17635,172
17640,4
17641,1
17645,1
17646,1
17658,4
17661,6
17665,6
17666,1
17667,1
17668,1
17680,1
17683,3
17689,2
17690,51
17691,39
17695,9
17700,1
17702,2
17705,86
17708,17
17709,2
17712,1
17713,7
17714,1
17715,1
17718,3
17720,1
17722,24
17723,7
17728,7
17733,19
17735,6
17738,2
17739,19
17743,1
17751,1
17752,5
17753,8
17755,3
17756,2
17759,3
17761,2
17764,1
17767,51
17768,8
17770,1
17772,2
17775,1
17779,1
17784,55
17787,1
17792,3
17793,96
17796,13
17797,6
17798,5
17800,41
17805,2
17807,1
17808,1
17813,3
17814,1
17819,11
17830,8
17835,24
17836,1
17843,6
17845,37
17852,1
17854,1
17863,1
17864,11
17866,2
17867,8
17869,5
17874,2
17876,13
17880,10
17881,3
17884,53
17885,2
17886,1
17887,4
17888,1
17889,2
17890,3
17894,28
17896,2
17897,1
17898,5
17900,1
17908,1
17909,23
17912,2
17915,1
17917,1
17918,21
17921,21
17923,8
17924,1
17926,24
17927,14
17929,2
17931,3
17932,1
17933,7
17938,13
17940,5
17946,59
17954,3
17957,1
17958,1
17959,1
17960,2
17963,3
17964,1
17968,51
17969,53
17973,1
17975,2
17978,2
17979,9
17980,2
17984,1
17986,2
17987,4
17991,7
17992,94
17993,66
17994,1
17997,1
17998,12
18000,1
18004,83
18009,2
18013,1
18014,1
18018,2
18022,1
18023,5
18025,7
18027,49
18028,2
18032,2
18034,4
18035,163
18037,1
18041,18
18042,1
18048,1
18049,2
18053,3
18054,1
18058,1
18061,19
18068,3
18071,1
18072,4
18075,1
18077,1
18086,2
18088,15
18095,1
18096,8
18097,37
18101,1
18109,2
18110,2
18116,1
18117,6
18120,1
18121,15
18122,2
18127,1
18130,3
18131,1
18132,2
18136,3
18140,4
18141,3
18142,82
18143,4
18144,4
18145,2
18148,3
18150,1
18152,1
18155,19
18159,1
18160,118
18162,2
18165,11
18168,21
18169,8
18171,32
18175,1
18178,2
18179,4
18180,1
18185,2
18186,2
18187,1
18191,1
18192,1
18194,1
18195,2
18198,2
18200,2
18204,2
18206,1
18210,5
18211,1
18213,2
18214,20
18215,1
18216,1
18218,7
18220,1
18222,3
18224,1
18226,2
18227,147
18228,14
18234,1
18237,1
18242,9
18243,15
18247,1
18248,2
18249,1
18251,3
18252,15
18256,22
18262,28
18264,2
18267,4
18268,5
18269,1
18271,2
18272,1
18273,1
18274,2
18275,6
18277,5
18280,3
18287,11
18288,59
18291,6
18295,3
18299,36
18300,4
18302,22
18306,4
18307,7
18308,1
18310,23
18313,10
18315,2
18316,7
18317,2
18319,2
18322,6
18323,2
18326,11
18328,1
18334,1
18335,11
18339,2
18346,2
18348,1
18355,2
18357,4
18360,7
18361,2
18365,5
18367,9
18368,2
18369,2
18370,1
18376,1
18377,8
18381,1
18383,18
18386,10
18391,2
18393,6
18396,1
18398,1
18399,1
18401,1
18404,1
18405,1
18408,1
18412,1
18415,2
18416,9
18417,1
18421,1
18432,1
18437,6
18439,1
18440,7
18441,2
18443,1
18445,1
18447,7
18449,4
18451,5
18457,4
18460,1
18461,20
18462,1
18464,1
18465,1
18466,1
18467,44
18468,10
18470,14
18472,13
18473,10
18474,1
18475,1
18477,4
18479,2
18480,4
18481,8
18482,4
18483,8
18485,8
18487,4
18491,6
18494,5
18498,1
18501,2
18503,5
18514,1
18516,2
18518,1
18521,1
18523,9
18525,3
18527,2
18529,2
18543,7
18544,5
18546,2
18551,1
18552,2
18557,20
18558,5
18561,3
18564,1
18570,1
18578,1
18579,5
18582,3
18590,1
18591,2
18592,1
18593,1
18594,28
18595,4
18598,15
18600,1
18602,2
18603,6
18606,2
18607,1
18608,1
18609,14
18611,2
18612,5
18613,5
18614,5
18618,1
18619,1
18621,1
18623,4
18624,11
18625,5
18626,1
18627,3
18629,2
18632,4
18639,5
18642,2
18649,9
18653,1
18657,1
18660,48
18661,3
18664,1
18665,4
18670,2
18677,1
18680,1
18681,27
18682,5
18683,2
18688,1
18689,1
18691,33
18695,1
18697,1
18700,2
18702,3
18706,1
18707,4
18710,4
18712,29
18713,6
18718,3
18724,1
18727,1
18729,1
18732,14
18733,1
18741,4
18742,1
18743,3
18746,5
18753,1
18756,5
18757,1
18760,1
18761,1
18767,1
18768,1
18770,6
18772,29
18779,40
18780,1
18781,3
18782,2
18787,9
18788,2
18791,1
18800,15
18801,3
18802,3
18807,6
18810,1
18813,1
18814,1
18817,6
18818,2
18821,5
18822,1
18823,3
18824,10
18825,3
18833,13
18835,2
18837,1
18839,3
18840,16
18841,23
18842,7
18843,7
18847,2
18848,1
18854,5
18855,3
18857,5
18861,2
18864,60
18867,21
18869,11
18870,1
18873,2
18874,38
18875,13
18877,3
18879,1
18881,6
18882,14
18883,8
18884,1
18885,1
18886,11
18887,45
18892,25
18894,3
18895,4
18897,5
18898,1
18899,13
18906,4
18907,3
18911,50
18912,6
18918,33
18919,9
18920,2
18924,1
18929,1
18931,19
18937,7
18939,9
18940,4
18942,103
18943,2
18944,1
18948,1
18950,1
18951,1
18955,4
18956,2
18957,12
18959,6
18961,1
18962,1
18965,11
18970,2
18972,8
18973,1
18974,17
18979,1
18980,51
18981,16
18983,1
18984,61
18987,7
18988,1
18991,4
18992,1
18994,1
18996,1
18997,4
18998,1
19000,6
19001,1
19005,5
19008,1
19011,6
19016,7
19017,3
19023,9
19025,4
19029,21
19032,8
19053,1
19061,3
19062,2
19067,1
19068,1
19069,1
19071,1
19072,20
19073,4
19074,59
19075,11
19084,10
19085,1
19086,2
19088,1
19089,5
19092,4
19093,16
19094,8
19095,3
19098,3
19108,1
19112,1
19113,4
19117,6
19119,3
19120,9
19121,7
19128,2
19134,1
19136,1
19138,14
19141,2
19144,1
19145,6
19150,8
19152,1
19153,1
19156,2
19158,7
19163,2
19164,4
19166,3
19168,4
19169,21
19170,15
19171,1
19173,1
19175,20
19179,21
19183,1
19186,6
19187,6
19189,2
19191,2
19193,53
19197,2
19202,2
19205,1
19206,1
19207,1
19208,1
19209,27
19211,2
19212,1
19216,1
19217,7
19218,1
19219,24
19220,7
19225,4
19226,1
19231,3
19234,9
19237,1
19241,4
19244,1
19245,2
19246,1
19252,1
19255,16
19257,3
19258,3
19259,1
19260,3
19261,1
19262,4
19264,3
19268,30
19269,1
19270,5
19271,1
19274,1
19275,1
19276,1
19277,1
19278,2
19279,1
19280,1
19281,2
19282,1
19283,1
19286,1
19287,1
19288,1
19291,2
19293,1
19294,5
19301,1
19302,1
19307,1
19308,8
19309,3
19311,1
19316,2
19319,71
19321,2
19322,3
19326,2
19328,3
19332,1
19333,3
19334,2
19338,2
19340,2
19343,3
19345,1
19346,3
19349,1
19354,1
19355,1
19356,1
19357,3
19358,2
19359,2
19361,1
19362,4
19363,1
19364,52
19365,4
19367,1
19368,1
19369,2
19372,5
19374,73
19376,3
19378,1
19379,1
19381,2
19382,1
19387,8
19396,3
19398,1
19401,1
19403,1
19408,1
19411,1
19413,11
19415,20
19417,3
19418,44
19423,20
19425,1
19426,20
19429,1
19430,6
19433,11
19438,1
19441,2
19442,4
19444,3
19445,2
19447,1
19450,2
19455,1
19459,1
19463,2
19464,20
19465,2
19467,2
19469,87
19474,1
19476,1
19479,16
19484,11
19485,1
19486,3
19488,20
19490,2
19491,2
19493,5
19495,1
19498,1
19500,3
19502,1
19503,3
19507,23
19508,206
19509,1
19510,4
19515,1
19516,1
19517,1
19520,1
19521,1
19522,1
19523,1
19525,1
19526,1
19535,3
19536,3
19538,1
19539,2
19544,85
19549,8
19550,1
19552,2
19553,4
19554,2
19558,1
19560,1
19561,3
19562,1
19563,1
19568,1
19570,5
19571,17
19572,2
19575,2
19580,1
19581,9
19582,4
19587,16
19588,1
19594,1
19595,1
19598,1
19601,2
19602,1
19606,3
19614,1
19615,5
19616,5
19617,2
19620,2
19622,2
19623,3
19625,1
19626,3
19627,39
19628,1
19629,6
19631,1
19632,1
19634,43
19637,1
19638,2
19643,2
19646,4
19648,1
19652,1
19653,1
19655,1
19661,12
19663,3
19665,1
19675,1
19676,2
19680,1
19681,1
19683,17
19684,5
19686,1
19688,5
19691,39
19693,170
19694,8
19698,1
19700,3
19702,1
19705,1
19706,1
19707,2
19712,2
19713,9
19714,1
19715,6
19717,5
19718,3
19719,18
19720,1
19722,1
19723,1
19725,1
19726,1
19731,4
19734,12
19735,36
19737,3
19738,17
19744,7
19750,1
19752,1
19753,6
19756,144
19757,1
19759,3
19766,1
19768,14
19770,27
19771,4
19772,1
19775,3
19776,5
19777,2
19778,6
19779,11
19780,4
19782,4
19783,10
19787,8
19788,1
19789,1
19791,15
19793,18
19795,1
19797,2
19798,1
19799,1
19806,33
19809,105
19814,5
19815,13
19816,1
19819,51
19824,15
19830,1
19834,1
19842,1
19843,4
19845,1
19853,1
19855,5
19859,7
19862,2
19863,2
19864,15
19865,24
19866,158
19867,11
19869,3
19870,40
19872,1
19873,1
19883,10
19884,4
19885,3
19889,47
19895,39
19896,3
19899,3
19900,94
19902,4
19904,3
19906,2
19909,28
19910,11
19911,5
19912,1
19915,1
19916,3
19924,1
19934,9
19938,1
19943,1
19944,8
19946,1
19947,5
19949,1
19950,3
19953,1
19956,2
19957,1
19959,8
19960,2
19964,15
19965,1
19967,3
19968,1
19976,1
19992,11
19993,6
19998,3
19999,3
20001,4
20002,1
20005,1
20006,2
20008,11
20009,6
20012,2
20015,1
20016,7
20018,12
20021,21
20024,1
20025,4
20027,6
20030,41
20031,10
20032,3
20033,15
20034,3
20035,2
20036,92
20037,1
20038,29
20040,2
20042,1
20043,21
20045,4
20047,1
20050,6
20051,4
20057,8
20059,8
20061,1
20064,8
20065,5
20070,1
20075,9
20081,1
20084,4
20087,3
20091,5
20097,49
20098,24
20099,7
20100,2
20107,4
20109,20
20111,17
20112,1
20114,1
20116,1
20118,2
20121,2
20122,2
20123,1
20124,1
20127,2
20130,5
20132,20
20133,7
20137,4
20138,8
20139,1
20142,2
20145,4
20146,1
20147,1
20148,2
20149,1
20152,1
20153,1
20154,1
20156,1
20162,9
20164,2
20166,8
20172,4
20175,3
20178,1
20182,1
20185,1
20187,1
20192,3
20200,36
20201,1
20202,98
20204,2
20205,14
20212,19
20217,1
20225,1
20227,27
20229,11
20230,1
20231,1
20232,48
20233,1
20234,7
20236,12
20237,12
20238,1
20239,1
20242,2
20243,1
20244,4
20249,6
20250,19
20251,1
20252,3
20253,18
20254,1
20255,2
20256,1
20257,2
20260,1
20261,87
20262,2
20263,52
20267,69
20268,12
20269,1
20270,5
20275,2
20276,2
20280,19
20282,2
20283,1
20285,1
20286,3
20288,1
20292,15
20295,87
20297,25
20298,1
20299,1
20300,4
20301,65
20304,1
20305,1
20307,1
20308,1
20309,1
20312,1
20315,6
20320,1
20321,9
20325,1
20326,2
20327,42
20328,3
20329,1
20330,2
20338,10
20344,2
20345,3
20348,1
20349,8
20356,1
20357,30
20358,1
20360,15
20361,5
20362,4
20363,41
20380,1
20385,1
20386,10
20389,7
20393,1
20395,11
20403,1
20406,1
20407,1
20408,5
20410,2
20411,1
20412,21
20415,3
20420,4
20423,9
20424,2
20425,6
20426,1
20428,1
20430,4
20431,1
20433,2
20436,8
20438,3
20440,20
20441,2
20444,1
20445,15
20448,16
20450,1
20452,11
20454,1
20455,4
20456,1
20457,30
20458,1
20459,1
20460,1
20462,3
20465,3
20466,2
20467,7
20468,13
20469,30
20471,60
20476,7
20477,3
20480,1
20490,1
20495,1
20498,2
20500,1
20503,1
20510,1
20512,1
20514,14
20516,1
20517,1
20518,1
20519,3
20520,9
20523,34
20524,15
20525,3
20528,25
20532,20
20533,1
20534,10
20541,6
20542,2
20544,3
20545,5
20546,2
20547,2
20549,1
20550,5
20551,17
20552,1
20554,1
20563,2
20566,24
20579,1
20582,34
20584,4
20590,1
20593,1
20594,4
20595,1
20597,6
20600,1
20602,1
20606,1
20608,1
20609,1
20614,1
20615,15
20617,2
20618,1
20620,3
20622,9
20626,71
20628,5
20629,48
20631,32
20637,1
20640,5
20643,1
20644,4
20647,4
20651,2
20653,2
20656,1
20663,1
20664,1
20669,1
20670,3
20678,1
20679,2
20684,20
20686,1
20687,157
20689,3
20690,2
20693,3
20696,4
20698,13
20700,4
20702,1
20709,5
20710,1
20711,3
20713,12
20715,9
20718,4
20719,2
20720,1
20722,1
20723,5
20726,2
20728,8
20730,1
20731,1
20734,7
20739,1
20740,1
20744,1
20747,25
20748,1
20749,2
20751,1
20754,1
20755,4
20758,1
20766,1
20769,3
20771,2
20773,6
20778,1
20779,1
20781,1
20783,3
20784,2
20785,4
20786,35
20794,1
20795,10
20797,2
20799,1
20800,4
20803,12
20804,1
20809,1
20812,3
20815,2
20818,14
20820,1
20821,4
20824,4
20825,1
20826,1
20827,1
20829,1
20830,2
20831,5
20833,5
20836,6
20837,5
20838,2
20839,1
20844,1
20846,1
20847,1
20850,1
20851,1
20852,6
20853,1
20858,1
20865,2
20866,10
20867,2
20869,1
20870,1
20872,1
20878,1
20880,103
20884,2
20885,1
20886,1
20888,1
20890,10
20892,2
20893,1
20894,1
20895,1
20896,4
20898,6
20899,2
20904,2
20908,2
20912,10
20914,2
20919,8
20923,2
20926,6
20927,9
20928,11
20931,17
20937,2
20938,6
20944,1
20945,2
20946,1
20948,1
20951,2
20952,11
20953,2
20955,2
20956,6
20960,28
20962,1
20963,15
20964,3
20967,1
20969,5
20971,1
20972,18
20973,4
20974,5
20976,6
20978,3
20982,1
20983,4
20986,1
20988,4
20990,5
20991,1
20992,6
20995,37
20996,3
21003,8
21006,1
21013,7
21016,1
21017,1
21020,4
21021,3
21025,1
21026,7
21029,1
21032,1
21033,1
21034,1
21035,1
21036,2
21045,3
21047,4
21048,1
21051,11
21053,36
21055,1
21056,6
21058,4
21066,1
21069,10
21071,13
21073,1
21078,2
21079,31
21081,2
21085,4
21087,1
21089,2
21092,1
21096,1
21097,3
21102,13
21104,14
21107,13
21108,2
21109,3
21110,33
21111,1
21113,14
21114,1
21118,1
21119,47
21122,2
21123,1
21124,2
21126,2
21127,1
21129,11
21131,6
21133,1
21134,2
21138,1
21141,1
21143,1
21146,1
21148,1
21151,2
21152,29
21155,1
21159,1
21160,8
21161,2
21163,24
21164,1
21165,1
21167,4
21168,2
21169,2
21170,3
21172,4
21177,1
21182,1
21183,2
21184,23
21185,5
21186,1
21187,15
21189,1
21196,23
21198,1
21199,15
21200,1
21202,1
21204,7
21207,1
21216,1
21220,16
21224,2
21226,1
21227,18
21230,3
21231,22
21232,1
21239,3
21241,1
21251,21
21257,8
21259,6
21260,2
21265,1
21271,18
21272,2
21274,1
21277,1
21283,5
21289,2
21290,6
21291,1
21293,11
21300,1
21301,1
21306,1
21308,2
21310,4
21312,3
21314,1
21319,5
21324,9
21325,1
21327,4
21337,7
21343,1
21348,3
21350,14
21351,91
21353,8
21358,3
21360,1
21361,4
21363,43
21364,2
21365,2
21367,1
21370,3
21371,1
21373,1
21374,8
21375,1
21377,3
21385,1
21386,8
21388,2
21398,2
21403,3
21406,3
21410,5
21412,6
21413,1
21414,1
21415,2
21421,20
21428,10
21431,1
21435,2
21436,1
21440,3
21446,3
21448,15
21452,2
21463,72
21466,18
21467,1
21468,2
21470,1
21472,23
21474,1
21475,5
21478,1
21481,2
21483,1
21487,10
21489,10
21493,4
21494,1
21498,10
21505,2
21506,6
21507,2
21509,1
21513,2
21515,1
21521,2
21522,1
21523,1
21526,4
21528,2
21532,3
21533,5
21535,2
21544,5
21550,2
21552,3
21554,1
21555,1
21556,1
21558,9
21559,1
21560,4
21562,2
21566,2
21567,2
21572,2
21577,2
21581,1
21583,2
21585,17
21586,1
21589,5
21597,1
21598,1
21601,2
21602,3
21605,1
21608,1
21609,5
21612,2
21613,2
21614,1
21616,2
21619,1
21622,2
21625,1
21626,1
21630,3
21634,4
21638,4
21640,2
21641,1
21644,3
21647,1
21651,2
21655,1
21659,2
21660,1
21661,2
21662,41
21664,1
21666,3
21677,6
21680,7
21682,10
21685,1
21686,2
21689,3
21695,1
21696,4
21699,8
21704,12
21706,3
21707,2
21708,8
21713,1
21719,2
21720,3
21722,2
21728,1
21731,1
21732,1
21733,2
21740,1
21741,1
21748,12
21750,2
21751,1
21753,2
21758,3
21760,6
21761,1
21764,3
21768,1
21769,1
21773,1
21774,2
21775,3
21778,1
21779,2
21788,1
21790,6
21792,2
21800,1
21802,4
21803,6
21808,1
21811,1
21812,5
21813,4
21815,3
21817,1
21819,8
21822,3
21824,1
21826,2
21828,2
21832,6
21833,1
21837,1
21842,2
21843,1
21844,4
21845,1
21849,6
21854,3
21863,1
21866,3
21868,1
21872,1
21873,1
21875,2
21878,4
21879,1
21880,2
21887,9
21889,1
21890,1
21893,1
21894,4
21896,1
21898,1
21901,1
21904,1
21910,1
21911,1
21912,16
21914,14
21916,2
21917,4
21920,1
21921,5
21922,2
21924,2
21926,1
21928,6
21933,4
21937,1
21939,6
21943,5
21945,3
21947,3
21951,2
21954,4
21957,2
21958,2
21960,2
21970,3
21971,1
21976,1
21982,1
21990,1
21993,3
21994,1
22000,1
22002,1
22004,1
22006,2
22011,5
22013,3
22014,2
22017,2
22020,4
22021,3
22022,4
22024,1
22026,2
22027,7
22030,3
22031,1
22035,1
22036,2
22047,1
22049,1
22053,2
22063,6
22064,1
22079,6
22083,1
22084,1
22085,1
22086,4
22092,1
22100,3
22101,2
22103,6
22109,2
22110,1
22111,1
22112,1
22114,2
22126,1
22128,1
22129,1
22131,1
22134,2
22138,1
22142,2
22157,1
22184,3
22186,2
22188,1
22189,1
22195,1
22209,1
22215,1
22217,1
22219,1
22220,3
22227,1
22230,2
22235,1
22237,2
22247,2
22261,2
22267,1
22268,2
22270,2
22275,2
22278,2
22279,1
22283,1
22286,1
22293,1
22294,1
22296,1
22304,1
22313,1
