uid,answer_upvoted_count
176,776
9297,435
17513,338
3685,2499
18317,41
7553,950
16254,238
9522,215
17064,248
13802,442
16180,82
16211,705
17884,275
13782,78
15814,24
18277,85
2533,202
555,116
17691,130
8275,272
6667,381
4724,1033
15271,47
15956,93
13728,70
12067,149
9352,57
13449,11
9063,161
5390,44
6171,520
9655,25
18136,10
11,661
17157,15
114,48
14920,18
12189,403
6345,104
14081,440
15380,164
13710,1035
16958,31
10528,232
15370,27
16852,77
17532,129
17793,174
13038,214
7964,436
8633,1067
14980,861
518,213
216,532
1077,191
8160,22
7601,1338
8604,295
6708,67
15973,409
7794,539
15782,682
271,305
15,2161
18302,35
16462,127
5382,272
17845,46
419,1266
728,385
12297,306
6868,856
18035,139
3042,96
569,1262
14757,24
1567,17
13318,507
2532,378
14245,773
17010,550
13786,256
12700,286
6993,30
7439,44
13909,23
749,781
11082,110
3317,626
15441,21
7834,371
14394,421
14650,732
17245,63
6003,226
252,7
7745,6
1097,122
14482,414
1571,417
6319,152
16922,158
357,118
15179,32
229,27
618,189
4410,257
16919,44
17055,171
18295,8
9304,685
8423,80
16354,25
18024,2
1637,618
1470,392
14002,10
16672,55
10060,55
18314,12
13960,136
13857,2
6190,245
12313,13
18287,37
1450,390
16527,37
11115,49
12267,205
13315,297
17492,105
18166,13
6275,1214
838,5
2296,638
7550,44
14059,276
1907,21
6671,764
17312,34
4525,1414
18544,8
2858,754
7997,552
7887,374
15511,55
15479,9
14479,39
1073,193
14707,167
15785,34
14564,74
1132,259
14157,91
17086,1094
16759,7
16964,79
11498,132
449,1104
13785,432
9885,295
3619,17
16843,46
10114,94
8988,195
2814,273
16606,328
2,394
18596,5
18142,87
17635,94
5615,184
18316,18
18576,2
18572,12
12709,29
14122,8
17555,84
2710,26
14321,74
14460,250
2791,44
17767,74
836,110
16199,793
1766,212
1714,6
1666,27
299,83
1902,37
7121,343
15743,93
9555,430
13853,73
418,715
6874,133
2058,493
3487,505
14176,234
14722,142
18386,15
11589,110
1339,46
123,287
524,100
12653,275
10712,223
18645,1
1820,232
18650,8
1066,23
12543,41
1275,123
18310,36
12244,21
12211,149
18595,12
13009,371
7496,89
11804,270
13602,98
17577,3
17061,379
6194,154
3484,174
16338,51
2735,102
6591,157
911,31
17,137
7026,2
6984,30
12573,278
1674,405
15603,349
14385,40
18626,13
17969,138
18472,73
18591,2
10917,294
6606,704
18529,10
14424,70
18603,4
13063,332
17339,34
6786,15
10448,113
17926,55
18569,7
7375,361
558,33
1786,23
18262,12
16991,59
13403,367
8685,82
210,258
15676,3
11579,11
15274,483
17143,264
7878,36
14739,6
18618,33
754,49
10805,54
11601,888
7218,45
437,34
16171,5
8,164
16410,12
14463,73
13805,193
6056,155
8850,53
18160,156
17605,72
8946,75
9599,63
16891,64
1179,279
14954,84
15090,107
9706,93
12116,5
11857,11
6525,298
3541,249
1124,282
10865,113
13258,36
2930,41
6489,324
17436,198
13329,47
3592,482
9600,584
12222,134
16542,10
6076,86
13979,942
18396,1
10013,80
14516,14
12274,53
469,222
9398,37
15539,8
1722,139
5707,50
5192,25
13424,110
9846,501
16800,17
9949,46
18557,27
14542,163
13149,69
18467,135
14111,52
11982,83
17909,92
7485,868
3497,38
16545,14
15099,54
12870,182
7528,258
1024,10
2410,25
9673,514
910,526
18501,4
15055,217
13809,6
16583,43
14744,9
5438,134
18516,7
13881,8
18027,47
13946,12
8023,376
16353,76
14934,194
14643,64
15155,65
11100,86
9910,6
17921,25
17001,61
12951,2
6967,152
17073,46
1261,24
16512,41
14026,34
11160,493
6767,29
3201,2
1535,21
16977,6
11166,7
18419,1
11767,50
1336,35
11735,81
13067,91
15353,60
12080,401
17089,251
14412,55
9821,68
4932,60
16376,302
15486,5
15336,4
15122,9
15199,3
15058,4
15625,21
9709,31
17016,74
11730,63
14705,5
14631,2
11489,54
12343,49
16590,126
16431,58
16641,2
16628,3
16547,4
16541,5
16351,32
15922,6
12243,9
16147,98
18264,3
9780,1
427,309
1006,212
2557,16
17219,32
18491,10
17668,14
14474,17
1191,49
6203,27
3700,93
14314,176
18272,16
13756,1
2482,49
5851,227
9787,477
193,7
275,311
259,23
13608,50
18159,3
7829,176
17978,14
8792,535
10503,35
8483,723
1328,70
1710,2
7142,146
11467,13
11557,12
5976,126
6952,121
2314,66
16909,130
940,19
15300,81
165,278
18579,6
2207,2
16915,17
1536,2
6616,112
4439,89
516,103
16111,63
1484,144
15183,2
1021,115
8197,132
18271,2
13746,252
18365,12
18028,2
17898,16
16707,37
6573,220
6333,72
10864,11
7325,9
17232,76
8113,9
11456,80
17764,14
7969,143
17153,71
11248,370
14575,356
2349,11
18088,28
1086,2
1016,347
7934,211
1197,19
14696,77
17311,40
16790,49
3532,183
12904,1076
15804,12
1967,74
16468,11
17552,6
704,5
212,45
80,93
485,44
888,12
15724,90
405,25
16802,7
1,352
1582,189
16208,64
8663,21
3065,53
2132,2
16780,24
12722,122
17063,238
12729,32
380,25
1779,201
18122,7
14933,52
14133,271
14371,22
1105,134
6558,77
798,298
9190,8
3693,20
987,44
18473,15
1226,81
11755,12
15671,77
11202,242
16100,53
18242,33
13850,42
15554,53
697,2
587,486
2706,3
9686,89
9677,195
15653,35
11917,12
13016,11
832,72
17718,2
10943,7
11096,62
1347,18
12260,101
18509,6
9400,19
6540,39
2429,1
15784,162
17397,25
6863,19
7982,12
18543,15
15996,17
7516,153
18527,4
12738,54
7249,102
8166,213
2984,136
17722,43
7437,81
16996,8
2101,74
2305,15
8450,2
10372,317
17908,4
14885,6
13587,25
8315,5
653,84
14467,2
1210,49
7602,27
17009,6
17322,21
13871,57
13021,3
7894,66
8256,23
13524,108
11080,232
13897,190
6763,255
8522,127
6598,58
8553,1
17060,182
17298,28
15176,64
393,57
7490,63
8600,66
8585,9
1815,7
12086,67
11658,10
117,17
5000,143
8066,23
1986,176
11725,463
11213,7
10918,207
14060,7
12774,68
17593,70
1784,199
15228,16
11933,41
7627,3
13969,10
1940,48
6609,65
18489,3
3311,17
17775,1
4691,18
18486,2
3022,63
12493,70
1962,16
18168,16
13138,21
11505,15
2192,3
8637,4
5843,35
9171,58
7897,53
2309,189
9508,111
12771,13
8576,85
6634,29
11368,123
8648,37
11823,44
8382,136
7113,9
7471,22
1108,58
14035,217
5971,82
1389,24
4783,15
12977,13
17461,29
17690,53
18280,26
12975,718
628,8
15577,7
14684,61
14025,53
13630,94
18498,2
8785,93
18478,3
994,22
13007,35
14784,293
3212,242
11420,132
12324,181
3012,544
13278,105
4984,249
4570,15
11787,40
15472,29
18248,9
154,48
18445,10
18444,2
1946,77
889,86
6690,63
17486,45
327,23
17125,12
8987,179
4887,252
1561,156
5342,3
13891,20
12696,17
15118,79
18361,2
12276,35
9233,5
16374,65
10152,9
7054,3
18457,10
18004,114
14832,82
9397,88
13988,58
12216,199
15276,9
1263,84
8542,59
18391,6
793,3
7494,204
9580,60
5654,14
12680,12
16777,7
8352,65
7662,104
399,56
15500,18
8589,6
16970,127
17629,2
15059,50
11518,22
8362,2
15243,56
3,26
1549,54
11340,24
3027,5
16036,85
1789,57
13041,89
9348,82
18313,17
8769,13
7510,124
10159,55
14367,48
12011,7
279,17
15246,48
12781,40
16360,109
7183,27
18390,5
5030,24
18162,5
8841,189
760,55
9116,79
7785,10
15066,10
8329,29
16950,131
7269,8
18200,4
172,8
14617,5
5310,15
15091,41
15780,19
9014,60
8978,121
1020,132
2846,95
6700,14
15401,39
15051,50
14782,8
6293,42
7996,15
7177,15
6035,16
6092,194
1587,28
8965,21
1028,46
11792,21
3216,71
16326,4
17231,76
12844,39
10874,8
8480,63
4436,2
7390,5
10036,36
200,44
14953,7
11722,13
17449,3
16324,22
11555,219
593,166
14444,36
6078,32
1493,13
2206,32
9073,77
18025,31
6358,184
18041,42
5965,6
7980,16
9554,356
14455,16
18061,55
4329,14
14510,35
17862,3
11237,35
695,8
18307,12
10967,13
12016,6
6794,20
12855,4
3338,32
14291,47
17292,6
13447,26
1348,29
16873,18
17944,18
17739,3
17705,55
14734,114
5999,2
11130,468
7272,13
9919,172
10140,5
14787,19
5468,12
17624,3
15889,22
10394,1
6341,14
15349,10
3308,100
3324,49
17707,4
15140,35
11152,9
18405,3
17993,88
4906,69
443,45
8847,34
17483,20
14406,6
17933,22
5805,14
12438,134
14692,150
9164,18
10568,19
8157,24
10685,33
6871,93
17528,18
17496,2
7216,7
2613,39
14119,4
1223,4
95,9
16929,17
18274,15
14556,13
12909,5
13906,9
14350,28
13090,42
13983,4
6946,40
18368,5
13867,96
2662,11
15438,7
17271,3
14270,61
4447,5
14693,9
14418,7
18360,8
2145,58
15278,18
17752,30
6021,1
14243,2
5666,14
14513,233
196,99
10059,64
18306,11
18175,5
14351,2
13696,293
13059,141
7322,30
9593,1
3224,19
9394,2
5699,7
799,91
6571,8
1319,2
3537,1
1927,125
8616,230
17992,88
1451,4
18247,14
14762,5
7815,58
8272,2
13691,11
12269,3
1626,40
12775,38
744,29
6539,33
13065,34
14040,66
18282,4
4965,1
17211,4
18218,2
17338,10
13311,43
15131,33
17772,11
10101,36
13741,10
4615,20
1685,10
16563,3
7890,47
3105,16
16511,33
8606,26
18288,122
2944,38
17896,20
9185,8
16174,1
17241,85
17250,13
1189,33
8898,8
10428,98
11196,3
11715,58
7543,56
14409,20
16983,23
12933,20
17313,23
16823,57
10862,24
8872,19
14108,32
4334,113
16643,258
7520,3
7256,68
7098,73
17998,25
7247,21
9602,4
1283,330
2121,55
14229,33
8484,3
15175,8
16982,2
11297,3
7857,58
155,25
6576,66
9548,14
14018,44
14812,24
4369,36
6405,20
18216,3
15180,2
2777,1
3663,31
9279,6
1433,32
6494,7
17583,1
7399,4
5924,58
5606,27
18232,5
1854,14
7097,4
2039,3
819,4
8897,43
2225,22
6856,39
17753,9
927,25
13631,12
15120,7
18204,14
7146,8
12311,98
7044,11
17808,1
17059,69
484,49
14815,2
5393,58
996,7
11946,149
17784,122
18269,1
8124,4
9826,37
16681,96
17618,2
7225,284
7725,2
6450,19
14633,11
15415,22
560,66
1765,43
17556,44
16333,2
17149,7
11157,10
9054,69
14318,199
18258,8
17991,2
4296,59
10377,13
1043,8
12661,78
17864,25
18196,6
3757,60
7270,16
1442,15
1729,14
3709,73
1848,31
5721,82
13931,19
18157,7
15642,1
17098,102
14298,75
11380,111
6288,17
16141,23
17057,10
7115,59
723,6
10040,23
14,31
9656,29
6807,2
13975,46
6645,3
10362,20
13516,47
16647,35
11718,129
507,7
29,2
1736,8
3343,1
11592,54
17918,10
490,14
6016,26
11221,47
14699,42
8374,3
10481,25
12413,83
6075,131
5760,113
17425,6
18217,5
1465,2
1063,19
16642,13
8708,12
6668,1
7551,79
18023,4
17634,12
10500,6
11512,61
12535,26
291,47
7114,13
6614,3
17356,19
18191,2
14339,5
15623,40
12405,35
17423,79
11497,12
1001,175
1350,5
9104,14
103,4
88,31
6338,8
13290,62
8209,41
17553,14
15465,1
12964,12
15829,3
17030,24
8638,35
16187,3
7093,3
15567,7
13185,17
17106,57
13006,1
716,3
14783,1
18172,1
12542,2
1234,1
17014,15
14253,7
17331,7
5806,41
1061,5
7592,201
6586,177
4841,42
6279,19
7923,2
7793,2
7773,7
17733,7
17470,10
6618,25
17779,8
2722,11
16888,9
3731,1
7302,84
11217,25
5111,1
8380,17
7881,46
1829,1
18058,12
1553,23
81,8
13797,4
173,64
12991,6
5947,18
7433,10
18149,2
16383,27
8310,108
8039,50
8438,15
13097,15
7848,78
4977,2
8969,7
10704,7
9819,5
13074,1
7827,15
14276,17
18124,2
4523,3
14357,26
13585,140
1416,22
8358,18
12658,58
14008,13
17628,8
13748,2
17708,54
14330,95
152,5
16727,4
8155,19
3558,3
776,14
3501,11
15317,2
6380,15
17881,1
7761,15
3504,23
18022,1
5511,170
9225,3
1351,6
16519,11
17560,4
3627,42
11201,153
1363,22
16114,4
18039,8
7295,34
159,7
9768,9
17728,9
12094,5
13224,9
1392,4
1585,6
14137,48
953,15
17659,29
12829,53
3373,20
15608,9
8960,10
7442,5
9901,15
17673,5
16899,15
8150,6
2075,48
18070,1
17980,4
9384,44
16872,534
12875,69
2852,19
2070,1
15405,1
17735,7
5544,5
1644,28
6237,3
6241,4
2054,32
3320,23
1050,148
573,12
824,17
3744,253
15745,70
17987,5
10189,9
8394,12
17520,2
14216,8
10169,61
1376,51
7461,14
5812,12
11796,14
660,2
6705,23
14547,9
17576,9
8709,16
14806,16
313,1
3730,11
9082,53
12445,237
12654,79
11920,38
14850,1
12592,38
13199,7
5551,4
16026,12
11846,152
133,116
883,1
3645,25
15416,8
5722,26
12872,103
17883,7
8702,1
6314,4
12392,2
11170,3
2329,26
14838,47
18017,1
12147,49
7622,3
2555,4
18003,1
16811,3
16517,4
4487,3
840,25
8410,4
4455,3
17800,30
3602,10
13693,2
17254,19
16736,18
894,71
2983,33
17979,6
5513,36
6108,4
2713,18
9148,5
1777,24
1299,7
2360,43
10227,5
7370,24
10936,37
148,10
17951,1
12071,64
11487,7
17519,3
17924,6
17819,46
5660,11
2938,5
9095,36
17472,5
15641,16
17900,1
16805,12
15128,1
10409,40
307,5
13763,4
7330,43
565,13
17937,7
17633,18
14977,82
12132,2
9868,8
11839,34
8636,26
5572,10
8640,55
13634,15
9336,34
4052,1
1528,10
17586,1
1478,5
2066,7
933,18
16031,4
13854,9
17923,43
17834,3
8022,5
12531,29
9769,2
17693,9
1499,6
13740,41
12494,26
17208,18
17579,1
15177,18
17180,17
646,4
17867,4
17894,168
424,21
5690,1
6493,47
10218,64
11576,4
14961,10
11319,9
1979,4
245,41
16330,51
13181,29
826,11
1174,12
801,5
6673,13
16966,19
12642,5
5125,59
15835,4
14807,35
16632,27
17835,8
13704,13
6570,2
6389,16
17757,33
11143,34
12974,10
17243,16
1329,26
202,7
8704,62
6824,39
209,14
1832,3
17768,3
85,16
2992,25
12332,221
1552,38
12026,12
7540,34
9454,23
1148,18
951,12
4806,2
12356,52
7365,1
7518,4
15728,4
17886,2
8819,6
16179,17
4,101
14539,5
1648,1
6516,3
16579,3
16399,14
8055,6
17843,4
5636,14
14546,39
7104,45
6537,26
6649,62
2003,3
17786,1
6112,10
15827,31
17327,7
14206,10
11967,2
6838,6
12698,28
8742,12
7464,3
7281,65
13911,2
17813,2
15678,20
17563,14
14797,3
9388,3
12586,3
5178,7
16955,78
9707,8
15891,1
7630,30
17340,3
9681,66
4346,32
17771,5
3618,1
9499,18
14287,5
16856,7
12968,19
14715,13
12163,41
6508,25
8247,68
17348,9
8154,56
11446,13
17479,5
6349,4
15590,2
13577,3
14846,39
12514,41
2105,2
15761,11
1203,37
10447,95
17726,3
7646,1
2167,19
9790,13
6038,1
14139,12
11527,17
17927,1
5896,1
17188,1
9559,6
570,10
3642,27
6246,4
1783,21
8877,13
9563,3
18134,3
2247,1
16971,14
10537,10
7418,7
6596,19
17381,1
2299,1
1745,1
7449,12
9683,4
12041,128
12987,5
6642,35
15617,33
7869,2
6496,12
8016,7
6352,6
11275,4
16550,77
12994,26
14118,6
7966,28
8858,2
15614,7
17847,2
7088,2
9224,8
16504,17
7196,21
7072,26
8906,11
16397,246
8036,38
8507,63
12291,32
1653,7
8271,6
8321,102
14299,17
18311,3
6844,4
4351,8
12534,54
1655,30
1307,1
10193,7
7566,6
7157,9
14852,9
17742,1
11876,11
6737,7
8986,15
11534,5
18393,53
18275,2
2901,2
18198,1
7165,17
18364,1
8834,6
1344,7
18496,1
12926,10
414,16
521,20
14770,22
1414,1
9932,121
11482,6
1719,3
18485,12
15731,8
3240,5
1361,12
18627,8
12053,9
18395,2
13762,6
8935,15
15043,32
16974,111
12748,4
6483,36
10332,7
15429,17
136,14
18706,10
4554,8
16273,4
18691,95
15583,90
10153,36
13982,14
18623,1
1625,3
981,14
14975,4
13812,9
13855,8
17534,5
17689,2
16131,12
16013,2
14296,2
13751,49
18121,16
18561,28
2409,57
18684,1
2730,12
18802,101
18817,11
9724,24
6064,13
1238,9
18823,4
18668,1
16323,4
17968,117
18592,8
18818,19
10421,53
5861,70
18732,12
18819,24
18598,31
18594,33
18834,3
18713,6
12674,4
18683,11
219,17
10324,80
3075,17
4222,16
18887,138
13552,93
1881,25
18957,22
17888,18
16306,103
17305,14
18322,10
18970,6
9861,128
14160,2
2673,32
18974,60
18948,9
18416,1
18854,20
18670,28
18895,4
17874,10
4520,54
9796,28
10411,11
18886,9
18952,13
18707,12
1855,15
18214,63
18929,23
16117,17
13981,29
12570,31
18892,13
13551,6
1472,59
17566,22
18097,105
12037,31
18822,1
12773,57
5045,24
5167,7
8235,63
18918,48
16821,12
14880,12
15011,19
9606,4
19069,42
18779,52
18437,4
18997,23
19062,23
11986,7
7264,8
2962,59
9387,1
19074,50
17805,2
8645,176
9693,8
19013,8
15328,16
18243,20
18367,17
15015,3
17796,35
472,1
678,23
9142,22
17754,9
18911,106
17938,4
19071,8
18874,70
11950,17
19158,22
18881,16
14442,57
10811,16
14128,19
18939,64
5907,43
13873,53
10290,40
13093,28
18869,8
16137,8
19032,32
14225,8
18335,23
18942,132
15729,13
19231,3
18950,2
7568,4
4731,7
11385,21
12305,17
15063,15
6727,17
6549,10
8757,2
16066,11
19209,4
14833,1
12533,140
15412,28
18984,88
8054,7
8304,74
19175,17
9137,84
19150,6
2312,7
2147,37
19216,3
13068,164
17590,2
11545,1
19406,67
18873,2
19362,10
19445,20
18980,43
18523,11
457,44
18570,5
19319,203
13151,76
8262,13
17175,38
19439,1
16349,16
19403,13
9862,263
13549,27
15483,60
19384,6
9923,35
8870,42
17430,58
10990,13
16154,20
10910,36
19029,42
17946,59
18840,8
15749,29
18867,17
11956,7
14082,7
539,11
18383,4
15214,14
8992,25
15156,5
19268,79
12115,1
14979,3
12306,2
10285,1
19168,27
16817,6
19113,5
13958,38
7116,6
7798,5
1723,1
5339,5
15932,10
19411,1
10123,1
18213,1
19363,15
8264,71
19480,3
19444,4
19526,7
19627,55
19658,12
19170,6
18483,21
16906,3
11962,27
19364,54
12576,26
17085,12
15231,36
11710,48
19073,1
13400,25
19401,6
12807,18
7817,6
8240,4
19361,8
19023,13
16054,32
8133,30
8269,3
19333,49
15371,8
12595,9
19193,100
15383,9
9468,6
11613,6
9596,8
13937,15
18220,17
19745,14
8354,21
19734,23
19626,12
13612,36
19723,25
7100,8
9511,2
19687,33
2836,81
8257,9
10856,28
8635,22
18841,22
14891,5
17145,61
8244,24
19688,58
4765,32
19715,2
19684,67
19469,181
16866,86
18299,151
8312,79
16011,2
16020,65
15119,4
9781,19
14250,5
11428,7
14689,9
19265,2
12896,2
14610,12
19693,110
19374,224
19294,38
5149,18
11198,12
11759,29
19806,123
16081,8
15870,5
19809,182
19281,4
19791,24
12857,8
11177,25
18309,1
15508,2
19634,3
14324,8
1805,35
9849,21
19732,7
19620,7
13829,57
19484,13
1080,3
19234,13
5008,7
8364,2
112,2
4456,10
9313,12
8777,6
19964,35
19524,3
19969,8
19819,76
5838,12
19949,1
7201,4
19092,10
14525,62
19866,213
19900,20
8536,4
1256,17
18624,27
19956,14
9637,43
9922,8
2171,1
6527,1
9065,6
2464,3
10483,15
5847,6
18171,4
16495,4
19947,3
19865,60
14713,4
19779,24
19934,17
19787,41
13959,44
14905,77
18252,32
13845,5
6545,6
14488,27
766,67
19870,37
8182,1
10318,23
10868,51
18934,6
16477,1
8028,16
16241,6
9159,5
19938,20
9009,49
19417,2
19513,1
6974,26
18660,65
17072,30
12122,1
6207,17
20038,46
20030,53
2333,95
17658,13
20064,11
20138,41
5428,83
15768,29
15776,3
5729,8
2528,19
7276,34
20136,2
1945,6
20087,7
20132,99
20031,13
20137,16
6243,8
3140,7
19426,3
8029,6
4234,6
19488,14
16464,8
17258,10
20034,4
1380,2
2467,4
5770,36
9526,3
17075,9
10386,3
2243,18
6336,7
8836,4
5628,14
7055,2
3718,7
6320,8
20096,2
7234,24
20098,26
17081,27
3214,8
14646,17
3020,20
2995,12
20275,24
20166,12
9110,18
15045,20
8956,46
18155,188
20292,24
2048,35
19691,47
20300,11
15435,6
9818,38
20050,4
19889,58
6446,5
20057,5
20229,20
19855,13
19883,12
20199,5
15396,30
19000,8
3362,5
18068,6
20205,12
20484,1
9570,4
12559,7
20109,31
20362,19
16380,4
16598,14
19187,12
19738,8
20468,8
6313,24
2561,14
20349,11
19072,27
16696,37
20301,78
3213,2
20448,40
20341,11
377,6
214,46
20036,209
20361,7
15461,10
20449,2
6466,4
2932,5
20297,77
20423,49
19098,2
20395,21
19661,36
19544,266
20253,17
19750,3
14841,6
3344,16
20043,19
19909,250
20237,26
20653,10
15802,33
20295,52
20575,8
18946,14
20412,59
20643,2
13217,59
15979,28
20327,58
20263,33
13328,193
17876,8
20540,1
20490,6
19895,44
20597,42
7736,2
11797,13
19896,32
20471,46
20286,18
20566,39
20549,8
14598,18
20601,11
13426,27
19616,14
20785,7
334,11
20786,204
20525,22
20803,16
20469,79
20232,390
20441,27
13291,27
13192,38
20833,9
17309,19
20689,10
15337,19
20723,22
9607,3
16778,4
14992,3
18546,20
9774,3
6875,12
9143,11
8743,6
11686,8
19736,22
20025,6
8201,19
20018,20
18972,1
20687,244
12714,3
19587,35
20550,3
19508,56
18842,4
18930,1
17229,44
12652,10
20008,14
20019,11
20815,13
8395,6
8512,37
12950,5
13564,8
20981,1
20523,45
5736,1
20563,12
20969,16
20964,16
20983,9
18412,1
20936,1
20934,11
20966,9
20973,10
20837,10
7751,3
19751,3
189,24
20963,9
20582,40
7483,32
7143,3
18487,9
20749,3
815,5
20629,121
20967,2
18820,2
20928,8
19651,20
18169,15
20250,23
20919,23
11475,12
17890,1
20236,41
19793,29
20917,16
17830,12
16679,1
14500,17
8518,3
747,26
12280,18
19615,17
20425,9
20181,2
13397,9
8328,27
14572,18
18227,65
12021,8
3041,26
19387,14
9877,4
13789,5
13499,11
17217,3
20649,9
16589,5
10381,22
16121,3
6940,5
15600,1
16798,3
18482,17
13377,7
18143,38
6655,11
20551,100
18377,12
21272,15
20457,28
20783,6
12945,11
21109,16
20713,107
21297,14
20631,17
20847,11
21034,6
21036,16
13998,9
21053,17
21146,9
21217,7
21185,34
21169,13
21192,7
21204,22
21214,8
21230,7
21233,13
21236,7
21245,8
21247,9
21246,7
13094,20
21249,8
21259,10
21114,21
21271,45
21278,13
21282,12
13503,21
20646,14
21287,10
21295,11
20477,13
12111,11
21184,18
21289,14
18981,34
7526,39
21283,39
21069,49
18326,35
18682,6
20298,7
18639,11
3644,5
19153,6
14939,47
19308,8
19551,2
20172,4
16269,12
19778,9
19919,6
15555,23
20021,8
19991,5
20033,15
20337,10
20455,6
20345,13
21131,17
20357,28
20684,13
21266,12
13349,9
9622,11
20956,26
21113,21
20427,13
21134,91
1530,20
7353,3
21363,27
21368,11
21374,33
20528,107
16459,3
20853,2
18898,10
21119,39
8086,19
11948,12
21369,13
18831,5
21385,16
20996,19
18049,10
21257,13
18919,15
13295,68
21337,18
17561,47
19910,78
8849,11
12421,9
21290,3
655,15
21361,1
13717,32
21127,1
19629,8
20261,237
2515,1
21366,11
19959,54
21051,34
21152,64
21351,53
20338,16
20302,6
20200,78
21350,33
21347,10
21325,12
20747,16
21448,69
18053,12
21453,9
21463,107
21472,19
21479,14
20097,48
21497,14
21498,33
21517,12
21520,12
21524,14
21523,11
21475,18
20517,5
20202,53
21518,2
8007,15
21529,11
20865,6
20880,140
21525,10
21269,3
7258,1
10942,2
16335,2
5431,34
19993,54
14244,11
20227,10
21486,14
8891,4
19884,8
6672,4
21220,45
19719,32
21364,25
10525,3
20122,4
21515,11
21531,9
21159,7
15012,29
16572,24
21505,23
21507,10
20718,13
21646,9
21664,8
21667,13
18864,60
21670,10
21678,10
21683,16
21690,11
21689,12
21698,10
21693,13
21694,14
21696,13
21704,27
21699,12
21697,12
21676,12
21706,10
7336,1
21705,9
21709,10
21708,10
21715,8
18649,15
21713,8
21734,8
18268,25
11758,40
18821,4
9903,11
7095,19
12528,11
20363,11
21446,14
20466,1
5477,3
20133,29
20622,30
20500,4
13715,30
12843,117
13614,16
6605,2
7246,2
19756,41
14624,4
21102,43
18020,2
10015,17
21231,15
21263,13
21129,4
450,4
21613,9
20866,15
20795,13
21626,10
20960,68
21641,45
21647,10
21644,10
21655,10
21659,12
21661,12
5852,32
21567,12
21602,9
21594,9
21615,9
21748,72
18712,87
4898,14
21239,24
21815,10
21834,7
21838,10
16028,13
21843,9
21844,16
16303,10
21849,26
21809,7
21837,7
21857,9
21828,6
21832,9
21533,47
21846,8
21740,10
6903,7
21047,18
924,21
20755,11
21428,54
21489,22
21842,10
20938,4
21110,33
18800,35
11881,10
21807,10
21386,25
2065,19
17589,1
21482,29
17127,25
14174,16
15673,7
21611,8
21824,7
21827,8
20914,17
21839,6
21845,7
21847,9
20386,4
21466,25
21840,7
19270,4
21750,18
21623,12
20972,5
21980,6
21984,8
20430,23
21945,36
15112,3
17027,2
20896,11
2862,6
7324,4
19735,36
12161,11
16189,27
7103,2
21976,23
21662,13
21519,2
21733,2
20995,33
21928,19
6681,7
6276,7
21800,17
21808,7
21811,7
21813,10
21812,29
21820,6
21836,6
21863,9
21826,14
21871,7
21880,9
21881,9
21883,10
7150,2
21682,9
21884,9
21889,10
21891,8
21895,11
21903,10
21902,10
21909,8
21914,8
21915,12
21917,47
21922,9
21926,9
20078,10
21929,9
21932,9
21934,8
21933,14
21936,8
21939,9
21940,8
21956,5
21957,9
21959,6
2560,3
8586,13
21958,1
9701,2
528,4
22176,7
2961,25
14022,9
17138,24
21788,30
18899,3
22003,10
22092,9
22132,8
9957,12
18741,23
12281,5
22014,20
22009,10
22022,8
22053,11
21912,19
22061,11
21887,21
22094,9
22091,7
22100,12
21921,7
22035,2
22109,8
22124,10
584,19
22169,9
22172,8
22173,7
22174,7
22147,9
22155,9
22151,7
22149,7
22156,9
22161,8
13363,6
22154,8
21999,6
22179,10
22129,11
22182,8
22181,8
20252,3
22184,15
17642,8
15462,15
21227,21
11232,2
22031,4
19968,2
11529,5
4563,8
19093,3
13848,10
22166,1
12230,3
8584,2
19867,18
13248,7
22138,11
22141,6
22144,9
22143,7
42,6
22032,8
22038,11
22044,8
22048,9
22055,8
22056,8
22020,9
22066,9
22083,7
22081,7
22095,8
22115,8
22121,8
22128,8
22131,6
21695,1
4391,17
20560,11
21707,4
21898,5
22027,18
22114,4
22013,18
22019,6
22029,6
22030,16
18955,4
2133,3
7470,55
10259,2
10314,9
12466,1
579,2
11820,135
8392,10
8389,2
6165,17
9251,14
12478,4
12268,1
11360,28
11095,3
12183,3
9878,25
11928,70
7232,8
12509,27
7221,4
11227,2
6151,2
2394,7
9716,13
12579,2
11954,1
12564,4
12025,3
11216,8
8203,21
10677,10
11934,4
11078,8
3616,7
6951,1
11535,1
12574,1
1173,8
1296,11
12428,2
11998,17
7291,3
1181,5
1052,6
167,8
11369,2
12144,2
7392,1
11777,7
3671,6
8982,60
12063,3
1367,3
11211,11
12475,1
11113,3
7867,11
2064,4
12532,15
12631,1
12186,1
1836,6
12571,3
5687,7
7808,3
12192,19
11988,1
11554,2
10249,4
7068,1
1300,47
12679,2
11099,8
156,2
12690,1
5186,2
8332,3
8630,2
10952,2
3237,8
11789,4
11342,21
12158,2
12550,3
11530,18
12701,15
222,1
11367,20
12706,10
7106,3
2057,2
11341,1
11536,1
3151,2
16785,6
595,29
12713,1
10345,5
1951,3
486,19
9382,12
763,2
2284,2
8500,17
11154,12
11430,2
9325,3
7656,3
11739,7
3205,52
11344,40
3269,10
12537,23
11362,35
12217,2
11364,12
9474,6
8926,2
12646,7
12753,5
9253,13
9109,1
11335,13
12618,20
6544,7
11309,4
7521,14
8125,11
645,1
11239,19
12769,14
5473,7
12768,2
6778,1
7609,4
11951,1
3123,2
12779,1
12782,29
6168,3
12617,3
204,2
2898,5
7187,3
8852,1
12755,7
8397,2
12797,3
11835,2
10097,2
7078,3
7472,17
12813,30
5542,1
5676,2
8399,3
12796,2
1254,9
12824,6
12831,3
12314,4
5121,3
5267,2
8775,8
12157,1
6749,7
12381,10
11426,18
11504,1
12846,36
8766,1
7048,2
11358,23
12787,3
8577,2
11077,3
5709,2
5827,11
12861,5
11949,1
12780,1
12242,10
12864,9
4591,1
12877,57
12826,1
855,3
12876,1
276,3
12885,4
10436,4
4499,19
11242,46
12895,16
12880,1
7863,5
8916,14
12854,2
8954,7
11079,2
8225,2
9893,13
9858,6
8603,16
12238,1
12505,3
12918,5
4971,1
9301,4
7017,19
12920,5
956,11
2067,5
7413,4
11499,1
1458,1
12935,12
10945,1
11345,40
5614,1
12903,1
2495,2
11084,1
369,42
11531,7
35,2
8893,13
12697,27
11821,1
9442,1
9052,1
6980,5
1602,2
11447,4
12969,3
8290,4
12973,6
12979,4
1069,2
8713,5
12811,7
7727,1
1686,1
1654,10
12819,32
10497,1
13008,1
12887,10
268,4
9765,1
6938,4
13017,12
10462,1
11943,2
2268,10
5291,4
5306,1
6732,7
13036,1
1741,3
4489,6
12408,1
11245,3
13054,9
6910,2
3197,1
12662,4
11904,1
11376,1
10264,1
12783,2
13081,10
13082,4
13084,4
7931,5
12450,16
11939,2
12995,20
11858,1
13098,23
12983,9
12507,4
13088,7
13091,6
12940,4
13086,3
10921,1
9013,6
7427,17
10111,1
13078,3
12718,3
8205,19
12764,1
13111,3
13109,2
12334,15
10532,5
13113,1
161,14
12399,2
10932,1
489,23
111,4
9688,2
13135,7
11491,9
7574,3
2317,3
461,17
13076,1
13079,3
13099,2
12225,19
10893,9
13103,5
13162,1
6186,25
7826,6
7202,1
10210,5
7327,1
13117,4
9391,1
7529,4
13140,4
2524,4
13179,4
13187,1
13180,1
12910,1
5521,18
10801,9
835,4
2552,7
7771,1
10524,9
10224,3
13144,7
13174,4
8748,3
7057,1
8386,46
8457,5
9460,32
8623,35
232,16
7307,1
9670,2
10958,3
10775,12
13256,1
6166,12
12310,13
12485,9
2355,5
1925,2
1949,3
8426,2
542,3
1816,1
8320,3
5537,36
7824,2
11336,9
6425,5
13178,4
12884,17
13310,1
1229,1
13320,2
13336,21
13305,3
13330,1
13300,3
11471,2
13333,5
9242,5
13241,9
8476,1
3128,8
13202,1
1242,1
1091,3
10756,9
3482,7
9753,18
13353,1
99,14
13380,4
6066,1
7608,2
2189,7
8662,1
2871,16
10837,21
8165,5
7946,1
2144,8
13432,4
2166,2
12143,16
10451,3
6728,14
9831,6
11114,1
13414,2
13360,22
536,2
1078,4
9236,8
13454,2
9908,4
13240,10
9207,4
10435,3
10430,1
1364,14
9968,2
12615,2
7412,1
9851,4
12529,2
10407,1
8013,4
920,7
13523,2
13537,2
13535,1
11370,2
13536,1
12788,49
12350,1
13538,1
7691,8
12052,4
3386,1
9455,20
13509,40
11574,5
8795,1
4491,6
3196,15
7003,4
13594,2
8594,2
13605,1
13056,2
1613,3
12863,2
13619,19
11330,5
13444,1
3176,7
13266,8
10390,1
13652,4
12581,1
7384,5
13653,2
12623,8
471,12
2256,16
1919,32
13262,2
13289,8
12491,3
9921,1
13615,3
13456,19
8658,2
13674,7
1568,2
13700,1
11635,1
4118,20
11159,2
13706,1
6562,3
13718,12
13632,16
2226,3
1110,1
1421,2
12792,6
5165,4
11086,1
13676,4
12449,8
529,2
8919,3
6924,5
8688,1
13757,9
11963,1
2771,8
8889,7
13738,3
13745,9
13788,3
12191,5
5278,1
7571,3
13808,1
4733,3
13648,6
7079,1
13547,13
4421,3
349,24
3144,3
5372,16
4134,4
13837,1
3319,4
13842,12
11550,5
5119,1
4693,2
5764,5
13818,5
3361,1
1217,1
6204,10
13197,3
121,1
226,1
13582,2
13616,1
7683,2
13019,9
2686,2
9950,1
13807,2
8333,6
13739,8
3650,1
7744,1
8754,12
298,2
13922,1
7541,1
4643,1
13737,1
8468,4
11540,2
4818,7
13955,3
6860,3
13279,2
11728,4
9977,1
12184,6
1638,1
6933,1
1984,1
3063,3
9431,6
8578,2
13987,1
8027,2
8080,44
9833,2
11868,4
6326,4
7495,2
14054,8
10992,2
13963,12
5686,2
12117,23
14061,1
588,1
13783,3
3053,11
2553,1
13442,13
7599,29
2377,2
14049,3
14055,4
13879,4
5890,4
10292,1
13919,3
5680,1
14093,2
14125,3
14147,2
12066,3
13956,2
13801,11
14043,16
13904,3
10703,6
10688,1
11193,3
10698,1
8422,12
14185,6
250,22
14188,2
10961,3
10122,1
13540,1
14131,1
1975,1
14241,43
10896,1
14271,3
14275,1
6427,1
14285,1
14292,2
14295,2
1034,3
14303,1
14312,1
14331,2
14230,35
14334,3
12808,1
9740,8
14347,1
693,4
14366,1
12868,2
6368,1
3729,3
13760,2
13727,3
13142,2
14175,1
6208,4
8705,3
14195,2
14368,3
14407,1
14332,12
3629,1
13721,4
13866,24
14410,10
14242,1
14427,13
2341,4
14439,8
13851,1
13477,2
11774,1
14453,18
14480,51
13443,2
14486,7
3648,2
9820,9
14501,1
14485,6
12097,1
14305,1
347,1
8694,5
14522,12
8306,1
14515,4
13069,14
5780,2
10504,3
6909,4
11618,2
10161,1
12295,1
12536,1
10649,7
13742,4
11776,4
4992,3
10718,2
14323,1
14031,14
5077,1
14247,1
14370,4
14595,1
1214,1
14383,56
14605,2
14401,21
10102,1
14600,4
14492,1
13506,3
9879,1
14648,2
617,9
10770,2
14476,6
1082,2
14263,14
14675,1
14599,1
14597,6
8706,2
14691,2
12348,4
14697,1
7303,1
14537,8
11098,1
3219,14
14720,1
14590,3
10010,1
14732,13
583,14
2131,7
14740,2
1597,1
14800,2
8655,3
14769,2
14664,2
9969,24
6775,4
14384,4
14203,3
13114,4
7293,1
12716,1
549,1
1842,7
7936,9
7838,3
11884,3
14925,2
14914,33
14356,2
10399,3
14856,13
1469,3
845,1
2086,1
14996,15
14809,38
14310,2
4896,4
3122,1
14997,9
15046,2
14904,4
9644,25
7853,8
14620,5
10208,33
10853,2
7929,1
568,1
12299,5
14831,1
14719,2
13118,53
1098,9
15106,6
14974,1
14765,5
14874,2
10475,1
10008,2
6555,1
11442,2
8790,1
14876,1
9195,1
14520,11
15197,1
8529,1
9518,4
15210,2
7361,2
7870,2
15234,17
1387,1
7868,2
14560,12
8614,11
15267,2
15257,4
14868,5
15313,1
14973,1
15124,4
11981,7
15289,1
9553,2
11507,2
9182,1
6791,1
10778,1
11097,2
9621,1
13651,1
15390,1
15411,7
9880,1
3647,1
9556,53
14942,2
1559,2
3684,2
13744,2
15502,1
15436,1
15320,6
15384,2
4331,2
14464,2
15321,1
6498,14
15259,3
15581,1
15023,1
15611,6
4100,1
5252,4
15631,5
15299,9
15573,5
5345,10
2728,1
422,8
14534,2
15245,12
10084,1
15683,2
15685,2
14861,6
9445,1
15531,3
15709,33
12625,2
13687,3
4452,1
15746,4
4843,1
15576,4
15750,1
7509,2
15765,1
15757,1
15644,3
13066,1
15770,3
12215,5
495,1
14395,11
8899,2
9649,1
671,1
1014,2
13148,1
7120,1
15308,1
15818,2
15808,1
8652,1
7859,1
7156,1
15340,1
566,2
15791,4
12033,1
15819,2
15793,3
15858,2
2351,1
15530,4
2795,11
15570,1
7379,3
11424,1
7591,3
15901,4
9792,1
15905,28
15930,2
15910,1
15232,1
15823,5
15801,5
15966,41
14264,18
15121,5
15677,1
15976,1
15821,1
14742,2
15944,2
1326,4
11134,1
2651,2
13208,1
8786,2
15936,2
13166,5
7522,2
14943,2
15505,1
15977,9
14922,8
15191,1
16019,4
6083,1
15812,1
15229,6
15693,2
12128,1
7430,1
9365,2
11838,1
16084,1
15016,2
2918,9
12523,1
16102,4
14685,2
5620,1
16042,3
15475,2
5408,3
5509,5
16152,3
14092,2
7722,1
3641,1
287,1
13153,1
7438,2
16126,3
3009,1
4333,1
16165,9
16023,6
6449,4
15772,2
14458,2
9022,2
15537,7
16041,1
6622,9
7374,2
16214,1
6388,1
1538,3
2055,4
14855,3
16168,2
15339,3
2053,1
14134,24
13497,2
13572,2
410,5
7085,3
16253,7
14074,1
16288,2
14752,2
16242,1
1279,6
11825,3
16331,2
15639,6
1123,1
16310,2
113,14
10232,3
16231,2
14680,1
14532,7
16182,2
16414,3
14358,5
12971,4
9026,3
15954,10
16440,2
12489,1
9244,1
14616,3
9380,5
9889,2
16388,1
1678,2
16478,3
16413,7
16367,4
15983,4
6942,2
16508,2
1403,2
16101,10
14477,9
4474,4
16304,9
6023,2
14430,4
16539,1
6351,2
6453,3
6331,1
16186,1
13438,2
6580,8
6181,7
748,2
16558,1
16516,3
1239,3
16528,2
1193,5
16311,7
16580,7
12263,4
16559,5
15970,2
9404,1
2110,5
16582,4
2002,2
14390,1
1162,4
16343,1
15361,3
7414,1
16381,3
16600,1
3615,1
4366,1
14829,12
16639,2
13770,1
16645,2
4053,1
16577,2
16654,5
7933,2
16396,3
16659,32
8479,7
15998,18
16653,1
15984,9
1707,1
14335,1
12062,2
15665,1
16218,9
1274,10
3662,1
7554,1
16450,1
16617,4
16340,1
16713,1
16685,5
12206,2
6706,1
4560,12
16769,25
303,1
14227,2
16497,17
6730,1
8587,4
11233,3
11662,1
12319,4
16797,2
15696,3
13569,4
16689,3
2804,5
16806,22
16813,7
16792,2
13476,53
16700,1
7653,1
7563,1
16820,7
13913,7
16373,6
14970,2
16828,19
16849,20
16858,26
16437,6
7420,1
16128,1
13671,1
5304,1
16875,27
14300,1
16854,1
15270,2
14653,4
16826,10
16884,3
16799,1
12342,1
7091,1
16695,2
16827,1
16143,2
16838,1
16898,4
11486,1
14138,1
14528,6
14702,1
7066,2
16879,1
14417,1
16015,1
16235,2
1703,3
11860,1
10686,4
14023,1
16603,1
5338,1
16220,2
7507,3
13863,3
12923,4
14012,5
16939,22
6309,1
581,9
16980,2
14231,1
12283,1
16995,4
9305,1
16925,1
16937,1
16997,4
14981,1
17022,3
16722,10
13519,3
17023,1
15947,3
505,1
8699,2
14067,1
11692,7
16290,6
16667,1
10790,1
17071,1
2231,6
17044,5
11371,2
17078,39
7988,7
11590,1
2124,4
16985,1
16962,1
3125,1
266,4
17033,11
2152,1
17096,2
6240,1
16219,5
15778,8
17093,12
1055,1
17110,5
8751,2
17090,9
6002,1
17041,1
15422,8
11519,1
12552,7
15074,7
3305,2
17139,1
7949,1
7728,3
7689,1
17152,14
17128,3
8034,2
15601,5
6242,1
7458,2
17160,1
17162,1
15680,2
16801,3
17174,1
17159,7
7243,1
11612,3
1439,2
2809,1
17067,3
12256,1
17187,2
17201,6
15838,1
17206,17
4546,1
15283,3
17214,3
662,1
5,2
16723,9
17218,1
456,1
17225,1
14872,1
17031,1
17228,3
11938,4
1771,3
17178,1
16887,1
16694,2
15213,1
12082,2
14494,1
11210,1
10510,1
10636,1
6876,1
10562,2
13798,2
17255,3
10304,4
7965,2
15738,4
3638,1
6488,2
17074,2
16753,1
16847,2
1687,3
945,2
17260,2
17043,1
17200,6
17169,1
11543,1
17273,13
17288,8
17049,19
13860,4
10597,6
17274,1
2648,1
4488,1
9259,1
9925,1
5784,1
12727,1
11979,1
15585,1
14900,2
16976,9
12515,1
17350,39
17268,6
17280,8
17349,1
17079,14
17227,6
10520,2
13195,2
17374,1
5170,1
17360,1
8550,2
17383,1
5083,3
11155,1
17325,1
8366,4
17375,2
17351,1
17372,2
13075,6
17365,2
17389,6
15789,3
17403,1
17357,7
17102,15
1324,1
2036,1
14201,2
14220,11
15304,2
17424,5
7754,4
17407,4
17318,1
10397,1
2649,1
17347,3
7593,1
17469,2
12818,7
17103,2
6297,1
17004,13
16706,11
17509,2
15044,2
17485,1
14311,2
17429,4
5558,1
17362,2
15545,2
7286,1
17354,1
1245,1
17596,6
17107,1
1971,3
17118,2
15722,32
17640,3
17606,1
16952,1
17653,2
16575,7
17645,1
17582,3
7008,2
14738,5
17667,5
6640,1
6780,1
17684,3
12171,1
16869,2
14076,1
17665,2
13849,2
17695,1
900,1
2657,1
17683,4
6457,1
17751,1
8598,2
14036,2
4820,1
17731,1
17525,1
17745,1
11822,1
6725,2
7769,1
10216,1
18611,2
18642,1
15748,1
14645,1
18664,2
18680,2
18582,4
16630,2
18658,1
18291,2
18665,4
18447,9
11616,1
12386,1
7126,6
18760,2
18746,3
15807,1
13485,3
17333,3
127,1
18699,2
4856,1
18719,3
18629,2
16627,2
18729,1
18165,11
18440,5
14454,2
10744,1
18756,3
6193,1
13641,8
3181,2
18770,8
3182,1
8083,2
11687,1
15433,2
14254,4
1541,2
18878,6
18877,2
15248,8
18794,2
4959,4
18875,3
18768,3
18782,1
18860,1
18897,4
17792,3
18793,1
16216,5
18604,1
18920,1
18907,2
18921,2
6024,3
6751,1
13936,1
18940,3
18856,2
18558,6
15069,1
18962,1
18839,1
16987,9
17203,1
18563,10
19002,3
19007,3
10440,2
19009,4
19011,5
15813,1
8678,1
16407,3
14005,5
19087,1
16454,6
18612,6
19128,1
18931,3
859,3
16250,3
10779,2
7429,13
19204,2
19066,3
19220,1
17251,1
16045,2
5488,1
6480,3
19260,9
18011,24
5452,3
19075,3
16716,23
18525,9
8156,3
19306,1
14168,7
19357,10
2681,2
19257,3
19369,2
19360,1
19442,1
19433,25
13784,1
19025,6
18689,1
18625,41
15033,6
19396,1
7087,5
18103,1
19515,7
18959,2
19561,4
6698,17
19275,1
19586,1
19601,3
19139,3
17712,6
10104,1
18710,1
13556,2
19613,7
6153,1
16222,5
17416,2
2490,1
18965,1
6931,8
9590,4
15110,7
19430,23
17504,4
19418,2
19679,2
15080,18
1371,1
8110,1
11182,13
19255,3
19507,10
17880,6
14506,4
18346,4
19671,8
19713,25
19712,1
3620,2
3622,1
19413,5
1584,1
19632,1
19730,1
7164,1
18503,4
19463,1
7802,1
18833,7
10305,1
9344,5
19694,9
13275,4
599,15
19770,7
18608,2
19771,3
7637,1
19782,1
4803,2
6575,1
6523,1
300,1
19622,5
19581,7
7583,1
13901,1
8461,1
17614,3
19799,2
11101,1
9694,1
3385,1
1225,1
17950,3
19864,19
19582,7
19831,1
9231,2
16883,1
14141,1
7401,2
915,1
18937,4
18600,1
2948,1
18063,1
19109,2
16815,1
7743,1
19454,1
11357,4
16832,1
9051,2
19885,1
19915,5
19757,1
16291,1
19948,1
19464,10
18323,2
1517,2
13869,8
1213,1
19824,4
13870,1
19841,1
19995,1
19966,2
19643,1
19479,7
19089,1
20042,6
1570,1
20045,2
2985,3
20069,1
13810,1
10827,12
20120,2
17464,1
18614,2
20099,9
991,9
9763,1
19617,1
20130,20
20046,3
20027,1
17332,1
7788,1
18991,6
20212,6
20075,6
20240,1
20065,1
20239,13
20254,2
9250,2
20251,1
20315,5
20304,2
20326,1
20346,3
19186,2
20234,5
19612,2
20244,2
2876,1
20360,8
19258,2
20335,3
18702,1
20162,4
15586,2
20139,2
17963,2
12070,1
6157,1
19457,2
20408,9
16933,1
20445,7
20467,2
20111,1
14529,1
6615,2
19845,1
19843,1
8563,2
14635,1
6107,1
4766,3
16243,1
14865,2
2765,5
19783,1
15235,16
5868,1
20547,1
17814,27
19996,3
9592,1
13373,1
2428,5
1247,1
20242,1
18884,1
10845,1
20520,18
17670,1
7810,1
20602,2
17702,1
20615,14
20624,4
16668,2
4966,4
20440,4
5182,1
17443,3
2895,2
20283,7
20534,34
20541,13
17289,10
8533,2
20510,1
20321,2
19309,1
19768,21
20700,3
20715,3
18179,1
20637,1
19906,2
20160,2
20613,6
20728,36
8647,2
20726,3
20737,1
19923,1
19859,1
20709,4
16471,1
20035,1
20691,1
20542,1
20769,1
607,1
20005,1
19697,2
20818,21
20617,6
20859,3
3365,2
19500,7
19717,3
12488,2
1018,1
19415,4
17661,5
18868,4
20781,1
20802,1
19999,2
5898,1
1503,2
20890,1
8091,1
20836,1
430,6
19815,6
10632,2
19441,8
20952,6
19944,1
20734,8
20524,1
20262,11
19326,2
19700,8
13233,20
6886,3
20937,1
20990,1
17756,1
17940,8
21026,8
19481,1
20016,1
15831,1
13939,1
20992,20
21005,3
18245,1
18371,1
21057,2
21020,2
6983,1
5658,1
5664,1
20780,1
7491,3
19145,4
12967,1
21060,2
21156,3
21163,26
21168,3
21079,4
20926,9
21187,26
21021,2
21143,2
21081,1
13342,1
20931,2
21202,2
20720,1
21077,1
16408,1
21216,1
21222,7
21226,13
13183,4
3162,1
21232,2
20651,1
6126,1
21260,1
21301,9
21300,10
16109,1
19997,1
21085,18
21312,4
7136,1
21055,1
18189,17
20898,1
21327,13
21324,14
21071,3
20711,6
2647,1
20821,1
12017,1
21276,1
20600,2
17616,2
21196,4
21003,2
20955,4
20452,1
21326,1
20978,2
21387,12
20061,3
20476,13
21298,2
21394,14
13852,1
20748,1
19530,1
19183,15
21353,2
13457,10
21402,14
7670,2
21293,7
20481,12
1862,1
11571,2
20839,1
21412,14
21422,12
21409,9
21415,11
9515,1
18987,9
19179,6
20976,16
21432,2
18096,4
20062,5
16818,4
21477,2
21471,2
21487,15
21500,12
21439,5
21504,9
20908,1
14233,1
21514,4
21532,32
11753,1
21535,12
21302,10
21536,8
21542,11
19707,3
21557,8
21563,7
21562,7
21513,5
21436,1
21569,13
21566,13
18739,2
4482,1
21577,10
21586,8
21584,7
21583,9
21581,7
21585,8
21591,8
21058,13
21592,11
21597,10
21598,8
21608,6
21609,6
21614,9
21625,8
4429,2
2164,1
21631,8
21200,3
19674,1
21634,8
21636,8
21640,8
21624,6
12518,1
5643,10
21107,4
17377,2
20838,1
17700,8
5791,1
21358,1
21671,1
20817,1
21724,12
21741,2
19017,1
21744,8
21747,8
21743,4
21499,2
21749,10
21753,4
21722,20
21760,5
17802,1
21762,9
21763,10
17402,3
21265,4
9999,2
21476,1
19899,6
21767,11
21768,8
21770,7
21773,9
21774,4
14000,6
21775,12
21778,10
21782,2
21783,2
21779,13
21789,8
17321,2
21601,2
21791,9
21790,9
21455,3
21796,5
5315,4
21797,7
21801,1
13220,3
16749,1
20503,1
21027,2
21769,1
21408,1
21299,1
17829,3
15168,5
21315,2
19976,3
92,1
21066,1
9235,1
21008,1
19161,1
15993,2
21817,4
21806,1
19340,1
21737,1
11488,1
21802,4
8099,1
8610,1
16934,3
21558,8
8681,2
21868,3
21605,1
21848,3
21878,2
21680,1
21875,10
10804,3
11976,1
12990,9
21805,1
5902,1
7850,5
21490,4
21399,1
19217,2
3657,2
20794,1
13771,1
21943,11
207,1
8830,1
20680,1
18890,1
21764,8
22024,10
21716,3
52,3
11347,1
22106,2
6179,1
19095,1
4886,1
20593,1
22011,1
21803,1
22113,1
22187,10
22189,7
22190,9
22193,1
20514,1
22196,8
22197,8
22195,9
22198,9
22200,8
16871,6
22191,23
22205,8
22207,10
22209,9
22213,9
22217,8
22086,9
22204,5
22220,7
21866,1
22186,2
21916,2
22219,7
22036,1
22224,7
21630,5
11492,1
21954,1
22178,6
22233,7
22232,8
22235,8
22245,7
22239,2
22249,1
22252,5
22251,3
22253,4
22257,12
22258,4
21506,2
22261,5
22103,26
19471,1
22268,12
14066,2
22269,5
22273,5
22275,3
5589,1
22248,1
22063,1
22290,3
22291,3
22296,2
22297,3
22300,3
22301,2
22304,4
3748,1
