uid,answer_agreed_count
1,663
2,1563
3,301
4,193
5,13
8,604
9,46
11,1032
14,35
15,8952
17,213
18,12
29,2
32,1
35,9
37,0
42,17
52,14
54,1
62,11
64,0
70,4
74,8
80,461
81,21
85,73
86,6
88,71
92,21
94,0
95,59
99,19
103,5
108,5
111,49
112,50
113,19
114,50
117,42
121,21
123,1217
127,13
133,443
136,14
148,17
152,15
153,2
154,85
155,42
156,42
159,58
161,15
165,671
167,88
169,2
172,63
173,127
176,2293
179,0
180,6
184,1
189,27
191,2
193,0
194,3
196,161
200,118
202,12
203,1
204,20
207,11
209,21
210,673
212,122
214,125
216,1412
219,115
222,1
226,10
229,100
232,28
238,4
245,83
250,33
252,46
255,2
259,47
260,4
263,2
264,0
266,5
268,3
271,547
272,0
275,1183
276,6
279,101
281,0
287,7
290,9
291,266
298,21
299,214
300,11
303,13
307,12
313,6
321,0
323,2
327,38
334,29
342,3
344,-6
345,0
347,6
349,40
357,229
359,0
369,70
377,30
380,154
393,177
395,1
399,159
405,46
407,5
410,18
414,106
416,0
418,1211
419,1324
420,0
422,34
424,33
425,-6
426,0
427,385
428,0
430,7
437,59
438,0
440,13
443,63
448,0
449,2393
450,4
451,1
455,24
456,27
457,44
461,52
464,0
466,9
467,1
469,303
471,16
472,12
475,5
481,9
482,0
484,158
485,221
486,66
489,53
490,67
495,5
505,6
507,16
508,0
515,6
516,160
518,735
519,2
521,19
524,336
528,11
529,9
535,0
536,3
539,88
540,8
542,4
544,0
549,10
551,0
555,116
558,145
560,138
564,2
565,37
566,7
568,1
569,1835
570,29
572,23
573,23
574,6
578,0
579,7
581,19
583,15
584,66
587,1251
588,3
589,3
593,1091
594,0
595,142
599,21
607,14
612,7
616,1
617,20
618,256
619,6
626,0
628,21
632,2
638,4
645,8
646,16
647,0
653,276
655,26
657,0
660,8
662,2
665,2
668,0
671,10
678,50
681,0
685,2
693,-3
695,42
696,3
697,3
698,16
700,0
702,6
704,12
705,2
706,4
708,1
716,38
720,1
723,53
728,1025
730,1
733,3
734,13
736,-3
744,71
746,0
747,80
748,28
749,1475
754,424
755,2
760,70
763,10
766,91
769,3
772,1
776,25
793,26
798,619
799,113
801,-1
815,5
817,0
819,5
821,0
824,56
826,27
832,298
835,6
836,212
838,6
840,74
845,3
849,6
855,0
858,-12
859,3
863,2
883,11
884,-3
888,54
889,337
893,8
894,164
897,0
900,3
910,1157
911,51
915,3
918,1
920,34
923,2
924,37
927,46
928,0
933,59
934,1
936,3
940,63
945,2
946,5
951,87
953,16
955,5
956,48
958,1
961,9
974,0
975,-1
981,58
986,1
987,151
991,9
994,24
996,14
1001,399
1002,0
1005,0
1006,786
1014,7
1016,1311
1018,1
1020,127
1021,356
1024,25
1028,47
1030,0
1034,47
1042,0
1043,35
1050,188
1052,24
1055,1
1061,16
1063,68
1066,298
1069,11
1073,478
1077,651
1078,19
1080,9
1082,7
1086,13
1090,0
1091,14
1097,191
1098,17
1105,167
1108,357
1110,-13
1111,0
1117,2
1118,0
1120,1
1122,2
1123,2
1124,795
1126,0
1132,343
1133,0
1138,0
1146,0
1148,42
1160,0
1162,4
1170,4
1172,2
1173,16
1174,28
1175,7
1179,741
1181,26
1184,0
1185,0
1189,93
1191,111
1193,10
1197,46
1199,15
1201,4
1203,120
1210,323
1213,9
1214,1
1216,1
1217,3
1218,1
1221,2
1222,2
1223,45
1225,5
1226,199
1228,9
1229,5
1234,1
1236,-1
1237,2
1238,58
1239,12
1240,0
1242,2
1245,0
1247,-1
1250,1
1253,2
1254,25
1256,20
1257,0
1258,2
1261,24
1263,124
1267,-17
1268,2
1270,9
1272,-32
1274,9
1275,116
1279,36
1280,0
1282,29
1283,366
1290,5
1296,16
1298,1
1299,28
1300,68
1307,3
1309,-12
1312,0
1319,100
1323,6
1324,-23
1326,17
1328,132
1329,155
1334,-1
1336,119
1337,0
1338,15
1339,116
1341,-1
1342,0
1344,18
1347,66
1348,119
1350,-20
1351,18
1353,3
1361,259
1363,48
1364,41
1367,8
1368,-3
1369,0
1371,-16
1373,-16
1376,62
1380,4
1385,2
1387,3
1389,9
1391,-10
1392,53
1394,-1
1395,0
1403,6
1404,-1
1405,5
1409,0
1414,0
1416,86
1421,30
1433,47
1434,-1
1439,15
1441,2
1442,27
1443,1
1445,2
1447,0
1448,5
1450,829
1451,16
1453,0
1458,-3
1465,2
1469,0
1470,576
1472,59
1478,21
1479,-3
1484,176
1486,-1
1487,0
1492,-1
1493,15
1494,0
1495,0
1499,-6
1502,0
1503,2
1506,7
1515,-2
1517,7
1519,0
1528,28
1530,81
1534,-1
1535,135
1536,20
1537,-6
1538,14
1539,-15
1541,6
1545,2
1547,1
1549,98
1550,0
1552,36
1553,-7
1557,1
1559,7
1561,225
1564,0
1567,24
1568,-9
1569,11
1570,4
1571,839
1574,-4
1575,2
1578,1
1582,261
1584,1
1585,68
1587,102
1591,0
1593,-1
1595,0
1597,2
1598,2
1601,0
1602,-11
1613,-4
1615,0
1618,3
1620,4
1621,-9
1625,9
1626,127
1637,921
1638,22
1640,-22
1643,5
1644,54
1648,8
1653,54
1654,37
1655,50
1658,-2
1661,-2
1662,5
1666,75
1669,4
1674,540
1676,0
1677,5
1678,17
1680,-4
1685,19
1686,8
1687,-20
1692,0
1698,1
1702,8
1703,-10
1705,1
1706,5
1707,1
1708,3
1710,43
1714,32
1719,10
1721,0
1722,221
1723,2
1729,78
1730,3
1734,63
1736,-50
1738,0
1741,6
1745,1
1750,2
1756,5
1762,2
1765,42
1766,362
1770,0
1771,3
1772,0
1777,43
1779,255
1782,-9
1783,46
1784,316
1786,23
1789,130
1801,0
1803,-30
1805,180
1815,14
1816,0
1817,1
1820,817
1821,0
1829,7
1832,4
1835,-10
1836,17
1839,0
1842,7
1847,20
1848,44
1853,1
1854,13
1855,21
1858,-8
1861,0
1862,-1
1879,1
1881,25
1884,-5
1887,0
1891,3
1893,0
1896,5
1900,0
1902,71
1907,88
1908,1
1909,0
1919,92
1925,3
1927,311
1931,9
1938,0
1940,197
1945,10
1946,200
1949,3
1951,6
1958,2
1961,2
1962,45
1964,8
1967,147
1969,-6
1971,3
1974,3
1975,3
1979,11
1984,-1
1986,331
1988,0
1994,0
2002,13
2003,4
2013,-1
2016,1
2019,1
2020,0
2021,0
2033,0
2035,3
2036,7
2039,7
2045,0
2046,-2
2048,54
2053,27
2054,151
2055,-23
2057,-4
2058,739
2064,1
2065,88
2066,9
2067,124
2069,0
2070,19
2074,0
2075,61
2086,1
2090,0
2096,0
2097,-2
2101,149
2105,3
2107,0
2110,5
2112,1
2121,75
2122,6
2123,4
2124,10
2125,0
2129,6
2131,7
2132,8
2133,10
2144,8
2145,83
2147,80
2151,2
2152,1
2159,1
2164,11
2166,8
2167,180
2171,4
2173,1
2174,2
2175,8
2181,0
2189,8
2192,3
2206,77
2207,3
2209,-3
2223,0
2225,51
2226,57
2228,0
2230,0
2231,34
2241,0
2243,10
2247,9
2248,0
2251,0
2253,3
2256,30
2257,0
2260,3
2265,2
2266,0
2268,63
2273,4
2275,0
2284,6
2285,0
2296,941
2299,1
2303,0
2305,20
2307,0
2309,378
2311,0
2312,20
2314,119
2315,1
2317,0
2319,0
2323,1
2327,0
2329,148
2333,214
2334,0
2335,4
2336,0
2341,28
2348,0
2349,40
2351,16
2353,1
2355,9
2360,153
2377,26
2380,7
2381,11
2382,1
2394,11
2397,2
2398,1
2403,0
2406,0
2407,4
2409,279
2410,84
2417,0
2427,11
2428,5
2429,-6
2430,1
2431,0
2438,0
2440,0
2454,2
2457,0
2464,6
2467,13
2468,5
2477,2
2478,3
2481,-10
2482,57
2488,3
2490,2
2494,0
2495,2
2502,18
2508,0
2512,1
2515,4
2524,7
2528,27
2532,540
2533,442
2543,0
2544,0
2545,0
2549,1
2552,60
2553,-6
2555,-12
2557,67
2560,7
2561,29
2562,0
2565,0
2612,0
2613,39
2616,1
2635,0
2640,-8
2642,1
2644,3
2647,1
2648,5
2649,3
2651,21
2652,-7
2655,0
2657,4
2662,34
2663,2
2666,0
2669,-8
2673,32
2675,2
2679,0
2681,23
2686,23
2688,0
2691,4
2694,16
2697,-11
2701,3
2705,3
2706,6
2707,-6
2710,84
2713,16
2718,-6
2722,-9
2723,0
2727,-1
2728,22
2730,19
2735,102
2744,-2
2747,28
2759,-6
2765,14
2771,74
2777,2
2782,0
2784,4
2785,6
2786,-5
2791,50
2795,23
2796,0
2804,11
2806,3
2808,1
2809,2
2813,4
2814,610
2818,0
2828,6
2829,1
2832,2
2835,2
2836,152
2841,0
2842,0
2843,1
2846,102
2852,26
2853,1
2857,-1
2858,1313
2859,9
2862,24
2865,1
2871,16
2874,-36
2876,2
2881,3
2895,2
2898,-31
2900,2
2901,29
2911,0
2912,0
2914,0
2915,4
2918,11
2921,0
2927,0
2930,60
2932,12
2937,14
2938,49
2939,2
2940,0
2944,91
2948,5
2949,1
2958,1
2959,1
2960,2
2961,28
2962,209
2964,2
2965,0
2972,0
2975,1
2978,0
2979,3
2983,57
2984,387
2985,4
2988,8
2992,63
2995,13
2997,0
3000,3
3007,0
3009,8
3010,-1
3012,1301
3013,1
3014,4
3015,0
3018,1
3020,50
3022,83
3023,0
3024,0
3026,0
3027,-3
3028,4
3030,0
3031,0
3034,0
3035,1
3039,0
3041,110
3042,160
3043,3
3044,0
3048,1
3053,14
3062,1
3063,6
3065,69
3068,-6
3069,-1
3071,0
3072,3
3074,0
3075,40
3080,1
3081,1
3093,0
3094,0
3105,40
3106,0
3107,0
3122,1
3123,15
3125,4
3128,25
3129,2
3132,-1
3140,9
3144,8
3151,1
3155,8
3162,12
3164,0
3166,0
3170,3
3172,0
3174,0
3176,28
3179,0
3180,0
3181,2
3182,2
3186,3
3192,2
3195,0
3196,22
3197,-28
3198,0
3201,8
3202,0
3205,48
3212,309
3213,42
3214,29
3216,107
3218,0
3219,20
3224,56
3225,3
3229,6
3237,14
3238,0
3240,16
3250,-1
3262,0
3263,0
3269,49
3270,0
3271,-8
3273,-4
3274,-4
3275,-4
3279,0
3294,-1
3295,2
3297,-2
3300,1
3302,-15
3305,5
3308,178
3311,31
3317,849
3319,32
3320,41
3323,-3
3324,155
3325,-1
3335,-2
3338,50
3339,1
3343,1
3344,51
3345,0
3359,0
3361,1
3362,36
3365,3
3366,-4
3368,0
3371,0
3373,30
3375,1
3376,0
3378,-2
3384,0
3385,1
3386,1
3388,0
3401,-3
3403,0
3409,0
3410,0
3411,0
3412,-6
3457,0
3458,0
3471,0
3474,1
3480,0
3481,0
3482,20
3483,-2
3484,378
3486,-2
3487,988
3497,53
3498,1
3500,-1
3501,71
3504,47
3508,0
3512,0
3516,3
3523,-3
3532,246
3537,-1
3540,0
3541,291
3543,4
3544,0
3558,3
3559,-3
3561,7
3565,0
3569,7
3570,-14
3583,0
3586,1
3590,1
3591,1
3592,1313
3596,1
3597,0
3602,20
3603,10
3604,1
3608,2
3613,0
3614,5
3615,24
3616,39
3618,9
3619,21
3620,-1
3622,1
3623,0
3627,98
3629,11
3630,1
3633,0
3635,2
3636,0
3638,2
3641,2
3642,54
3643,-3
3644,6
3645,25
3647,6
3648,-6
3650,1
3652,1
3654,1
3656,-28
3657,4
3658,15
3659,5
3662,-1
3663,53
3668,2
3670,0
3671,6
3672,0
3673,0
3678,2
3682,2
3683,6
3684,-5
3685,2526
3693,43
3695,1
3699,2
3700,-444
3706,4
3707,0
3708,-3
3709,67
3711,-1
3712,-5
3718,17
3723,3
3729,-7
3730,8
3731,3
3732,0
3740,3
3744,336
3747,2
3748,8
3750,1
3751,0
3755,1
3757,78
3762,0
3765,2
3769,0
3917,1
4025,0
4029,1
4033,-2
4035,2
4039,-3
4040,-3
4042,0
4044,0
4048,4
4049,0
4052,2
4053,3
4055,3
4058,2
4060,11
4061,2
4062,0
4063,-1
4064,-4
4065,0
4069,-1
4071,6
4072,-1
4083,0
4100,-24
4101,0
4106,2
4109,0
4111,4
4118,21
4123,-1
4126,0
4131,0
4134,11
4139,-1
4148,2
4152,5
4161,0
4199,0
4209,0
4210,-14
4211,-4
4218,-1
4222,217
4231,1
4232,1
4234,16
4235,-4
4239,1
4244,0
4245,0
4248,0
4257,0
4295,-2
4296,44
4299,0
4313,0
4318,2
4319,0
4321,3
4324,0
4329,73
4330,0
4331,2
4332,-8
4333,3
4334,151
4337,1
4339,0
4346,48
4351,18
4363,3
4366,6
4368,-3
4369,84
4371,-2
4372,0
4373,-1
4379,-1
4382,-3
4386,2
4391,17
4397,0
4400,2
4410,485
4413,3
4415,0
4421,6
4429,4
4434,4
4436,3
4437,-2
4439,98
4440,-5
4443,0
4447,5
4449,0
4451,0
4452,2
4453,1
4454,1
4455,6
4456,3
4457,-1
4467,2
4474,9
4482,1
4486,0
4487,3
4488,2
4489,6
4491,2
4498,1
4499,221
4514,1
4518,0
4520,107
4521,-1
4523,3
4524,5
4525,1800
4532,0
4537,0
4546,9
4554,7
4557,4
4560,12
4563,66
4564,0
4566,0
4570,60
4591,-3
4612,0
4615,21
4643,16
4676,1
4679,2
4691,117
4693,35
4697,3
4702,0
4707,0
4718,0
4724,1519
4730,3
4731,4
4732,0
4733,3
4734,0
4736,0
4739,0
4748,-1
4749,0
4761,3
4765,42
4766,32
4773,3
4775,1
4779,0
4783,15
4797,2
4799,18
4803,55
4806,3
4808,2
4813,0
4818,5
4819,1
4820,-7
4822,0
4824,1
4826,0
4830,0
4831,8
4836,-1
4841,92
4843,3
4856,8
4857,0
4860,-1
4867,-2
4874,2
4875,1
4877,1
4886,25
4887,646
4889,0
4893,0
4896,22
4898,22
4899,18
4903,0
4905,0
4906,112
4930,-2
4931,2
4932,139
4949,12
4953,-2
4959,10
4961,0
4965,1
4966,4
4971,4
4977,7
4983,1
4984,321
4985,0
4987,0
4989,3
4990,-5
4991,1
4992,7
4995,6
4996,-1
4998,-2
5000,293
5002,2
5007,0
5008,10
5012,0
5013,1
5016,1
5030,27
5035,3
5038,0
5045,215
5046,1
5047,5
5049,0
5054,0
5057,1
5069,0
5071,4
5074,0
5076,6
5077,1
5083,3
5084,0
5085,-4
5111,-4
5119,-11
5121,13
5122,2
5125,182
5126,6
5127,-2
5133,1
5135,0
5144,1
5149,35
5150,11
5151,0
5156,0
5158,0
5159,0
5160,0
5165,5
5166,0
5167,27
5170,2
5173,0
5175,2
5176,0
5178,47
5182,6
5186,-14
5187,0
5188,0
5189,-1
5191,-1
5192,40
5197,0
5204,0
5208,-1
5210,0
5211,-7
5212,1
5214,-1
5225,-1
5233,0
5240,-1
5241,0
5248,4
5252,4
5257,1
5259,1
5267,-8
5272,0
5277,0
5278,2
5279,0
5283,0
5285,0
5289,0
5291,8
5297,1
5302,0
5304,-7
5306,1
5310,15
5313,-2
5315,7
5317,1
5319,0
5324,-1
5325,-3
5333,1
5335,0
5336,6
5338,11
5339,8
5342,7
5344,0
5345,20
5346,1
5348,0
5352,0
5354,1
5356,5
5357,7
5359,0
5361,-1
5362,4
5364,0
5365,0
5372,19
5373,0
5376,1
5382,306
5383,2
5390,397
5391,0
5393,51
5395,1
5403,2
5406,4
5407,-6
5408,-3
5428,83
5431,108
5438,232
5439,5
5440,0
5452,3
5460,2
5468,67
5473,40
5476,0
5477,3
5488,17
5493,0
5499,0
5502,2
5505,1
5509,13
5511,274
5513,67
5514,0
5515,-2
5517,1
5520,0
5521,21
5527,0
5529,0
5537,141
5541,0
5542,3
5544,31
5551,10
5558,3
5572,30
5575,0
5580,2
5589,1
5591,0
5594,4
5596,1
5597,0
5598,0
5604,0
5606,52
5611,-4
5614,3
5615,287
5617,0
5618,2
5620,3
5628,14
5632,3
5634,2
5635,0
5636,14
5640,15
5641,6
5643,11
5652,1
5654,16
5658,13
5660,49
5664,1
5665,5
5666,15
5676,-6
5680,1
5682,0
5686,3
5687,16
5690,4
5699,25
5706,0
5707,132
5709,8
5711,7
5714,0
5715,0
5721,97
5722,118
5728,-3
5729,18
5736,0
5740,0
5760,198
5764,5
5770,91
5773,0
5780,3
5784,6
5786,0
5791,3
5800,0
5805,37
5806,122
5812,3
5820,2
5824,0
5825,2
5827,18
5838,26
5843,35
5847,6
5851,243
5852,142
5861,249
5864,2
5868,1
5874,0
5878,0
5890,4
5891,0
5892,12
5896,1
5898,8
5900,1
5902,-2
5907,43
5908,3
5913,0
5919,0
5924,64
5928,8
5935,1
5942,17
5947,124
5958,0
5965,9
5970,0
5971,275
5976,290
5999,-66
6001,2
6002,3
6003,229
6005,2
6012,13
6016,88
6020,0
6021,6
6023,18
6024,4
6025,2
6029,5
6035,50
6038,1
6048,0
6052,15
6053,0
6056,165
6064,17
6066,4
6075,199
6076,163
6078,57
6079,0
6083,13
6085,0
6090,0
6092,604
6094,1
6097,5
6098,0
6099,0
6105,0
6106,0
6107,3
6108,6
6112,28
6115,3
6119,8
6126,-13
6127,1
6136,0
6147,0
6148,13
6151,8
6152,0
6153,3
6157,-8
6159,-1
6160,-5
6165,28
6166,36
6168,3
6171,903
6179,3
6181,17
6186,61
6187,-5
6190,310
6191,-4
6193,4
6194,220
6198,0
6203,29
6204,16
6207,35
6208,22
6212,1
6218,12
6220,2
6225,2
6231,3
6232,4
6233,1
6234,0
6235,1
6236,6
6237,6
6238,5
6240,12
6241,21
6242,2
6243,11
6246,4
6258,0
6259,2
6261,-13
6265,0
6269,0
6271,1
6275,1238
6276,15
6279,83
6288,55
6292,0
6293,42
6295,2
6297,2
6298,0
6299,0
6301,4
6309,19
6310,-4
6311,1
6312,0
6313,27
6314,7
6316,0
6317,0
6319,217
6320,48
6321,0
6326,9
6328,2
6330,0
6331,2
6333,101
6336,11
6338,26
6341,13
6345,248
6347,0
6349,7
6350,1
6351,4
6352,51
6353,5
6358,423
6363,0
6368,-7
6369,0
6380,67
6388,6
6389,25
6399,0
6401,0
6405,60
6414,1
6420,0
6425,6
6427,13
6434,0
6437,0
6446,8
6449,-18
6450,21
6453,4
6457,-13
6462,3
6466,5
6469,4
6480,-2
6481,-6
6483,36
6488,2
6489,357
6493,66
6494,9
6496,30
6498,22
6499,7
6504,0
6508,49
6511,0
6516,16
6523,3
6525,516
6527,2
6528,0
6534,-2
6535,0
6537,18
6539,29
6540,43
6541,0
6544,22
6545,24
6547,5
6549,28
6555,13
6556,0
6558,114
6562,6
6567,-6
6570,4
6571,42
6573,695
6575,12
6576,66
6579,0
6580,17
6586,185
6590,0
6591,233
6594,0
6596,48
6598,63
6602,0
6603,-4
6605,0
6606,746
6607,-1
6608,0
6609,113
6613,5
6614,3
6615,1
6616,137
6618,45
6622,39
6623,0
6634,76
6638,0
6640,21
6642,130
6645,4
6646,-2
6648,0
6649,71
6655,4
6656,2
6664,3
6667,431
6668,7
6671,1057
6672,13
6673,73
6681,11
6682,0
6683,0
6685,0
6690,100
6692,3
6694,2
6698,17
6699,0
6700,18
6703,0
6704,-3
6705,41
6706,7
6708,111
6711,1
6714,0
6715,3
6720,1
6721,0
6723,1
6725,2
6727,28
6728,76
6730,5
6731,-5
6732,34
6737,18
6741,0
6742,0
6744,2
6745,9
6748,2
6749,1
6750,7
6751,4
6753,1
6754,0
6756,-1
6757,1
6758,0
6763,514
6764,1
6765,2
6767,70
6771,0
6772,0
6773,5
6774,2
6775,7
6777,0
6778,2
6780,7
6781,0
6782,1
6786,12
6788,0
6791,1
6793,1
6794,37
6796,1
6802,0
6803,-1
6807,0
6811,0
6812,2
6814,0
6816,0
6819,2
6824,40
6830,0
6835,-5
6838,79
6840,0
6844,10
6845,1
6847,2
6856,252
6860,12
6863,61
6865,0
6868,1015
6870,0
6871,106
6874,236
6875,39
6876,3
6879,0
6881,0
6882,1
6884,1
6886,11
6888,-1
6890,13
6891,0
6894,4
6903,10
6904,0
6905,0
6906,2
6908,0
6909,6
6910,8
6913,5
6915,5
6917,-11
6923,0
6924,7
6925,0
6928,0
6929,0
6931,8
6933,1
6934,-3
6936,2
6938,-14
6940,58
6942,14
6946,61
6951,1
6952,147
6954,-5
6957,1
6958,5
6965,1
6967,160
6972,3
6974,26
6979,1
6980,-13
6983,10
6984,29
6988,0
6992,1
6993,63
7003,5
7006,0
7008,3
7010,1
7011,0
7017,23
7018,0
7026,8
7032,0
7043,0
7044,38
7047,-1
7048,5
7054,6
7055,-1
7057,-1
7060,0
7066,8
7067,-51
7068,11
7072,58
7077,2
7078,6
7079,3
7085,10
7086,-1
7087,16
7088,4
7091,9
7092,0
7093,3
7095,29
7097,4
7098,182
7100,16
7103,2
7104,105
7105,0
7106,38
7107,0
7110,0
7111,0
7113,13
7114,12
7115,70
7116,8
7118,0
7120,1
7121,653
7126,7
7133,0
7135,0
7136,3
7142,209
7143,3
7146,28
7147,-3
7150,2
7156,2
7157,18
7160,0
7162,1
7163,7
7164,1
7165,17
7170,2
7171,-10
7175,0
7177,25
7178,0
7183,121
7186,1
7187,7
7188,-1
7194,5
7195,-20
7196,43
7201,5
7202,3
7204,0
7216,7
7218,51
7219,0
7221,6
7225,349
7232,8
7234,27
7235,1
7236,-8
7241,2
7242,5
7243,38
7244,0
7246,2
7247,64
7249,143
7253,-2
7254,8
7255,11
7256,82
7257,2
7258,1
7260,1
7264,9
7268,0
7269,16
7270,53
7272,1
7276,40
7278,1
7281,80
7283,0
7285,0
7286,-7
7290,0
7291,-7
7293,-5
7294,1
7295,99
7297,0
7299,0
7302,86
7303,1
7307,2
7314,2
7322,39
7324,1
7325,11
7327,0
7330,67
7336,1
7337,11
7340,15
7345,3
7346,0
7351,1
7353,32
7355,3
7356,5
7357,-2
7358,0
7361,3
7363,0
7365,5
7370,46
7374,4
7375,424
7379,22
7380,1
7382,7
7383,2
7384,5
7388,0
7390,42
7392,1
7394,1
7399,3
7401,2
7406,0
7408,6
7409,9
7410,4
7411,0
7412,56
7413,26
7414,1
7416,0
7418,10
7419,1
7420,2
7423,2
7426,0
7427,31
7429,15
7430,-4
7432,2
7433,55
7434,0
7437,122
7438,-9
7439,47
7442,10
7449,84
7454,1
7457,-10
7458,4
7460,0
7461,15
7464,4
7467,-6
7470,212
7471,24
7472,6
7479,0
7481,4
7483,32
7485,1165
7490,251
7491,3
7493,0
7494,223
7495,3
7496,83
7507,3
7509,-3
7510,123
7511,2
7515,0
7516,253
7517,0
7518,6
7519,0
7520,-9
7521,82
7522,2
7526,91
7528,288
7529,-8
7531,-6
7532,0
7533,-3
7534,1
7539,0
7540,36
7541,0
7543,111
7546,-6
7550,41
7551,245
7553,1160
7554,-4
7555,-5
7557,4
7560,0
7563,1
7566,15
7568,-22
7571,2
7573,0
7574,-16
7575,0
7576,-3
7578,-8
7579,-19
7581,-2
7582,-4
7583,0
7584,-5
7591,3
7592,259
7593,1
7599,27
7601,1522
7602,124
7606,2
7608,12
7609,7
7610,0
7612,0
7613,1
7615,-5
7616,0
7619,-2
7620,-1
7622,3
7623,0
7625,0
7627,-6
7628,-3
7630,50
7631,-8
7633,2
7634,0
7637,0
7640,0
7643,6
7646,-7
7650,1
7651,0
7652,1
7653,3
7654,5
7656,6
7662,246
7665,-5
7666,-6
7668,-9
7669,-2
7670,-7
7671,0
7673,0
7681,22
7683,45
7684,-9
7689,-28
7691,10
7694,-1
7700,1
7702,1
7708,-5
7710,-2
7715,-2
7722,0
7724,0
7725,-4
7727,1
7728,4
7731,0
7732,0
7736,23
7743,2
7744,1
7745,7
7749,2
7751,2
7753,1
7754,6
7761,25
7763,6
7766,1
7767,0
7769,1
7771,2
7772,0
7773,26
7776,0
7777,0
7779,0
7785,9
7786,0
7788,1
7793,5
7794,645
7798,12
7801,0
7802,1
7808,32
7810,1
7815,92
7816,4
7817,4
7820,0
7822,0
7824,2
7826,17
7827,17
7829,325
7831,0
7832,-5
7834,369
7835,0
7838,10
7839,0
7844,8
7846,1
7848,97
7850,5
7853,14
7854,-1
7856,0
7857,70
7859,2
7863,15
7864,0
7867,45
7868,3
7869,14
7870,8
7878,122
7880,-14
7881,65
7887,397
7890,80
7894,144
7897,55
7899,0
7907,2
7915,1
7920,0
7921,-7
7922,-13
7923,-4
7927,0
7929,1
7931,-4
7933,4
7934,240
7936,18
7938,0
7946,7
7949,1
7950,18
7953,0
7954,0
7960,2
7964,539
7965,3
7966,51
7969,233
7980,38
7982,18
7986,0
7988,16
7996,32
7997,793
7998,0
8007,15
8009,0
8013,-4
8016,13
8020,0
8021,4
8022,18
8023,451
8027,4
8028,6
8029,0
8030,0
8034,31
8036,48
8039,16
8041,-7
8049,-4
8050,0
8052,0
8053,-3
8054,7
8055,6
8061,0
8066,34
8068,5
8070,4
8072,-14
8077,-4
8080,45
8083,2
8085,0
8086,22
8087,-3
8090,5
8091,2
8099,1
8103,2
8106,0
8107,-3
8108,-5
8110,5
8113,9
8115,0
8116,-12
8117,-9
8124,9
8125,14
8133,76
8142,0
8150,39
8154,110
8155,70
8156,8
8157,24
8160,32
8165,5
8166,231
8177,0
8182,2
8186,1
8192,5
8195,12
8197,169
8200,-2
8201,16
8203,33
8205,13
8207,0
8209,35
8216,1
8217,0
8221,3
8225,8
8229,0
8234,1
8235,75
8240,-5
8244,30
8247,68
8249,2
8256,20
8257,34
8260,2
8262,20
8264,85
8268,-8
8269,6
8271,5
8272,1
8275,304
8277,-3
8285,3
8289,-5
8290,4
8299,0
8304,134
8305,2
8306,9
8308,8
8310,140
8312,112
8315,6
8319,0
8320,12
8321,118
8327,4
8328,30
8329,34
8332,11
8333,6
8337,-4
8343,0
8346,1
8348,0
8350,0
8352,134
8354,16
8358,18
8362,3
8364,2
8365,0
8366,14
8374,2
8376,-5
8380,62
8382,136
8386,55
8389,15
8391,7
8392,25
8394,32
8395,10
8397,2
8398,-10
8399,10
8400,-1
8410,6
8411,-8
8413,1
8414,-12
8416,3
8420,0
8422,46
8423,113
8426,3
8431,1
8438,-2
8439,0
8446,0
8450,6
8457,18
8461,-8
8468,13
8476,1
8479,7
8480,109
8483,1278
8484,12
8488,0
8498,0
8500,19
8506,-5
8507,161
8512,71
8518,3
8522,159
8526,1
8528,1
8529,2
8533,5
8536,10
8539,-1
8542,59
8550,4
8553,1
8558,0
8560,1
8563,7
8570,3
8576,229
8577,16
8578,23
8581,2
8584,5
8585,21
8586,14
8587,34
8589,6
8593,3
8594,2
8598,11
8600,148
8603,13
8604,400
8606,63
8607,0
8610,1
8614,11
8616,275
8623,37
8625,-12
8630,17
8632,6
8633,1094
8635,22
8636,31
8637,6
8638,87
8640,120
8645,270
8647,2
8648,46
8652,2
8655,14
8658,4
8662,1
8663,25
8669,-7
8672,1
8674,0
8677,0
8678,-2
8681,3
8683,0
8684,0
8685,83
8688,-9
8689,0
8694,9
8699,8
8702,23
8704,87
8705,-11
8706,-1
8707,0
8708,24
8709,35
8713,7
8716,0
8720,0
8725,-11
8733,-4
8742,24
8743,6
8746,-6
8748,8
8751,9
8754,12
8757,3
8766,1
8769,11
8775,13
8777,6
8785,137
8786,2
8790,-10
8792,752
8794,0
8795,1
8801,0
8807,5
8819,6
8828,1
8830,-5
8834,-15
8836,8
8841,243
8847,101
8849,12
8850,55
8852,1
8858,4
8864,2
8865,-8
8870,50
8872,87
8873,0
8877,28
8884,-22
8885,0
8886,11
8889,9
8891,29
8893,24
8896,-3
8897,159
8898,8
8899,2
8900,-11
8906,20
8916,31
8918,0
8919,28
8922,-2
8926,2
8929,-8
8933,0
8935,24
8937,0
8946,75
8948,1
8954,15
8956,46
8960,29
8965,21
8969,1
8970,0
8973,0
8978,121
8982,77
8986,23
8987,208
8988,191
8990,0
8992,50
8998,18
9000,7
9009,49
9013,24
9014,96
9019,0
9022,4
9024,4
9026,8
9043,0
9046,18
9051,8
9052,1
9054,105
9055,5
9062,-6
9063,194
9065,9
9066,0
9073,88
9080,2
9082,82
9093,-5
9095,39
9100,1
9104,17
9106,0
9109,9
9110,18
9116,175
9117,0
9125,1
9126,1
9137,98
9142,21
9143,13
9148,5
9159,24
9164,29
9166,1
9171,73
9182,1
9185,8
9186,4
9187,0
9190,8
9195,7
9204,0
9207,-1
9208,3
9213,0
9217,1
9221,0
9224,23
9225,4
9231,2
9233,6
9235,1
9236,12
9241,2
9242,10
9244,-13
9250,2
9251,20
9253,18
9256,3
9259,1
9260,1
9262,0
9279,17
9280,0
9284,0
9289,-7
9297,566
9301,8
9302,0
9304,682
9305,0
9308,-10
9313,22
9319,0
9321,9
9322,1
9325,3
9332,3
9334,0
9336,52
9338,2
9342,-1
9344,15
9346,0
9348,118
9349,-5
9350,0
9352,57
9360,0
9364,0
9365,3
9367,-1
9374,0
9378,-5
9380,5
9382,23
9384,83
9387,2
9388,4
9389,0
9391,0
9394,10
9397,89
9398,37
9400,15
9404,2
9407,0
9409,2
9413,0
9424,-9
9426,1
9431,7
9432,6
9434,-13
9438,1
9442,1
9445,-10
9450,0
9454,40
9455,47
9456,0
9460,58
9464,0
9466,0
9468,17
9474,6
9475,1
9480,2
9482,0
9484,0
9489,0
9499,34
9501,0
9504,0
9508,160
9511,2
9515,-12
9518,-11
9522,231
9526,12
9536,5
9538,0
9542,0
9543,0
9544,0
9546,0
9547,0
9548,16
9550,-11
9552,6
9553,2
9554,393
9555,437
9556,55
9559,7
9563,-6
9568,3
9569,0
9570,18
9571,0
9574,0
9580,63
9590,4
9592,1
9593,2
9595,-3
9596,16
9597,1
9599,72
9600,596
9602,6
9606,3
9607,3
9614,-3
9621,1
9622,11
9637,75
9639,0
9642,0
9644,41
9647,-4
9649,1
9655,28
9656,63
9661,0
9664,3
9670,2
9673,579
9677,222
9680,1
9681,71
9683,12
9684,-9
9686,104
9688,8
9692,0
9693,11
9694,4
9701,7
9704,0
9706,138
9707,15
9709,31
9715,1
9716,16
9721,0
9724,23
9730,0
9733,-2
9740,8
9750,-7
9753,20
9757,1
9763,1
9765,2
9768,12
9769,-2
9774,3
9780,-23
9781,19
9783,0
9784,0
9787,603
9788,0
9790,19
9792,0
9793,0
9796,30
9808,1
9811,-2
9818,42
9819,5
9820,18
9821,150
9826,39
9828,0
9831,0
9833,13
9839,2
9840,4
9844,0
9846,511
9849,21
9851,31
9858,10
9861,127
9862,331
9868,12
9871,1
9877,9
9878,26
9879,0
9880,2
9881,0
9885,294
9886,-3
9889,2
9893,21
9895,-1
9896,0
9897,1
9901,19
9903,14
9908,9
9910,19
9914,0
9918,0
9919,172
9921,0
9922,35
9923,35
9925,2
9932,129
9936,1
9943,1
9945,0
9946,0
9949,56
9950,0
9953,0
9957,29
9964,2
9968,2
9969,25
9971,4
9975,1
9977,1
9981,0
9982,4
9989,-1
9992,5
9999,10
10005,-9
10008,1
10010,1
10013,83
10015,17
10033,0
10035,7
10036,36
10040,37
10042,1
10045,0
10059,92
10060,53
10069,0
10074,0
10076,-3
10080,3
10084,-5
10086,0
10097,-1
10099,0
10101,45
10102,1
10104,5
10110,0
10111,1
10114,106
10122,3
10123,6
10128,0
10135,2
10137,1
10139,7
10140,5
10144,-3
10149,4
10152,8
10153,36
10159,65
10161,0
10163,-8
10169,68
10182,0
10183,7
10189,9
10190,0
10193,8
10204,0
10208,49
10210,6
10212,5
10216,3
10218,64
10219,0
10224,3
10225,-2
10227,6
10228,1
10232,3
10239,0
10249,4
10255,0
10258,3
10259,2
10260,0
10264,1
10267,-1
10284,-2
10285,-1
10290,55
10292,6
10304,4
10305,3
10314,41
10318,23
10320,-9
10324,95
10332,14
10334,1
10345,5
10351,1
10362,25
10372,354
10376,0
10377,19
10381,22
10382,1
10386,-6
10387,0
10390,2
10394,-10
10397,7
10398,0
10399,3
10403,1
10405,0
10407,-6
10409,42
10411,11
10421,61
10428,110
10430,1
10431,2
10434,4
10435,2
10436,4
10440,2
10447,95
10448,113
10449,0
10451,4
10462,1
10475,1
10479,0
10481,28
10483,30
10497,2
10500,6
10503,45
10504,4
10505,14
10506,0
10510,4
10512,0
10520,2
10522,1
10524,9
10525,3
10528,288
10531,0
10532,5
10535,2
10537,10
10545,0
10552,-10
10554,0
10561,-6
10562,2
10565,0
10566,0
10568,19
10572,-1
10575,-3
10576,0
10578,1
10579,1
10581,0
10582,-4
10584,-3
10585,-1
10589,-2
10592,0
10595,1
10596,0
10597,6
10599,0
10608,-1
10609,0
10615,-6
10616,0
10617,-3
10622,2
10626,1
10627,0
10628,1
10632,2
10636,1
10637,0
10638,0
10640,3
10643,0
10648,0
10649,25
10653,3
10657,0
10659,0
10660,1
10664,1
10665,0
10669,0
10674,4
10677,4
10678,1
10680,2
10684,0
10685,34
10686,-2
10687,-4
10688,0
10689,-3
10690,1
10693,2
10694,-2
10698,1
10699,3
10700,0
10702,-1
10703,5
10704,-2
10711,0
10712,493
10713,0
10716,0
10718,10
10721,0
10723,-1
10724,1
10726,0
10728,0
10729,0
10732,0
10735,-1
10736,0
10743,0
10744,6
10749,0
10750,2
10751,-1
10756,27
10763,1
10765,0
10770,1
10773,0
10775,16
10778,1
10779,2
10785,0
10790,2
10792,5
10793,0
10801,9
10803,-1
10804,3
10805,51
10806,0
10811,17
10815,0
10821,1
10827,12
10837,53
10840,1
10845,10
10853,9
10856,31
10862,28
10864,12
10865,110
10868,85
10871,0
10872,0
10874,7
10875,2
10883,0
10893,9
10895,2
10896,2
10904,-2
10910,54
10917,300
10918,208
10921,1
10923,-2
10932,1
10936,41
10940,6
10942,2
10943,4
10945,3
10952,2
10958,6
10961,3
10966,2
10967,15
10981,1
10988,0
10990,13
10992,9
11077,3
11078,8
11079,3
11080,228
11082,110
11084,1
11085,0
11086,1
11087,4
11095,3
11096,68
11097,2
11098,5
11099,28
11100,104
11101,2
11104,0
11108,0
11113,6
11114,5
11115,78
11117,0
11130,477
11132,0
11134,1
11143,31
11152,9
11154,27
11155,1
11157,14
11159,2
11160,532
11166,7
11170,17
11177,25
11178,4
11179,0
11182,14
11185,0
11192,0
11193,4
11196,6
11197,0
11198,17
11199,0
11200,0
11201,152
11202,290
11203,-2
11204,0
11208,1
11210,1
11211,14
11212,1
11213,9
11216,29
11217,18
11218,-5
11221,47
11227,3
11232,2
11233,8
11237,44
11238,0
11239,19
11241,-1
11242,46
11245,2
11247,0
11248,372
11251,0
11252,0
11254,1
11257,-15
11271,-1
11273,0
11275,4
11276,0
11281,0
11284,0
11286,0
11292,1
11293,0
11296,0
11297,3
11300,0
11309,14
11319,30
11321,-1
11330,4
11335,12
11336,8
11340,24
11341,0
11342,20
11344,66
11345,36
11347,1
11350,0
11357,4
11358,23
11360,26
11362,34
11364,11
11367,19
11368,123
11369,5
11370,1
11371,6
11376,6
11377,1
11378,2
11379,1
11380,193
11381,-19
11385,22
11389,0
11390,0
11393,0
11395,0
11396,1
11420,133
11424,-2
11426,17
11428,7
11430,1
11439,-3
11440,-1
11442,1
11443,1
11446,-5
11447,4
11448,0
11449,0
11454,1
11456,86
11461,-1
11467,15
11471,5
11475,14
11480,-4
11482,18
11486,0
11487,7
11488,9
11489,85
11491,9
11492,1
11497,36
11498,132
11499,10
11502,0
11504,7
11505,11
11506,11
11507,2
11509,2
11512,106
11514,2
11515,0
11518,28
11519,-6
11526,2
11527,71
11529,5
11530,33
11531,29
11534,28
11535,1
11536,-3
11540,4
11543,1
11545,2
11550,5
11554,2
11555,227
11556,-10
11557,14
11565,0
11567,0
11568,0
11571,2
11572,2
11574,5
11575,-5
11576,4
11579,20
11589,117
11590,0
11592,55
11601,924
11610,0
11612,3
11613,9
11616,1
11618,-16
11625,0
11631,0
11635,1
11658,16
11662,-1
11673,1
11684,0
11685,-1
11686,8
11687,0
11689,0
11692,16
11710,59
11713,0
11715,55
11718,128
11722,16
11725,464
11726,0
11728,-2
11730,89
11735,87
11739,7
11748,1
11753,1
11755,12
11758,47
11759,36
11767,50
11774,-5
11776,5
11777,7
11784,6
11785,0
11787,44
11789,4
11791,0
11792,33
11795,1
11796,15
11797,11
11799,0
11800,0
11804,294
11820,158
11821,5
11822,-5
11823,53
11825,9
11834,0
11835,0
11838,1
11839,44
11846,154
11853,-3
11857,7
11858,1
11860,11
11868,4
11869,0
11876,11
11881,10
11884,2
11898,0
11904,0
11917,12
11920,42
11921,0
11928,130
11933,40
11934,4
11935,0
11936,0
11937,0
11938,4
11939,2
11943,2
11945,0
11946,215
11948,17
11949,1
11950,17
11951,1
11953,0
11954,4
11956,6
11962,49
11963,-3
11967,1
11974,3
11976,3
11977,0
11979,-3
11980,0
11981,7
11982,86
11984,0
11986,6
11988,0
11998,12
12000,0
12002,-2
12004,0
12011,7
12016,9
12017,1
12021,15
12025,3
12026,13
12029,1
12033,1
12035,3
12037,34
12041,139
12050,0
12052,4
12053,9
12056,-1
12062,4
12063,3
12066,0
12067,153
12068,-1
12070,3
12071,85
12078,0
12080,397
12082,2
12085,-8
12086,71
12094,5
12097,1
12098,-11
12104,2
12105,0
12111,11
12113,0
12114,0
12115,-3
12116,7
12117,22
12118,2
12122,-3
12126,0
12128,2
12130,1
12132,2
12134,0
12135,1
12137,-1
12143,16
12144,2
12146,1
12147,50
12149,3
12157,1
12158,2
12160,2
12161,17
12163,39
12171,1
12183,2
12184,9
12186,1
12188,0
12189,404
12191,5
12192,23
12195,0
12197,0
12205,-7
12206,-4
12208,0
12211,146
12212,0
12213,0
12215,5
12216,218
12217,2
12222,133
12223,1
12225,15
12226,0
12229,-4
12230,3
12231,0
12238,2
12242,10
12243,8
12244,19
12254,0
12256,-6
12258,0
12259,0
12260,98
12263,4
12266,1
12267,187
12268,3
12269,1
12274,53
12276,46
12277,0
12280,19
12281,5
12282,-3
12283,3
12286,1
12288,2
12290,0
12291,36
12295,-1
12296,0
12297,281
12299,5
12305,17
12306,-2
12310,13
12311,71
12312,0
12313,13
12314,4
12318,0
12319,5
12320,-4
12324,181
12329,0
12332,233
12334,15
12340,0
12342,2
12343,57
12348,4
12349,-1
12350,0
12356,55
12362,0
12381,10
12385,0
12386,1
12387,-7
12392,2
12398,0
12399,2
12401,0
12405,34
12408,-2
12410,0
12411,-1
12413,84
12418,0
12421,9
12428,2
12431,0
12434,-2
12435,-7
12438,131
12445,240
12446,-12
12449,9
12450,29
12465,0
12466,0
12475,8
12478,8
12480,0
12485,9
12488,2
12489,0
12490,0
12491,3
12493,69
12494,26
12495,0
12504,3
12505,3
12507,6
12508,-3
12509,27
12510,-2
12514,41
12515,1
12518,1
12523,4
12528,10
12529,2
12531,29
12532,18
12533,140
12534,55
12535,25
12536,1
12537,23
12539,0
12542,2
12543,39
12546,1
12550,3
12552,7
12559,6
12560,-2
12562,0
12564,10
12570,31
12571,-2
12573,278
12574,0
12576,26
12579,7
12581,1
12584,0
12586,9
12588,0
12592,32
12595,9
12597,3
12598,2
12599,2
12600,1
12601,1
12602,0
12603,0
12604,0
12605,-1
12606,0
12607,-1
12608,0
12614,0
12615,2
12617,3
12618,20
12620,-1
12621,0
12622,0
12623,8
12624,-2
12625,2
12626,0
12627,-1
12630,0
12631,1
12632,0
12635,0
12636,0
12637,0
12638,0
12642,5
12646,6
12652,9
12653,275
12654,76
12658,43
12661,74
12662,-1
12669,0
12674,-1
12679,2
12680,11
12690,-1
12693,0
12696,17
12697,27
12698,27
12700,282
12701,10
12706,7
12707,0
12709,29
12711,0
12713,-2
12714,0
12716,1
12718,3
12722,122
12723,-2
12727,1
12728,0
12729,19
12734,0
12738,50
12739,0
12747,0
12748,4
12750,0
12751,0
12753,5
12755,7
12761,0
12764,1
12768,-8
12769,14
12771,11
12773,56
12774,66
12775,38
12778,0
12779,1
12780,-2
12781,38
12782,29
12783,2
12787,0
12788,49
12792,1
12796,0
12797,3
12803,0
12807,16
12808,0
12811,7
12813,28
12815,0
12818,7
12819,31
12824,6
12826,1
12829,52
12831,3
12843,114
12844,39
12846,36
12847,0
12850,-3
12851,-1
12852,0
12854,2
12855,4
12857,8
12858,0
12861,-5
12863,2
12864,9
12868,-5
12870,175
12871,0
12872,103
12873,-1
12875,69
12876,1
12877,57
12880,1
12883,0
12884,17
12885,0
12886,0
12887,10
12895,16
12896,2
12903,1
12904,1074
12909,5
12910,-5
12918,1
12919,-3
12920,5
12923,4
12926,10
12933,20
12935,12
12940,4
12945,11
12950,2
12951,0
12953,0
12955,0
12962,0
12963,0
12964,12
12967,1
12968,17
12969,1
12971,4
12973,5
12974,10
12975,708
12977,4
12979,2
12983,8
12986,0
12987,5
12990,9
12991,5
12993,0
12994,23
12995,20
12996,0
13002,-12
13006,1
13007,35
13008,1
13009,369
13016,11
13017,8
13019,7
13021,-3
13036,-2
13038,198
13041,89
13054,6
13056,2
13059,139
13063,327
13065,34
13066,0
13067,90
13068,162
13069,14
13074,1
13075,6
13076,1
13077,0
13078,3
13079,3
13081,9
13082,3
13084,4
13086,3
13087,0
13088,6
13090,34
13091,5
13093,28
13094,20
13095,-1
13097,15
13098,23
13099,-3
13103,3
13109,2
13110,0
13111,-5
13113,0
13114,0
13117,4
13118,53
13128,0
13133,0
13135,6
13138,19
13140,4
13142,2
13144,7
13148,0
13149,68
13151,76
13153,1
13162,1
13166,5
13169,0
13174,4
13177,0
13178,4
13179,-1
13180,1
13181,29
13183,0
13185,0
13187,1
13192,38
13195,0
13197,2
13199,7
13202,-1
13208,0
13215,0
13217,59
13220,3
13224,9
13226,-1
13233,20
13240,10
13241,8
13248,7
13256,1
13258,36
13262,2
13266,8
13275,2
13278,98
13279,2
13282,-2
13289,8
13290,58
13291,25
13295,68
13298,0
13299,-4
13300,3
13302,0
13304,0
13305,3
13309,0
13310,1
13311,43
13315,296
13316,0
13318,505
13320,2
13325,0
13328,193
13329,46
13330,1
13333,4
13336,19
13342,1
13345,0
13349,9
13353,1
13360,22
13363,6
13373,-1
13377,7
13380,4
13386,0
13397,7
13400,25
13403,365
13413,0
13414,2
13423,0
13424,110
13426,26
13428,0
13431,0
13432,4
13435,0
13438,1
13442,12
13443,2
13444,1
13446,-2
13447,26
13449,11
13454,2
13456,15
13457,10
13461,0
13476,53
13477,2
13485,3
13492,0
13494,0
13497,-2
13499,11
13503,21
13506,3
13509,38
13512,0
13516,47
13519,3
13522,-2
13523,2
13524,108
13526,0
13535,0
13536,1
13537,2
13538,1
13539,0
13540,1
13541,0
13547,13
13549,27
13551,6
13552,89
13556,2
13557,0
13564,6
13569,4
13572,1
13575,0
13577,2
13580,0
13582,0
13584,0
13585,139
13587,24
13592,0
13594,1
13602,87
13605,1
13608,47
13610,-1
13612,36
13614,16
13615,3
13616,1
13617,-4
13619,19
13630,93
13631,11
13632,16
13634,14
13640,0
13641,8
13648,6
13651,1
13652,4
13653,2
13655,0
13660,0
13671,1
13674,3
13675,0
13676,4
13687,1
13691,11
13693,2
13695,0
13696,291
13697,0
13700,-5
13703,0
13704,13
13706,1
13710,1028
13713,0
13714,0
13715,30
13717,32
13718,12
13721,-11
13722,0
13726,0
13727,3
13728,70
13737,1
13738,-1
13739,1
13740,41
13741,10
13742,-1
13744,2
13745,9
13746,239
13748,2
13751,49
13756,1
13757,9
13760,2
13762,6
13763,4
13770,1
13771,1
13781,0
13782,78
13783,3
13784,1
13785,427
13786,228
13788,2
13789,4
13797,4
13798,2
13800,0
13801,11
13802,439
13805,192
13806,0
13807,0
13808,0
13809,6
13810,1
13812,9
13817,0
13818,5
13820,0
13829,57
13837,1
13842,12
13844,0
13845,5
13848,10
13849,2
13850,42
13851,1
13852,1
13853,74
13854,7
13855,8
13857,2
13860,4
13863,3
13864,0
13866,22
13867,58
13869,8
13870,-1
13871,55
13873,53
13879,4
13881,8
13885,-6
13891,20
13897,186
13898,0
13901,1
13904,3
13905,0
13906,9
13909,21
13911,0
13912,0
13913,7
13919,3
13922,1
13929,0
13931,19
13936,1
13937,15
13939,1
13945,0
13946,12
13949,0
13955,3
13956,2
13958,37
13959,44
13960,135
13961,0
13963,7
13964,-2
13969,10
13975,39
13979,898
13981,29
13982,14
13983,4
13987,1
13988,58
13989,0
13998,9
14000,6
14002,10
14005,5
14008,12
14012,5
14018,44
14022,9
14023,-3
14025,53
14026,30
14029,0
14031,12
14035,215
14036,2
14040,66
14043,16
14049,-3
14054,8
14055,4
14056,0
14059,276
14060,7
14061,-2
14064,0
14066,2
14067,0
14072,0
14073,0
14074,0
14076,-1
14081,436
14082,7
14092,2
14093,2
14096,0
14102,0
14105,0
14108,32
14111,51
14118,4
14119,4
14122,8
14125,3
14128,19
14131,1
14133,270
14134,24
14137,48
14138,0
14139,11
14141,-1
14147,-3
14157,91
14160,-3
14164,0
14168,7
14170,0
14174,16
14175,-2
14176,231
14180,0
14185,6
14188,2
14190,0
14195,0
14201,2
14203,3
14206,9
14216,7
14220,11
14225,7
14227,0
14229,33
14230,35
14231,1
14233,1
14241,42
14242,1
14243,2
14244,11
14245,770
14247,1
14250,5
14253,7
14254,2
14259,0
14263,14
14264,18
14270,59
14271,3
14275,1
14276,17
14278,0
14284,0
14285,-5
14287,5
14289,0
14291,47
14292,1
14294,-4
14295,2
14296,2
14298,75
14299,17
14300,1
14303,-3
14305,1
14307,0
14309,0
14310,2
14311,1
14312,0
14314,176
14318,192
14321,74
14323,-3
14324,7
14330,95
14331,2
14332,7
14334,-1
14335,1
14338,0
14339,4
14342,0
14347,-1
14350,14
14351,2
14356,2
14357,26
14358,5
14359,0
14366,1
14367,48
14368,3
14370,4
14371,22
14378,-2
14383,56
14384,-8
14385,38
14390,1
14394,421
14395,11
14396,0
14401,22
14403,0
14406,6
14407,-4
14409,14
14410,10
14412,54
14417,1
14418,7
14421,0
14423,0
14424,57
14427,13
14430,1
14439,8
14441,0
14442,57
14444,27
14453,18
14454,2
14455,16
14457,0
14458,2
14460,240
14463,73
14464,2
14467,2
14474,16
14476,3
14477,-16
14479,39
14480,51
14482,413
14485,6
14486,7
14488,26
14490,0
14492,1
14494,1
14497,-2
14500,17
14501,1
14504,-2
14505,0
14506,4
14509,-3
14510,34
14513,231
14515,4
14516,14
14520,11
14522,11
14524,0
14525,62
14528,4
14529,1
14532,7
14533,0
14534,2
14537,8
14539,5
14541,0
14542,160
14546,38
14547,4
14549,0
14554,0
14556,13
14560,12
14564,62
14567,0
14572,18
14575,352
14590,3
14593,0
14595,0
14597,6
14598,16
14599,0
14600,4
14605,2
14610,12
14616,3
14617,5
14620,5
14624,3
14630,0
14631,2
14633,10
14635,1
14642,0
14643,52
14645,1
14646,17
14648,2
14649,0
14650,727
14653,4
14659,0
14664,-4
14675,-4
14680,1
14683,0
14684,58
14685,2
14688,0
14689,9
14691,2
14692,140
14693,8
14696,52
14697,1
14699,35
14702,-1
14705,5
14706,0
14707,166
14713,4
14715,9
14719,2
14720,1
14721,0
14722,131
14725,0
14732,10
14734,114
14735,0
14737,0
14738,5
14739,6
14740,2
14742,2
14743,0
14744,9
14745,0
14749,-1
14752,1
14757,22
14762,5
14765,5
14769,2
14770,21
14772,-1
14782,8
14783,1
14784,293
14787,19
14793,0
14795,0
14797,-2
14800,2
14802,0
14803,0
14806,16
14807,33
14809,38
14812,23
14815,2
14829,11
14831,1
14832,82
14833,1
14836,0
14838,45
14840,0
14841,6
14844,-7
14846,39
14850,1
14851,0
14852,9
14855,3
14856,13
14860,0
14861,6
14865,2
14867,0
14868,0
14872,1
14874,2
14876,1
14879,0
14880,12
14885,6
14889,0
14891,3
14895,0
14897,0
14900,2
14902,0
14904,4
14905,73
14914,29
14917,0
14920,18
14922,8
14925,2
14927,0
14933,52
14934,187
14935,0
14939,47
14941,-2
14942,2
14943,2
14946,0
14953,7
14954,84
14960,0
14961,5
14962,0
14970,-2
14972,-4
14973,1
14974,1
14975,3
14977,82
14979,-3
14980,831
14981,1
14992,3
14996,15
14997,9
14998,0
15002,0
15009,0
15011,18
15012,29
15015,0
15016,2
15020,0
15023,1
15031,0
15033,6
15043,32
15044,2
15045,12
15046,2
15050,-8
15051,48
15053,0
15054,0
15055,215
15058,4
15059,50
15061,0
15063,15
15066,10
15069,1
15074,7
15080,18
15084,0
15089,0
15090,99
15091,41
15093,0
15094,0
15096,-2
15099,54
15101,0
15106,6
15110,7
15112,3
15118,79
15119,4
15120,5
15121,4
15122,9
15123,0
15124,4
15125,0
15128,1
15131,32
15137,0
15140,35
15141,0
15147,0
15155,60
15156,-2
15168,5
15175,-10
15176,64
15177,18
15179,32
15180,1
15183,-7
15189,0
15190,0
15191,1
15196,0
15197,1
15199,3
15208,0
15210,1
15212,-5
15213,1
15214,14
15220,0
15223,0
15228,16
15229,-3
15231,35
15232,1
15234,17
15235,16
15243,56
15245,12
15246,48
15248,8
15255,0
15257,4
15259,3
15267,2
15270,2
15271,47
15274,481
15276,8
15278,18
15279,-2
15281,-1
15283,3
15286,0
15289,1
15291,-5
15297,0
15299,9
15300,78
15304,2
15307,0
15308,0
15313,1
15314,0
15317,2
15320,6
15321,1
15328,16
15336,4
15337,19
15339,0
15340,1
15349,10
15353,58
15354,0
15355,0
15361,3
15368,0
15370,27
15371,8
15380,156
15383,8
15384,2
15390,1
15393,0
15394,0
15396,30
15399,0
15401,39
15405,1
15411,3
15412,28
15415,14
15416,8
15422,8
15424,0
15429,17
15433,2
15435,6
15436,1
15438,7
15441,14
15445,0
15461,10
15462,14
15465,1
15472,29
15475,2
15476,0
15479,9
15483,60
15486,5
15500,18
15502,1
15505,1
15508,2
15511,55
15521,0
15530,4
15531,3
15537,7
15539,8
15541,0
15545,2
15554,52
15555,22
15567,4
15570,0
15573,5
15575,0
15576,4
15577,7
15581,1
15583,90
15585,-1
15586,2
15590,2
15591,0
15599,0
15600,1
15601,5
15603,343
15608,9
15611,6
15614,7
15617,33
15621,0
15623,40
15625,20
15631,0
15639,6
15641,16
15642,1
15644,3
15653,35
15665,1
15671,76
15673,3
15675,0
15676,3
15677,1
15678,20
15680,2
15683,1
15685,-3
15693,2
15696,3
15709,28
15710,0
15719,0
15720,0
15721,0
15722,32
15724,89
15728,4
15729,13
15730,-1
15731,4
15737,0
15738,-2
15743,92
15744,0
15745,70
15746,3
15747,0
15748,1
15749,29
15750,0
15752,0
15755,-2
15757,1
15761,6
15765,1
15768,29
15770,3
15772,2
15776,3
15778,8
15779,0
15780,16
15782,681
15784,162
15785,33
15789,0
15791,4
15793,3
15798,-4
15801,0
15802,33
15804,12
15807,1
15808,1
15812,1
15813,-3
15814,17
15818,1
15819,2
15821,1
15822,0
15823,5
15827,31
15829,3
15831,0
15833,0
15835,4
15836,0
15838,1
15847,0
15858,2
15870,5
15889,21
15891,1
15901,4
15905,28
15910,1
15922,6
15930,2
15932,10
15935,0
15936,-8
15940,-1
15944,-6
15947,3
15954,9
15956,93
15959,0
15966,40
15967,0
15970,2
15972,0
15973,402
15975,0
15976,-1
15977,9
15978,0
15979,28
15981,-1
15983,4
15984,9
15991,0
15992,0
15993,2
15996,17
15998,18
16011,2
16013,2
16014,0
16015,1
16019,4
16020,65
16021,0
16022,0
16023,6
16025,0
16026,12
16028,13
16031,4
16035,0
16036,85
16041,1
16042,3
16045,2
16048,0
16049,0
16052,0
16054,32
16059,0
16060,0
16062,0
16064,0
16065,0
16066,11
16068,0
16069,0
16071,0
16076,0
16081,8
16084,1
16100,41
16101,10
16102,0
16109,1
16111,63
16114,4
16117,17
16121,3
16122,0
16126,3
16128,1
16129,0
16131,12
16137,8
16141,23
16142,0
16143,2
16144,0
16147,98
16152,2
16154,20
16157,-1
16164,0
16165,9
16168,2
16171,5
16172,0
16174,1
16176,0
16179,16
16180,75
16182,2
16186,1
16187,3
16189,27
16199,775
16208,48
16210,0
16211,699
16214,1
16216,5
16218,9
16219,1
16220,1
16222,3
16224,-1
16231,2
16235,2
16241,5
16242,1
16243,1
16250,3
16253,7
16254,234
16255,0
16265,0
16269,12
16273,4
16279,0
16288,-2
16290,6
16291,1
16303,10
16304,9
16306,103
16310,1
16311,7
16323,4
16324,12
16326,-5
16330,51
16331,2
16333,0
16335,1
16338,49
16340,-15
16343,1
16349,15
16351,32
16352,0
16353,74
16354,25
16360,109
16365,0
16367,4
16373,6
16374,65
16376,300
16380,4
16381,3
16382,0
16383,27
16388,1
16390,0
16396,3
16397,245
16399,14
16401,-5
16405,0
16407,-3
16408,1
16410,12
16413,7
16414,2
16431,57
16435,0
16437,6
16440,2
16442,0
16450,1
16454,6
16459,3
16462,125
16464,8
16468,11
16471,1
16473,-3
16477,1
16478,3
16487,0
16495,4
16497,17
16500,-2
16504,17
16505,0
16508,2
16511,33
16512,35
16516,1
16517,4
16519,11
16527,36
16528,2
16539,-6
16541,5
16542,10
16545,14
16547,4
16550,77
16558,0
16559,-1
16563,2
16568,0
16572,24
16575,7
16577,2
16579,3
16580,7
16582,4
16583,41
16587,0
16589,5
16590,113
16598,12
16600,-6
16603,1
16605,0
16606,328
16609,0
16617,4
16627,-14
16628,3
16630,1
16632,25
16639,2
16641,2
16642,12
16643,257
16645,0
16647,34
16653,1
16654,5
16655,0
16656,0
16658,0
16659,25
16666,0
16667,-1
16668,-4
16672,55
16674,-1
16676,0
16679,1
16680,-1
16681,96
16685,5
16688,0
16689,3
16693,0
16694,2
16695,2
16696,37
16698,0
16700,1
16703,0
16706,11
16707,24
16713,1
16716,22
16717,0
16720,-2
16722,-23
16723,4
16727,4
16736,17
16749,1
16753,1
16754,0
16757,0
16759,6
16765,0
16769,25
16776,0
16777,7
16778,-7
16780,24
16785,6
16789,-1
16790,49
16792,-2
16797,2
16798,2
16799,1
16800,17
16801,3
16802,7
16804,-6
16805,12
16806,2
16811,-2
16813,7
16815,1
16817,-2
16818,-3
16820,-1
16821,12
16823,57
16826,10
16827,1
16828,19
16832,1
16835,0
16838,1
16843,44
16847,2
16849,20
16852,77
16854,1
16856,5
16858,14
16866,85
16869,2
16871,6
16872,533
16873,15
16875,27
16879,1
16880,0
16883,1
16884,3
16887,1
16888,9
16891,55
16898,-2
16899,15
16906,3
16909,130
16915,17
16919,38
16922,156
16925,1
16929,17
16930,0
16933,1
16934,3
16937,1
16939,21
16950,131
16952,1
16955,75
16958,31
16960,0
16962,1
16964,14
16966,19
16970,127
16971,12
16974,111
16976,9
16977,6
16980,-5
16982,0
16983,22
16985,1
16987,8
16991,56
16994,0
16995,-12
16996,-12
16997,1
16998,0
17000,0
17001,60
17004,13
17009,6
17010,547
17013,-3
17014,12
17016,72
17018,0
17022,-2
17023,-2
17027,2
17029,0
17030,24
17031,1
17033,10
17035,0
17041,0
17043,1
17044,-24
17048,0
17049,11
17051,0
17055,162
17057,10
17059,68
17060,176
17061,353
17063,238
17064,247
17066,0
17067,3
17071,1
17072,30
17073,46
17074,2
17075,9
17077,0
17078,39
17079,14
17081,27
17085,12
17086,1064
17089,251
17090,9
17093,12
17096,2
17097,0
17098,102
17099,-5
17101,-1
17102,15
17103,2
17106,53
17107,-2
17110,5
17112,-3
17118,2
17121,0
17123,0
17125,11
17127,25
17128,3
17138,19
17139,1
17143,264
17145,61
17149,7
17152,14
17153,71
17157,15
17159,7
17160,1
17162,1
17164,-3
17169,1
17174,1
17175,38
17178,1
17180,17
17182,0
17187,2
17188,1
17189,0
17191,0
17200,6
17201,-5
17203,1
17206,16
17208,18
17211,4
17214,3
17217,3
17218,1
17219,32
17220,0
17222,0
17225,1
17227,6
17228,3
17229,44
17231,53
17232,76
17241,84
17243,3
17245,63
17250,12
17251,1
17254,19
17255,3
17258,10
17260,-2
17268,6
17271,3
17273,13
17274,-2
17280,8
17288,-1
17289,10
17292,6
17293,0
17294,0
17298,28
17299,0
17303,0
17305,14
17309,15
17311,40
17312,34
17313,23
17314,0
17315,0
17316,0
17318,-3
17321,2
17322,19
17325,1
17326,0
17327,2
17331,5
17332,-13
17333,3
17338,10
17339,28
17340,3
17342,0
17343,0
17345,0
17347,-5
17348,9
17349,0
17350,39
17351,-2
17354,1
17356,19
17357,7
17358,-10
17360,1
17362,-11
17365,0
17367,0
17370,0
17372,2
17374,1
17375,2
17377,2
17381,1
17383,1
17384,0
17389,5
17393,0
17397,22
17402,3
17403,0
17407,4
17416,2
17423,76
17424,1
17425,4
17429,4
17430,58
17436,197
17443,1
17447,0
17449,3
17461,28
17464,1
17467,0
17469,1
17470,3
17472,5
17479,2
17483,20
17485,1
17486,44
17491,0
17492,99
17496,2
17502,0
17504,-1
17509,2
17513,336
17518,0
17519,3
17520,1
17525,-4
17528,18
17532,129
17534,5
17542,0
17543,0
17552,6
17553,14
17555,58
17556,43
17560,4
17561,46
17563,14
17566,22
17574,0
17576,9
17577,3
17579,1
17581,-5
17582,1
17583,-8
17586,1
17587,0
17589,1
17590,2
17593,70
17596,6
17601,0
17605,71
17606,1
17607,0
17613,0
17614,3
17616,2
17618,1
17624,1
17628,8
17629,2
17633,18
17634,9
17635,92
17640,3
17642,8
17645,-1
17653,-20
17658,13
17659,29
17661,5
17665,0
17667,5
17668,14
17669,0
17670,1
17673,4
17675,0
17676,0
17683,4
17684,-11
17689,2
17690,52
17691,130
17693,9
17695,1
17700,8
17702,0
17705,53
17707,4
17708,54
17709,0
17712,6
17718,2
17719,0
17720,0
17722,43
17723,0
17726,-1
17728,2
17730,0
17731,0
17733,7
17735,7
17739,-5
17742,1
17743,0
17745,1
17751,1
17752,29
17753,9
17754,9
17756,1
17757,33
17764,14
17767,74
17768,1
17771,4
17772,10
17775,1
17779,2
17782,0
17784,115
17786,1
17791,0
17792,-2
17793,173
17796,35
17797,0
17800,30
17802,-12
17805,1
17808,1
17811,0
17813,2
17814,27
17815,0
17819,45
17829,3
17830,12
17834,1
17835,7
17839,0
17843,4
17845,44
17847,2
17858,0
17862,3
17863,0
17864,25
17867,4
17869,0
17874,10
17876,8
17880,6
17881,0
17883,7
17884,274
17886,2
17888,18
17889,0
17890,1
17894,167
17896,20
17898,16
17900,1
17908,4
17909,68
17918,9
17921,17
17923,43
17924,6
17926,55
17927,1
17933,22
17937,7
17938,4
17940,8
17944,18
17946,59
17950,3
17951,-5
17960,-9
17963,2
17968,117
17969,76
17971,0
17975,-5
17978,13
17979,6
17980,4
17987,5
17988,0
17991,2
17992,88
17993,88
17996,0
17998,10
18003,1
18004,114
18009,0
18011,24
18017,1
18018,0
18020,2
18022,1
18023,4
18024,2
18025,31
18027,47
18028,1
18031,0
18034,0
18035,139
18039,8
18041,31
18049,10
18052,0
18053,12
18058,12
18059,0
18061,52
18063,0
18068,6
18070,1
18071,0
18081,0
18088,24
18096,3
18097,94
18103,1
18108,0
18109,0
18117,0
18121,16
18122,5
18124,2
18125,0
18130,-2
18134,3
18136,10
18142,87
18143,38
18149,2
18150,0
18155,188
18157,7
18159,1
18160,152
18162,5
18165,8
18166,13
18168,14
18169,15
18171,4
18172,1
18175,5
18179,1
18189,17
18191,2
18195,0
18196,6
18198,-1
18200,0
18204,14
18213,-2
18214,62
18216,-5
18217,3
18218,2
18219,0
18220,17
18222,0
18227,64
18228,0
18232,-4
18242,30
18243,20
18245,1
18247,13
18248,9
18252,32
18253,0
18258,8
18262,12
18264,-4
18268,25
18269,1
18271,2
18272,16
18274,15
18275,2
18277,84
18280,26
18282,4
18287,37
18288,122
18291,2
18295,7
18299,149
18302,35
18306,11
18307,12
18309,1
18310,36
18311,-4
18313,17
18314,12
18316,18
18317,41
18322,8
18323,2
18326,35
18328,0
18331,0
18334,0
18335,23
18339,0
18342,-1
18343,0
18346,4
18355,-4
18360,8
18361,1
18364,1
18365,12
18367,17
18368,5
18371,0
18377,12
18379,0
18383,4
18386,15
18390,5
18391,0
18393,52
18395,2
18396,-6
18401,0
18405,1
18411,0
18412,-1
18416,1
18419,1
18437,2
18440,5
18441,0
18442,0
18444,2
18445,10
18447,8
18456,0
18457,10
18460,0
18463,0
18464,0
18467,134
18468,-1
18472,73
18473,15
18478,3
18481,0
18482,17
18483,21
18485,12
18486,-3
18487,9
18488,0
18489,3
18491,10
18496,1
18498,2
18501,4
18503,4
18504,-4
18509,6
18516,7
18523,2
18525,9
18527,4
18529,10
18543,15
18544,8
18546,20
18552,0
18556,0
18557,26
18558,6
18561,28
18563,10
18569,7
18570,5
18572,12
18576,2
18579,-3
18582,-1
18589,0
18590,0
18591,2
18592,6
18594,32
18595,12
18596,2
18598,16
18600,1
18603,4
18604,1
18605,0
18608,2
18611,2
18612,6
18613,-12
18614,2
18616,0
18618,31
18623,0
18624,26
18625,41
18626,13
18627,8
18629,2
18631,0
18638,0
18639,11
18642,1
18645,1
18649,15
18650,8
18653,0
18658,1
18660,65
18664,1
18665,4
18668,1
18670,25
18676,0
18680,2
18682,6
18683,11
18684,-5
18689,1
18691,91
18699,2
18702,1
18706,9
18707,9
18710,0
18712,86
18713,6
18719,3
18729,-13
18732,12
18736,0
18739,2
18741,23
18743,0
18746,3
18752,0
18756,2
18760,1
18761,0
18768,2
18769,0
18770,8
18775,0
18779,50
18782,1
18783,-1
18786,0
18793,1
18794,-15
18800,35
18802,99
18806,0
18810,-1
18817,11
18818,19
18819,24
18820,2
18821,4
18822,1
18823,4
18831,4
18833,6
18834,3
18839,0
18840,8
18841,22
18842,4
18843,0
18854,8
18856,2
18857,0
18860,-5
18864,55
18867,17
18868,2
18869,8
18870,0
18872,0
18873,2
18874,69
18875,3
18877,-9
18878,6
18881,15
18884,-1
18886,9
18887,133
18890,1
18892,11
18895,4
18897,2
18898,10
18899,3
18904,0
18907,-9
18911,103
18912,0
18918,38
18919,14
18920,-1
18921,2
18929,23
18930,-10
18931,3
18934,6
18937,3
18939,64
18940,3
18942,123
18944,0
18946,14
18947,-10
18948,9
18950,2
18952,13
18955,4
18957,22
18958,0
18959,2
18962,1
18965,1
18967,0
18970,6
18971,0
18972,1
18974,59
18977,0
18980,43
18981,34
18984,88
18987,8
18991,6
18995,0
18997,23
18999,-1
19000,6
19002,2
19007,3
19009,4
19011,5
19013,8
19017,1
19023,13
19025,6
19029,42
19032,32
19062,21
19066,0
19068,0
19069,42
19071,8
19072,27
19073,1
19074,50
19075,1
19082,-1
19086,0
19087,1
19089,0
19091,0
19092,10
19093,3
19095,1
19098,2
19108,0
19109,-8
19113,5
19120,0
19121,0
19127,0
19128,1
19131,0
19136,0
19139,3
19145,4
19150,6
19153,6
19156,0
19158,22
19161,1
19163,0
19164,-3
19168,27
19170,3
19172,0
19175,10
19179,1
19183,15
19186,2
19187,12
19190,0
19193,99
19197,0
19204,2
19209,3
19215,0
19216,3
19217,2
19220,-3
19221,0
19231,3
19234,13
19239,0
19243,0
19244,0
19250,0
19255,3
19257,-3
19258,2
19260,9
19265,2
19268,79
19270,4
19272,0
19275,1
19276,0
19278,0
19281,4
19288,0
19291,0
19294,37
19306,1
19308,8
19309,1
19311,-6
19319,186
19322,0
19326,2
19333,49
19340,0
19349,-5
19354,0
19355,0
19357,10
19360,1
19361,8
19362,8
19363,15
19364,45
19365,0
19369,2
19370,0
19372,-2
19374,221
19384,6
19387,14
19389,-2
19396,1
19398,0
19401,6
19403,13
19406,67
19411,1
19413,5
19415,4
19417,2
19418,1
19426,-1
19430,22
19433,25
19437,-2
19439,-3
19441,8
19442,1
19444,4
19445,20
19449,0
19454,1
19457,2
19463,1
19464,10
19469,181
19471,1
19479,7
19480,-12
19481,1
19484,13
19488,14
19498,0
19500,7
19502,-11
19507,10
19508,52
19513,1
19515,7
19524,0
19526,4
19530,1
19537,0
19544,263
19551,2
19553,0
19561,4
19570,0
19575,0
19581,7
19582,7
19586,1
19587,35
19595,0
19601,3
19612,2
19613,7
19615,17
19616,14
19617,1
19620,7
19622,5
19626,12
19627,55
19629,8
19631,-7
19632,1
19634,3
19643,1
19646,0
19651,20
19653,0
19658,12
19661,36
19666,-1
19670,0
19671,8
19674,0
19679,2
19683,0
19684,67
19687,33
19688,58
19691,46
19693,110
19694,9
19697,2
19700,8
19704,0
19707,3
19712,1
19713,25
19714,0
19715,2
19717,3
19719,32
19723,25
19730,0
19731,0
19732,7
19733,0
19734,23
19735,35
19736,22
19738,8
19745,14
19746,0
19750,3
19751,3
19756,40
19757,1
19768,18
19770,-6
19771,3
19773,0
19774,0
19778,9
19779,24
19780,-7
19782,-6
19783,1
19787,41
19791,24
19793,28
19799,2
19806,122
19809,182
19811,0
19814,0
19815,6
19819,73
19821,0
19824,2
19830,-1
19831,0
19837,0
19841,1
19842,0
19843,1
19845,1
19850,0
19855,12
19859,1
19862,0
19864,19
19865,59
19866,210
19867,14
19869,0
19870,32
19882,0
19883,12
19884,8
19885,1
19886,0
19889,58
19893,0
19895,44
19896,32
19899,6
19900,20
19906,2
19909,250
19910,78
19915,5
19918,0
19919,6
19923,1
19934,17
19938,18
19944,1
19946,0
19947,0
19948,-1
19949,1
19956,14
19957,-3
19959,54
19964,35
19966,2
19968,2
19969,8
19976,3
19991,5
19992,0
19993,51
19995,-1
19996,2
19997,1
19999,2
20002,0
20005,0
20006,-2
20008,14
20016,0
20018,20
20019,11
20021,8
20025,6
20027,1
20030,53
20031,13
20033,14
20034,4
20035,1
20036,193
20038,45
20042,6
20043,19
20045,0
20046,3
20050,4
20054,0
20055,0
20057,4
20059,0
20061,3
20062,5
20064,10
20065,1
20069,-1
20070,0
20071,0
20075,6
20078,4
20087,7
20094,0
20096,2
20097,48
20098,26
20099,8
20107,0
20109,31
20111,0
20114,0
20120,2
20122,4
20123,0
20130,20
20132,98
20133,29
20136,2
20137,16
20138,41
20139,0
20140,0
20159,0
20160,2
20162,3
20164,0
20166,12
20167,0
20172,4
20181,2
20185,0
20189,0
20194,0
20199,5
20200,76
20201,0
20202,52
20205,12
20212,6
20218,0
20227,10
20229,20
20232,390
20234,5
20236,39
20237,26
20239,13
20240,1
20242,1
20244,0
20249,0
20250,23
20251,1
20252,3
20253,17
20254,2
20259,0
20261,236
20262,11
20263,31
20269,0
20270,0
20275,24
20276,0
20280,0
20282,0
20283,7
20286,18
20292,24
20295,52
20297,76
20298,7
20300,11
20301,78
20302,6
20304,2
20307,0
20315,2
20321,2
20326,0
20327,57
20335,3
20337,10
20338,16
20341,11
20345,13
20346,3
20349,11
20350,-8
20356,0
20357,28
20360,6
20361,7
20362,15
20363,11
20369,0
20386,4
20389,0
20393,0
20395,20
20403,0
20408,8
20412,59
20420,0
20422,0
20423,49
20424,0
20425,9
20427,13
20430,23
20431,0
20440,4
20441,27
20445,7
20448,40
20449,-9
20450,-2
20452,1
20455,6
20457,27
20463,0
20466,1
20467,1
20468,5
20469,76
20471,40
20476,13
20477,13
20481,12
20484,1
20490,6
20500,4
20503,1
20510,1
20511,0
20513,0
20514,1
20516,0
20517,5
20518,0
20520,18
20523,45
20524,-2
20525,22
20528,107
20532,0
20534,33
20540,1
20541,13
20542,1
20547,1
20549,8
20550,2
20551,100
20560,11
20563,12
20566,39
20575,8
20581,0
20582,40
20593,1
20597,42
20600,2
20601,11
20602,2
20608,0
20613,6
20614,0
20615,14
20617,4
20622,30
20624,4
20629,121
20631,17
20637,1
20640,0
20643,2
20646,14
20647,0
20649,9
20651,1
20653,10
20668,0
20669,0
20680,1
20684,13
20687,243
20689,10
20690,0
20691,1
20698,0
20700,3
20709,4
20711,6
20713,107
20715,3
20718,13
20720,1
20723,22
20724,0
20726,3
20728,36
20732,0
20734,8
20737,1
20742,0
20745,0
20747,16
20748,1
20749,3
20755,11
20758,0
20766,0
20769,1
20770,0
20780,1
20781,1
20783,6
20785,2
20786,204
20794,0
20795,13
20796,0
20802,1
20803,16
20805,0
20815,13
20817,1
20818,19
20820,-1
20821,1
20833,8
20836,1
20837,10
20838,1
20839,1
20847,11
20853,2
20859,3
20865,4
20866,15
20867,0
20872,-3
20880,126
20890,1
20896,11
20898,1
20901,0
20904,0
20908,1
20912,0
20914,17
20917,16
20919,23
20923,0
20926,9
20927,-1
20928,3
20931,1
20934,11
20936,1
20937,1
20938,4
20939,-4
20941,0
20946,0
20948,0
20952,6
20953,0
20955,4
20956,24
20960,68
20963,9
20964,16
20966,9
20967,2
20969,16
20971,0
20972,5
20973,10
20974,0
20976,16
20978,2
20981,1
20983,9
20986,-2
20990,1
20992,20
20995,33
20996,19
21003,2
21005,3
21007,0
21008,1
21020,2
21021,0
21026,8
21027,2
21034,6
21036,15
21039,0
21046,0
21047,18
21048,0
21051,34
21053,17
21055,1
21057,2
21058,13
21060,2
21066,1
21069,49
21071,3
21075,0
21077,1
21079,4
21081,1
21082,0
21085,18
21089,0
21100,0
21102,43
21107,4
21109,16
21110,30
21113,21
21114,21
21115,0
21118,0
21119,37
21127,1
21129,4
21131,17
21134,91
21143,2
21146,9
21152,64
21156,3
21159,7
21163,26
21165,0
21168,1
21169,13
21184,18
21185,34
21186,0
21187,26
21190,0
21192,7
21196,4
21200,1
21202,2
21204,20
21214,8
21216,0
21217,7
21220,45
21222,7
21226,13
21227,21
21230,7
21231,15
21232,2
21233,13
21236,7
21239,24
21245,8
21246,7
21247,9
21249,8
21251,0
21257,13
21259,10
21260,1
21263,13
21265,4
21266,12
21269,3
21271,45
21272,15
21276,1
21278,13
21280,0
21281,0
21282,12
21283,39
21286,0
21287,10
21289,14
21290,3
21293,7
21295,11
21297,14
21298,1
21299,0
21300,10
21301,9
21302,10
21312,4
21315,2
21324,14
21325,12
21326,1
21327,13
21332,0
21337,18
21338,0
21340,-9
21342,0
21347,10
21350,33
21351,53
21352,0
21353,2
21358,1
21361,1
21363,27
21364,25
21366,11
21368,11
21369,13
21370,0
21371,0
21374,33
21375,-1
21384,0
21385,16
21386,25
21387,12
21392,0
21394,14
21397,-1
21398,0
21399,1
21402,14
21403,0
21408,1
21409,9
21410,0
21412,14
21415,11
21416,0
21422,12
21428,54
21432,2
21436,1
21439,5
21443,0
21446,14
21448,69
21453,9
21455,3
21463,106
21466,25
21468,0
21471,2
21472,19
21473,0
21475,18
21476,1
21477,2
21479,14
21481,0
21482,29
21483,0
21486,14
21487,14
21489,22
21490,4
21497,14
21498,33
21499,2
21500,12
21504,9
21505,23
21506,2
21507,10
21513,5
21514,4
21515,11
21517,12
21518,2
21519,2
21520,12
21523,11
21524,14
21525,6
21526,0
21527,0
21529,11
21531,9
21532,32
21533,47
21535,12
21536,8
21541,0
21542,11
21554,0
21557,8
21558,8
21562,7
21563,7
21566,13
21567,11
21569,13
21571,0
21577,10
21581,7
21583,9
21584,7
21585,8
21586,8
21591,8
21592,11
21594,9
21597,10
21598,8
21601,2
21602,9
21605,1
21608,6
21609,6
21611,8
21613,8
21614,9
21615,9
21623,12
21624,6
21625,8
21626,10
21630,5
21631,8
21634,8
21636,8
21640,8
21641,45
21642,0
21644,10
21646,9
21647,10
21649,0
21652,0
21655,10
21657,0
21659,12
21660,0
21661,12
21662,10
21664,8
21667,13
21670,10
21671,1
21675,0
21676,12
21677,0
21678,10
21680,1
21682,9
21683,16
21689,12
21690,11
21693,13
21694,14
21695,1
21696,13
21697,12
21698,10
21699,12
21704,27
21705,9
21706,10
21707,-4
21708,10
21709,10
21712,0
21713,8
21715,8
21716,3
21722,20
21724,12
21729,0
21731,0
21733,2
21734,8
21735,0
21737,0
21740,10
21741,2
21742,0
21743,4
21744,8
21747,8
21748,72
21749,10
21750,16
21753,4
21760,5
21762,9
21763,10
21764,8
21767,11
21768,8
21769,0
21770,7
21773,9
21774,3
21775,12
21778,10
21779,13
21782,1
21783,2
21788,30
21789,8
21790,9
21791,9
21792,0
21796,5
21797,5
21800,17
21801,1
21802,4
21803,1
21804,0
21805,1
21806,1
21807,10
21808,7
21809,7
21811,7
21812,29
21813,10
21815,10
21816,0
21817,3
21819,-2
21820,6
21824,7
21826,14
21827,8
21828,6
21832,9
21834,7
21836,6
21837,7
21838,10
21839,6
21840,7
21841,-5
21842,10
21843,9
21844,16
21845,7
21846,8
21847,9
21848,3
21849,26
21856,0
21857,9
21858,0
21863,9
21866,1
21868,3
21871,7
21874,0
21875,10
21878,2
21880,9
21881,9
21882,0
21883,10
21884,9
21887,21
21889,10
21891,8
21894,0
21895,11
21898,5
21902,10
21903,10
21904,0
21909,8
21910,0
21912,19
21914,8
21915,12
21916,1
21917,47
21921,7
21922,9
21926,9
21928,18
21929,9
21932,9
21933,14
21934,8
21936,8
21938,0
21939,9
21940,8
21943,11
21945,35
21947,0
21954,1
21956,5
21957,9
21958,1
21959,6
21971,0
21976,23
21980,6
21984,8
21989,0
21993,0
21997,0
21999,6
22003,10
22009,10
22011,1
22013,11
22014,20
22017,0
22019,6
22020,9
22022,8
22024,10
22026,0
22027,18
22029,6
22030,16
22031,4
22032,8
22035,2
22036,1
22038,11
22044,8
22048,9
22049,-1
22053,11
22055,8
22056,8
22060,0
22061,11
22063,1
22066,9
22068,0
22079,0
22081,7
22083,7
22086,9
22089,0
22091,7
22092,9
22094,9
22095,8
22100,12
22103,26
22106,2
22109,8
22113,1
22114,4
22115,8
22121,8
22124,10
22126,0
22128,8
22129,11
22131,6
22132,8
22138,11
22141,6
22142,0
22143,7
22144,9
22145,-1
22147,9
22149,7
22151,7
22154,8
22155,9
22156,9
22161,8
22166,1
22169,9
22172,8
22173,7
22174,7
22176,7
22178,6
22179,10
22181,8
22182,8
22184,15
22186,2
22187,10
22189,7
22190,9
22191,23
22192,0
22193,0
22195,9
22196,8
22197,8
22198,9
22200,8
22204,5
22205,8
22207,10
22209,9
22213,9
22215,0
22217,8
22218,0
22219,7
22220,7
22224,7
22232,8
22233,7
22235,8
22237,0
22239,2
22245,7
22248,1
22249,1
22251,3
22252,5
22253,4
22257,12
22258,4
22261,5
22268,12
22269,5
22270,0
22273,5
22275,3
22277,0
22283,0
22285,0
22290,3
22291,3
22293,0
22294,0
22296,2
22297,3
22298,0
22300,3
22301,2
22304,4
22308,0
22309,0
22314,0
